ISO-10303-21;
HEADER;
/* Generated by software containing ST-Developer
 * from STEP Tools, Inc. (www.steptools.com) 
 */

FILE_DESCRIPTION(
/* description */ (''),
/* implementation_level */ '2;1');

FILE_NAME(
/* name */ 'tamaki_bottom.step',
/* time_stamp */ '2025-08-25T10:19:40-05:00',
/* author */ (''),
/* organization */ (''),
/* preprocessor_version */ 'ST-DEVELOPER v20.1',
/* originating_system */ 'Autodesk Translation Framework v14.10.0.0',
/* authorisation */ '');

FILE_SCHEMA (('AUTOMOTIVE_DESIGN { 1 0 10303 214 3 1 1 }'));
ENDSEC;

DATA;
#10=MECHANICAL_DESIGN_GEOMETRIC_PRESENTATION_REPRESENTATION('',(#18,#19,
#20),#12867);
#11=ITEM_DEFINED_TRANSFORMATION($,$,#6265,#6488);
#12=(
REPRESENTATION_RELATIONSHIP($,$,#12877,#12876)
REPRESENTATION_RELATIONSHIP_WITH_TRANSFORMATION(#11)
SHAPE_REPRESENTATION_RELATIONSHIP()
);
#13=CONTEXT_DEPENDENT_SHAPE_REPRESENTATION(#12,#12875);
#14=NEXT_ASSEMBLY_USAGE_OCCURRENCE('Tamaki:1','Tamaki:1','Tamaki:1',#12879,
#12880,'Tamaki:1');
#15=SHAPE_REPRESENTATION_RELATIONSHIP('SRR','None',#12877,#16);
#16=ADVANCED_BREP_SHAPE_REPRESENTATION('',(#17),#12866);
#17=MANIFOLD_SOLID_BREP('Body1',#6263);
#18=STYLED_ITEM('',(#12896),#6243);
#19=STYLED_ITEM('',(#12897),#6246);
#20=STYLED_ITEM('',(#12895),#17);
#21=CYLINDRICAL_SURFACE('',#6448,5.);
#22=CYLINDRICAL_SURFACE('',#6459,5.);
#23=CYLINDRICAL_SURFACE('',#6461,5.);
#24=CYLINDRICAL_SURFACE('',#6462,5.);
#25=CYLINDRICAL_SURFACE('',#6465,3.);
#26=CYLINDRICAL_SURFACE('',#6467,3.);
#27=CYLINDRICAL_SURFACE('',#6469,2.99999999999999);
#28=CYLINDRICAL_SURFACE('',#6471,3.00000000000001);
#29=CYLINDRICAL_SURFACE('',#6476,1.7);
#30=CYLINDRICAL_SURFACE('',#6479,1.7);
#31=CYLINDRICAL_SURFACE('',#6482,1.7);
#32=CYLINDRICAL_SURFACE('',#6485,1.7);
#33=FACE_BOUND('',#1855,.T.);
#34=FACE_BOUND('',#1856,.T.);
#35=FACE_BOUND('',#1857,.T.);
#36=FACE_BOUND('',#1858,.T.);
#37=FACE_BOUND('',#2159,.T.);
#38=FACE_BOUND('',#2160,.T.);
#39=FACE_BOUND('',#2161,.T.);
#40=FACE_BOUND('',#2162,.T.);
#41=FACE_BOUND('',#2168,.T.);
#42=FACE_BOUND('',#2169,.T.);
#43=FACE_BOUND('',#2170,.T.);
#44=FACE_BOUND('',#2171,.T.);
#45=FACE_BOUND('',#2172,.T.);
#46=FACE_BOUND('',#2173,.T.);
#47=FACE_BOUND('',#2174,.T.);
#48=FACE_BOUND('',#2175,.T.);
#49=FACE_BOUND('',#2176,.T.);
#50=FACE_BOUND('',#2177,.T.);
#51=FACE_BOUND('',#2178,.T.);
#52=FACE_BOUND('',#2179,.T.);
#53=FACE_BOUND('',#2180,.T.);
#54=FACE_BOUND('',#2181,.T.);
#55=FACE_BOUND('',#2182,.T.);
#56=FACE_BOUND('',#2183,.T.);
#57=FACE_BOUND('',#2184,.T.);
#58=FACE_BOUND('',#2185,.T.);
#59=FACE_BOUND('',#2192,.T.);
#60=FACE_BOUND('',#2197,.T.);
#61=FACE_BOUND('',#2200,.T.);
#62=FACE_BOUND('',#2203,.T.);
#63=FACE_BOUND('',#2206,.T.);
#64=CIRCLE('',#6270,5.);
#65=CIRCLE('',#6271,5.);
#66=CIRCLE('',#6272,5.);
#67=CIRCLE('',#6273,5.);
#68=CIRCLE('',#6274,1.7);
#69=CIRCLE('',#6275,1.7);
#70=CIRCLE('',#6276,1.7);
#71=CIRCLE('',#6277,1.7);
#72=CIRCLE('',#6449,5.);
#73=CIRCLE('',#6452,5.);
#74=CIRCLE('',#6453,5.);
#75=CIRCLE('',#6454,5.);
#76=CIRCLE('',#6455,2.99999999999999);
#77=CIRCLE('',#6456,3.);
#78=CIRCLE('',#6457,3.);
#79=CIRCLE('',#6458,3.00000000000001);
#80=CIRCLE('',#6466,3.);
#81=CIRCLE('',#6468,3.);
#82=CIRCLE('',#6470,2.99999999999999);
#83=CIRCLE('',#6472,3.00000000000001);
#84=CIRCLE('',#6477,1.7);
#85=CIRCLE('',#6480,1.7);
#86=CIRCLE('',#6483,1.7);
#87=CIRCLE('',#6486,1.7);
#88=LINE('',#7633,#712);
#89=LINE('',#7635,#713);
#90=LINE('',#7636,#714);
#91=LINE('',#7705,#715);
#92=LINE('',#7707,#716);
#93=LINE('',#7708,#717);
#94=LINE('',#7710,#718);
#95=LINE('',#7712,#719);
#96=LINE('',#7714,#720);
#97=LINE('',#7716,#721);
#98=LINE('',#7718,#722);
#99=LINE('',#7719,#723);
#100=LINE('',#7722,#724);
#101=LINE('',#7726,#725);
#102=LINE('',#7730,#726);
#103=LINE('',#7734,#727);
#104=LINE('',#7737,#728);
#105=LINE('',#7739,#729);
#106=LINE('',#7741,#730);
#107=LINE('',#7742,#731);
#108=LINE('',#7752,#732);
#109=LINE('',#7756,#733);
#110=LINE('',#7758,#734);
#111=LINE('',#7760,#735);
#112=LINE('',#7761,#736);
#113=LINE('',#7765,#737);
#114=LINE('',#7767,#738);
#115=LINE('',#7769,#739);
#116=LINE('',#7770,#740);
#117=LINE('',#7773,#741);
#118=LINE('',#7775,#742);
#119=LINE('',#7776,#743);
#120=LINE('',#7779,#744);
#121=LINE('',#7781,#745);
#122=LINE('',#7782,#746);
#123=LINE('',#7785,#747);
#124=LINE('',#7787,#748);
#125=LINE('',#7788,#749);
#126=LINE('',#7791,#750);
#127=LINE('',#7793,#751);
#128=LINE('',#7794,#752);
#129=LINE('',#7796,#753);
#130=LINE('',#7797,#754);
#131=LINE('',#7828,#755);
#132=LINE('',#7835,#756);
#133=LINE('',#7838,#757);
#134=LINE('',#7840,#758);
#135=LINE('',#7841,#759);
#136=LINE('',#7875,#760);
#137=LINE('',#7906,#761);
#138=LINE('',#7937,#762);
#139=LINE('',#7971,#763);
#140=LINE('',#7974,#764);
#141=LINE('',#7976,#765);
#142=LINE('',#7977,#766);
#143=LINE('',#8011,#767);
#144=LINE('',#8042,#768);
#145=LINE('',#8045,#769);
#146=LINE('',#8047,#770);
#147=LINE('',#8048,#771);
#148=LINE('',#8051,#772);
#149=LINE('',#8053,#773);
#150=LINE('',#8054,#774);
#151=LINE('',#8057,#775);
#152=LINE('',#8059,#776);
#153=LINE('',#8060,#777);
#154=LINE('',#8094,#778);
#155=LINE('',#8125,#779);
#156=LINE('',#8151,#780);
#157=LINE('',#8159,#781);
#158=LINE('',#8161,#782);
#159=LINE('',#8162,#783);
#160=LINE('',#8165,#784);
#161=LINE('',#8167,#785);
#162=LINE('',#8168,#786);
#163=LINE('',#8171,#787);
#164=LINE('',#8173,#788);
#165=LINE('',#8174,#789);
#166=LINE('',#8203,#790);
#167=LINE('',#8234,#791);
#168=LINE('',#8242,#792);
#169=LINE('',#8244,#793);
#170=LINE('',#8245,#794);
#171=LINE('',#8274,#795);
#172=LINE('',#8308,#796);
#173=LINE('',#8339,#797);
#174=LINE('',#8373,#798);
#175=LINE('',#8380,#799);
#176=LINE('',#8381,#800);
#177=LINE('',#8409,#801);
#178=LINE('',#8416,#802);
#179=LINE('',#8441,#803);
#180=LINE('',#8444,#804);
#181=LINE('',#8446,#805);
#182=LINE('',#8447,#806);
#183=LINE('',#8450,#807);
#184=LINE('',#8452,#808);
#185=LINE('',#8453,#809);
#186=LINE('',#8456,#810);
#187=LINE('',#8458,#811);
#188=LINE('',#8459,#812);
#189=LINE('',#8493,#813);
#190=LINE('',#8527,#814);
#191=LINE('',#8561,#815);
#192=LINE('',#8592,#816);
#193=LINE('',#8623,#817);
#194=LINE('',#8654,#818);
#195=LINE('',#8682,#819);
#196=LINE('',#8713,#820);
#197=LINE('',#8738,#821);
#198=LINE('',#8763,#822);
#199=LINE('',#8794,#823);
#200=LINE('',#8822,#824);
#201=LINE('',#8847,#825);
#202=LINE('',#8881,#826);
#203=LINE('',#8912,#827);
#204=LINE('',#8949,#828);
#205=LINE('',#8952,#829);
#206=LINE('',#8954,#830);
#207=LINE('',#8955,#831);
#208=LINE('',#8981,#832);
#209=LINE('',#9012,#833);
#210=LINE('',#9043,#834);
#211=LINE('',#9074,#835);
#212=LINE('',#9082,#836);
#213=LINE('',#9084,#837);
#214=LINE('',#9085,#838);
#215=LINE('',#9088,#839);
#216=LINE('',#9090,#840);
#217=LINE('',#9091,#841);
#218=LINE('',#9111,#842);
#219=LINE('',#9145,#843);
#220=LINE('',#9176,#844);
#221=LINE('',#9207,#845);
#222=LINE('',#9215,#846);
#223=LINE('',#9217,#847);
#224=LINE('',#9218,#848);
#225=LINE('',#9244,#849);
#226=LINE('',#9269,#850);
#227=LINE('',#9277,#851);
#228=LINE('',#9279,#852);
#229=LINE('',#9280,#853);
#230=LINE('',#9283,#854);
#231=LINE('',#9285,#855);
#232=LINE('',#9286,#856);
#233=LINE('',#9289,#857);
#234=LINE('',#9291,#858);
#235=LINE('',#9292,#859);
#236=LINE('',#9321,#860);
#237=LINE('',#9355,#861);
#238=LINE('',#9419,#862);
#239=LINE('',#9426,#863);
#240=LINE('',#9429,#864);
#241=LINE('',#9431,#865);
#242=LINE('',#9432,#866);
#243=LINE('',#9466,#867);
#244=LINE('',#9497,#868);
#245=LINE('',#9528,#869);
#246=LINE('',#9562,#870);
#247=LINE('',#9565,#871);
#248=LINE('',#9567,#872);
#249=LINE('',#9568,#873);
#250=LINE('',#9602,#874);
#251=LINE('',#9633,#875);
#252=LINE('',#9636,#876);
#253=LINE('',#9638,#877);
#254=LINE('',#9639,#878);
#255=LINE('',#9642,#879);
#256=LINE('',#9644,#880);
#257=LINE('',#9645,#881);
#258=LINE('',#9648,#882);
#259=LINE('',#9650,#883);
#260=LINE('',#9651,#884);
#261=LINE('',#9685,#885);
#262=LINE('',#9716,#886);
#263=LINE('',#9742,#887);
#264=LINE('',#9750,#888);
#265=LINE('',#9752,#889);
#266=LINE('',#9753,#890);
#267=LINE('',#9756,#891);
#268=LINE('',#9758,#892);
#269=LINE('',#9759,#893);
#270=LINE('',#9762,#894);
#271=LINE('',#9764,#895);
#272=LINE('',#9765,#896);
#273=LINE('',#9794,#897);
#274=LINE('',#9825,#898);
#275=LINE('',#9833,#899);
#276=LINE('',#9835,#900);
#277=LINE('',#9836,#901);
#278=LINE('',#9865,#902);
#279=LINE('',#9899,#903);
#280=LINE('',#9930,#904);
#281=LINE('',#9964,#905);
#282=LINE('',#9971,#906);
#283=LINE('',#9972,#907);
#284=LINE('',#9977,#908);
#285=LINE('',#9979,#909);
#286=LINE('',#9981,#910);
#287=LINE('',#9982,#911);
#288=LINE('',#9985,#912);
#289=LINE('',#9987,#913);
#290=LINE('',#9988,#914);
#291=LINE('',#9991,#915);
#292=LINE('',#9993,#916);
#293=LINE('',#9994,#917);
#294=LINE('',#10040,#918);
#295=LINE('',#10043,#919);
#296=LINE('',#10045,#920);
#297=LINE('',#10046,#921);
#298=LINE('',#10083,#922);
#299=LINE('',#10086,#923);
#300=LINE('',#10088,#924);
#301=LINE('',#10089,#925);
#302=LINE('',#10092,#926);
#303=LINE('',#10094,#927);
#304=LINE('',#10095,#928);
#305=LINE('',#10098,#929);
#306=LINE('',#10100,#930);
#307=LINE('',#10101,#931);
#308=LINE('',#10141,#932);
#309=LINE('',#10144,#933);
#310=LINE('',#10146,#934);
#311=LINE('',#10147,#935);
#312=LINE('',#10191,#936);
#313=LINE('',#10199,#937);
#314=LINE('',#10201,#938);
#315=LINE('',#10202,#939);
#316=LINE('',#10205,#940);
#317=LINE('',#10207,#941);
#318=LINE('',#10208,#942);
#319=LINE('',#10211,#943);
#320=LINE('',#10213,#944);
#321=LINE('',#10214,#945);
#322=LINE('',#10217,#946);
#323=LINE('',#10219,#947);
#324=LINE('',#10220,#948);
#325=LINE('',#10223,#949);
#326=LINE('',#10225,#950);
#327=LINE('',#10226,#951);
#328=LINE('',#10261,#952);
#329=LINE('',#10268,#953);
#330=LINE('',#10269,#954);
#331=LINE('',#10274,#955);
#332=LINE('',#10276,#956);
#333=LINE('',#10278,#957);
#334=LINE('',#10279,#958);
#335=LINE('',#10282,#959);
#336=LINE('',#10284,#960);
#337=LINE('',#10285,#961);
#338=LINE('',#10288,#962);
#339=LINE('',#10290,#963);
#340=LINE('',#10291,#964);
#341=LINE('',#10294,#965);
#342=LINE('',#10296,#966);
#343=LINE('',#10297,#967);
#344=LINE('',#10300,#968);
#345=LINE('',#10302,#969);
#346=LINE('',#10303,#970);
#347=LINE('',#10305,#971);
#348=LINE('',#10306,#972);
#349=LINE('',#10337,#973);
#350=LINE('',#10344,#974);
#351=LINE('',#10378,#975);
#352=LINE('',#10381,#976);
#353=LINE('',#10383,#977);
#354=LINE('',#10384,#978);
#355=LINE('',#10387,#979);
#356=LINE('',#10389,#980);
#357=LINE('',#10390,#981);
#358=LINE('',#10393,#982);
#359=LINE('',#10395,#983);
#360=LINE('',#10396,#984);
#361=LINE('',#10399,#985);
#362=LINE('',#10401,#986);
#363=LINE('',#10402,#987);
#364=LINE('',#10405,#988);
#365=LINE('',#10407,#989);
#366=LINE('',#10408,#990);
#367=LINE('',#10411,#991);
#368=LINE('',#10413,#992);
#369=LINE('',#10414,#993);
#370=LINE('',#10417,#994);
#371=LINE('',#10419,#995);
#372=LINE('',#10420,#996);
#373=LINE('',#10423,#997);
#374=LINE('',#10425,#998);
#375=LINE('',#10426,#999);
#376=LINE('',#10452,#1000);
#377=LINE('',#10486,#1001);
#378=LINE('',#10493,#1002);
#379=LINE('',#10494,#1003);
#380=LINE('',#10499,#1004);
#381=LINE('',#10501,#1005);
#382=LINE('',#10503,#1006);
#383=LINE('',#10504,#1007);
#384=LINE('',#10507,#1008);
#385=LINE('',#10509,#1009);
#386=LINE('',#10510,#1010);
#387=LINE('',#10513,#1011);
#388=LINE('',#10515,#1012);
#389=LINE('',#10516,#1013);
#390=LINE('',#10518,#1014);
#391=LINE('',#10519,#1015);
#392=LINE('',#10553,#1016);
#393=LINE('',#10560,#1017);
#394=LINE('',#10563,#1018);
#395=LINE('',#10565,#1019);
#396=LINE('',#10566,#1020);
#397=LINE('',#10600,#1021);
#398=LINE('',#10602,#1022);
#399=LINE('',#10603,#1023);
#400=LINE('',#10608,#1024);
#401=LINE('',#10610,#1025);
#402=LINE('',#10612,#1026);
#403=LINE('',#10613,#1027);
#404=LINE('',#10616,#1028);
#405=LINE('',#10618,#1029);
#406=LINE('',#10619,#1030);
#407=LINE('',#10622,#1031);
#408=LINE('',#10624,#1032);
#409=LINE('',#10625,#1033);
#410=LINE('',#10628,#1034);
#411=LINE('',#10630,#1035);
#412=LINE('',#10631,#1036);
#413=LINE('',#10634,#1037);
#414=LINE('',#10636,#1038);
#415=LINE('',#10637,#1039);
#416=LINE('',#10640,#1040);
#417=LINE('',#10642,#1041);
#418=LINE('',#10643,#1042);
#419=LINE('',#10646,#1043);
#420=LINE('',#10648,#1044);
#421=LINE('',#10649,#1045);
#422=LINE('',#10652,#1046);
#423=LINE('',#10654,#1047);
#424=LINE('',#10655,#1048);
#425=LINE('',#10658,#1049);
#426=LINE('',#10660,#1050);
#427=LINE('',#10661,#1051);
#428=LINE('',#10664,#1052);
#429=LINE('',#10666,#1053);
#430=LINE('',#10667,#1054);
#431=LINE('',#10670,#1055);
#432=LINE('',#10672,#1056);
#433=LINE('',#10673,#1057);
#434=LINE('',#10676,#1058);
#435=LINE('',#10678,#1059);
#436=LINE('',#10679,#1060);
#437=LINE('',#10682,#1061);
#438=LINE('',#10684,#1062);
#439=LINE('',#10685,#1063);
#440=LINE('',#10688,#1064);
#441=LINE('',#10690,#1065);
#442=LINE('',#10691,#1066);
#443=LINE('',#10694,#1067);
#444=LINE('',#10696,#1068);
#445=LINE('',#10697,#1069);
#446=LINE('',#10700,#1070);
#447=LINE('',#10702,#1071);
#448=LINE('',#10703,#1072);
#449=LINE('',#10706,#1073);
#450=LINE('',#10708,#1074);
#451=LINE('',#10709,#1075);
#452=LINE('',#10712,#1076);
#453=LINE('',#10714,#1077);
#454=LINE('',#10715,#1078);
#455=LINE('',#10718,#1079);
#456=LINE('',#10720,#1080);
#457=LINE('',#10721,#1081);
#458=LINE('',#10723,#1082);
#459=LINE('',#10724,#1083);
#460=LINE('',#10729,#1084);
#461=LINE('',#10731,#1085);
#462=LINE('',#10733,#1086);
#463=LINE('',#10734,#1087);
#464=LINE('',#10737,#1088);
#465=LINE('',#10739,#1089);
#466=LINE('',#10740,#1090);
#467=LINE('',#10743,#1091);
#468=LINE('',#10745,#1092);
#469=LINE('',#10746,#1093);
#470=LINE('',#10748,#1094);
#471=LINE('',#10749,#1095);
#472=LINE('',#10780,#1096);
#473=LINE('',#10787,#1097);
#474=LINE('',#10790,#1098);
#475=LINE('',#10792,#1099);
#476=LINE('',#10793,#1100);
#477=LINE('',#10796,#1101);
#478=LINE('',#10798,#1102);
#479=LINE('',#10799,#1103);
#480=LINE('',#10802,#1104);
#481=LINE('',#10804,#1105);
#482=LINE('',#10805,#1106);
#483=LINE('',#10836,#1107);
#484=LINE('',#10867,#1108);
#485=LINE('',#10870,#1109);
#486=LINE('',#10872,#1110);
#487=LINE('',#10873,#1111);
#488=LINE('',#10893,#1112);
#489=LINE('',#10901,#1113);
#490=LINE('',#10903,#1114);
#491=LINE('',#10904,#1115);
#492=LINE('',#10907,#1116);
#493=LINE('',#10909,#1117);
#494=LINE('',#10910,#1118);
#495=LINE('',#10913,#1119);
#496=LINE('',#10915,#1120);
#497=LINE('',#10916,#1121);
#498=LINE('',#10918,#1122);
#499=LINE('',#10919,#1123);
#500=LINE('',#10924,#1124);
#501=LINE('',#10926,#1125);
#502=LINE('',#10928,#1126);
#503=LINE('',#10929,#1127);
#504=LINE('',#10932,#1128);
#505=LINE('',#10934,#1129);
#506=LINE('',#10935,#1130);
#507=LINE('',#10938,#1131);
#508=LINE('',#10940,#1132);
#509=LINE('',#10941,#1133);
#510=LINE('',#10943,#1134);
#511=LINE('',#10944,#1135);
#512=LINE('',#10972,#1136);
#513=LINE('',#10979,#1137);
#514=LINE('',#11013,#1138);
#515=LINE('',#11047,#1139);
#516=LINE('',#11050,#1140);
#517=LINE('',#11052,#1141);
#518=LINE('',#11053,#1142);
#519=LINE('',#11090,#1143);
#520=LINE('',#11121,#1144);
#521=LINE('',#11124,#1145);
#522=LINE('',#11126,#1146);
#523=LINE('',#11127,#1147);
#524=LINE('',#11130,#1148);
#525=LINE('',#11132,#1149);
#526=LINE('',#11133,#1150);
#527=LINE('',#11136,#1151);
#528=LINE('',#11138,#1152);
#529=LINE('',#11139,#1153);
#530=LINE('',#11170,#1154);
#531=LINE('',#11204,#1155);
#532=LINE('',#11207,#1156);
#533=LINE('',#11209,#1157);
#534=LINE('',#11210,#1158);
#535=LINE('',#11236,#1159);
#536=LINE('',#11244,#1160);
#537=LINE('',#11246,#1161);
#538=LINE('',#11247,#1162);
#539=LINE('',#11279,#1163);
#540=LINE('',#11310,#1164);
#541=LINE('',#11318,#1165);
#542=LINE('',#11320,#1166);
#543=LINE('',#11321,#1167);
#544=LINE('',#11324,#1168);
#545=LINE('',#11326,#1169);
#546=LINE('',#11327,#1170);
#547=LINE('',#11330,#1171);
#548=LINE('',#11332,#1172);
#549=LINE('',#11333,#1173);
#550=LINE('',#11362,#1174);
#551=LINE('',#11396,#1175);
#552=LINE('',#11403,#1176);
#553=LINE('',#11404,#1177);
#554=LINE('',#11432,#1178);
#555=LINE('',#11439,#1179);
#556=LINE('',#11464,#1180);
#557=LINE('',#11489,#1181);
#558=LINE('',#11520,#1182);
#559=LINE('',#11523,#1183);
#560=LINE('',#11525,#1184);
#561=LINE('',#11526,#1185);
#562=LINE('',#11563,#1186);
#563=LINE('',#11594,#1187);
#564=LINE('',#11597,#1188);
#565=LINE('',#11599,#1189);
#566=LINE('',#11600,#1190);
#567=LINE('',#11603,#1191);
#568=LINE('',#11605,#1192);
#569=LINE('',#11606,#1193);
#570=LINE('',#11609,#1194);
#571=LINE('',#11611,#1195);
#572=LINE('',#11612,#1196);
#573=LINE('',#11643,#1197);
#574=LINE('',#11677,#1198);
#575=LINE('',#11680,#1199);
#576=LINE('',#11682,#1200);
#577=LINE('',#11683,#1201);
#578=LINE('',#11686,#1202);
#579=LINE('',#11688,#1203);
#580=LINE('',#11689,#1204);
#581=LINE('',#11720,#1205);
#582=LINE('',#11751,#1206);
#583=LINE('',#11782,#1207);
#584=LINE('',#11813,#1208);
#585=LINE('',#11816,#1209);
#586=LINE('',#11818,#1210);
#587=LINE('',#11819,#1211);
#588=LINE('',#11848,#1212);
#589=LINE('',#11879,#1213);
#590=LINE('',#11910,#1214);
#591=LINE('',#11941,#1215);
#592=LINE('',#11969,#1216);
#593=LINE('',#12000,#1217);
#594=LINE('',#12031,#1218);
#595=LINE('',#12056,#1219);
#596=LINE('',#12087,#1220);
#597=LINE('',#12095,#1221);
#598=LINE('',#12097,#1222);
#599=LINE('',#12098,#1223);
#600=LINE('',#12127,#1224);
#601=LINE('',#12158,#1225);
#602=LINE('',#12166,#1226);
#603=LINE('',#12168,#1227);
#604=LINE('',#12169,#1228);
#605=LINE('',#12172,#1229);
#606=LINE('',#12174,#1230);
#607=LINE('',#12175,#1231);
#608=LINE('',#12178,#1232);
#609=LINE('',#12180,#1233);
#610=LINE('',#12181,#1234);
#611=LINE('',#12207,#1235);
#612=LINE('',#12241,#1236);
#613=LINE('',#12248,#1237);
#614=LINE('',#12249,#1238);
#615=LINE('',#12277,#1239);
#616=LINE('',#12284,#1240);
#617=LINE('',#12318,#1241);
#618=LINE('',#12352,#1242);
#619=LINE('',#12355,#1243);
#620=LINE('',#12357,#1244);
#621=LINE('',#12358,#1245);
#622=LINE('',#12395,#1246);
#623=LINE('',#12426,#1247);
#624=LINE('',#12429,#1248);
#625=LINE('',#12431,#1249);
#626=LINE('',#12432,#1250);
#627=LINE('',#12435,#1251);
#628=LINE('',#12437,#1252);
#629=LINE('',#12438,#1253);
#630=LINE('',#12441,#1254);
#631=LINE('',#12443,#1255);
#632=LINE('',#12444,#1256);
#633=LINE('',#12475,#1257);
#634=LINE('',#12509,#1258);
#635=LINE('',#12512,#1259);
#636=LINE('',#12514,#1260);
#637=LINE('',#12515,#1261);
#638=LINE('',#12541,#1262);
#639=LINE('',#12549,#1263);
#640=LINE('',#12551,#1264);
#641=LINE('',#12552,#1265);
#642=LINE('',#12584,#1266);
#643=LINE('',#12615,#1267);
#644=LINE('',#12623,#1268);
#645=LINE('',#12625,#1269);
#646=LINE('',#12626,#1270);
#647=LINE('',#12629,#1271);
#648=LINE('',#12631,#1272);
#649=LINE('',#12632,#1273);
#650=LINE('',#12635,#1274);
#651=LINE('',#12637,#1275);
#652=LINE('',#12638,#1276);
#653=LINE('',#12667,#1277);
#654=LINE('',#12701,#1278);
#655=LINE('',#12708,#1279);
#656=LINE('',#12709,#1280);
#657=LINE('',#12714,#1281);
#658=LINE('',#12716,#1282);
#659=LINE('',#12718,#1283);
#660=LINE('',#12719,#1284);
#661=LINE('',#12722,#1285);
#662=LINE('',#12724,#1286);
#663=LINE('',#12725,#1287);
#664=LINE('',#12728,#1288);
#665=LINE('',#12730,#1289);
#666=LINE('',#12731,#1290);
#667=LINE('',#12733,#1291);
#668=LINE('',#12734,#1292);
#669=LINE('',#12739,#1293);
#670=LINE('',#12741,#1294);
#671=LINE('',#12743,#1295);
#672=LINE('',#12744,#1296);
#673=LINE('',#12747,#1297);
#674=LINE('',#12749,#1298);
#675=LINE('',#12750,#1299);
#676=LINE('',#12753,#1300);
#677=LINE('',#12755,#1301);
#678=LINE('',#12756,#1302);
#679=LINE('',#12759,#1303);
#680=LINE('',#12761,#1304);
#681=LINE('',#12762,#1305);
#682=LINE('',#12765,#1306);
#683=LINE('',#12767,#1307);
#684=LINE('',#12768,#1308);
#685=LINE('',#12770,#1309);
#686=LINE('',#12771,#1310);
#687=LINE('',#12775,#1311);
#688=LINE('',#12777,#1312);
#689=LINE('',#12778,#1313);
#690=LINE('',#12782,#1314);
#691=LINE('',#12785,#1315);
#692=LINE('',#12786,#1316);
#693=LINE('',#12791,#1317);
#694=LINE('',#12795,#1318);
#695=LINE('',#12806,#1319);
#696=LINE('',#12808,#1320);
#697=LINE('',#12810,#1321);
#698=LINE('',#12812,#1322);
#699=LINE('',#12816,#1323);
#700=LINE('',#12817,#1324);
#701=LINE('',#12818,#1325);
#702=LINE('',#12820,#1326);
#703=LINE('',#12824,#1327);
#704=LINE('',#12828,#1328);
#705=LINE('',#12832,#1329);
#706=LINE('',#12836,#1330);
#707=LINE('',#12838,#1331);
#708=LINE('',#12843,#1332);
#709=LINE('',#12848,#1333);
#710=LINE('',#12853,#1334);
#711=LINE('',#12858,#1335);
#712=VECTOR('',#6495,10.);
#713=VECTOR('',#6496,10.);
#714=VECTOR('',#6497,10.);
#715=VECTOR('',#6500,10.);
#716=VECTOR('',#6501,10.);
#717=VECTOR('',#6502,10.);
#718=VECTOR('',#6505,10.);
#719=VECTOR('',#6506,10.);
#720=VECTOR('',#6507,10.);
#721=VECTOR('',#6508,10.);
#722=VECTOR('',#6509,10.);
#723=VECTOR('',#6510,10.);
#724=VECTOR('',#6513,10.);
#725=VECTOR('',#6516,10.);
#726=VECTOR('',#6519,10.);
#727=VECTOR('',#6522,10.);
#728=VECTOR('',#6525,10.);
#729=VECTOR('',#6526,10.);
#730=VECTOR('',#6527,10.);
#731=VECTOR('',#6528,10.);
#732=VECTOR('',#6539,10.);
#733=VECTOR('',#6542,10.);
#734=VECTOR('',#6543,10.);
#735=VECTOR('',#6544,10.);
#736=VECTOR('',#6545,10.);
#737=VECTOR('',#6548,10.);
#738=VECTOR('',#6549,10.);
#739=VECTOR('',#6550,10.);
#740=VECTOR('',#6551,10.);
#741=VECTOR('',#6554,10.);
#742=VECTOR('',#6555,10.);
#743=VECTOR('',#6556,10.);
#744=VECTOR('',#6559,10.);
#745=VECTOR('',#6560,10.);
#746=VECTOR('',#6561,10.);
#747=VECTOR('',#6564,10.);
#748=VECTOR('',#6565,10.);
#749=VECTOR('',#6566,10.);
#750=VECTOR('',#6569,10.);
#751=VECTOR('',#6570,10.);
#752=VECTOR('',#6571,10.);
#753=VECTOR('',#6574,10.);
#754=VECTOR('',#6575,10.);
#755=VECTOR('',#6578,10.);
#756=VECTOR('',#6579,10.);
#757=VECTOR('',#6582,10.);
#758=VECTOR('',#6583,10.);
#759=VECTOR('',#6584,10.);
#760=VECTOR('',#6585,10.);
#761=VECTOR('',#6586,10.);
#762=VECTOR('',#6587,10.);
#763=VECTOR('',#6588,10.);
#764=VECTOR('',#6591,10.);
#765=VECTOR('',#6592,10.);
#766=VECTOR('',#6593,10.);
#767=VECTOR('',#6594,10.);
#768=VECTOR('',#6595,10.);
#769=VECTOR('',#6598,10.);
#770=VECTOR('',#6599,10.);
#771=VECTOR('',#6600,10.);
#772=VECTOR('',#6603,10.);
#773=VECTOR('',#6604,10.);
#774=VECTOR('',#6605,10.);
#775=VECTOR('',#6608,10.);
#776=VECTOR('',#6609,10.);
#777=VECTOR('',#6610,10.);
#778=VECTOR('',#6611,10.);
#779=VECTOR('',#6612,10.);
#780=VECTOR('',#6613,10.);
#781=VECTOR('',#6616,10.);
#782=VECTOR('',#6617,10.);
#783=VECTOR('',#6618,10.);
#784=VECTOR('',#6621,10.);
#785=VECTOR('',#6622,10.);
#786=VECTOR('',#6623,10.);
#787=VECTOR('',#6626,10.);
#788=VECTOR('',#6627,10.);
#789=VECTOR('',#6628,10.);
#790=VECTOR('',#6629,10.);
#791=VECTOR('',#6630,10.);
#792=VECTOR('',#6633,10.);
#793=VECTOR('',#6634,10.);
#794=VECTOR('',#6635,10.);
#795=VECTOR('',#6636,10.);
#796=VECTOR('',#6637,10.);
#797=VECTOR('',#6638,10.);
#798=VECTOR('',#6639,10.);
#799=VECTOR('',#6642,10.);
#800=VECTOR('',#6643,10.);
#801=VECTOR('',#6646,10.);
#802=VECTOR('',#6647,10.);
#803=VECTOR('',#6648,10.);
#804=VECTOR('',#6651,10.);
#805=VECTOR('',#6652,10.);
#806=VECTOR('',#6653,10.);
#807=VECTOR('',#6656,10.);
#808=VECTOR('',#6657,10.);
#809=VECTOR('',#6658,10.);
#810=VECTOR('',#6661,10.);
#811=VECTOR('',#6662,10.);
#812=VECTOR('',#6663,10.);
#813=VECTOR('',#6664,10.);
#814=VECTOR('',#6665,10.);
#815=VECTOR('',#6666,10.);
#816=VECTOR('',#6667,10.);
#817=VECTOR('',#6668,10.);
#818=VECTOR('',#6669,10.);
#819=VECTOR('',#6670,10.);
#820=VECTOR('',#6671,10.);
#821=VECTOR('',#6672,10.);
#822=VECTOR('',#6673,10.);
#823=VECTOR('',#6674,10.);
#824=VECTOR('',#6675,10.);
#825=VECTOR('',#6676,10.);
#826=VECTOR('',#6677,10.);
#827=VECTOR('',#6678,10.);
#828=VECTOR('',#6679,10.);
#829=VECTOR('',#6682,10.);
#830=VECTOR('',#6683,10.);
#831=VECTOR('',#6684,10.);
#832=VECTOR('',#6685,10.);
#833=VECTOR('',#6686,10.);
#834=VECTOR('',#6687,10.);
#835=VECTOR('',#6688,10.);
#836=VECTOR('',#6691,10.);
#837=VECTOR('',#6692,10.);
#838=VECTOR('',#6693,10.);
#839=VECTOR('',#6696,10.);
#840=VECTOR('',#6697,10.);
#841=VECTOR('',#6698,10.);
#842=VECTOR('',#6699,10.);
#843=VECTOR('',#6700,10.);
#844=VECTOR('',#6701,10.);
#845=VECTOR('',#6702,10.);
#846=VECTOR('',#6705,10.);
#847=VECTOR('',#6706,10.);
#848=VECTOR('',#6707,10.);
#849=VECTOR('',#6708,10.);
#850=VECTOR('',#6709,10.);
#851=VECTOR('',#6712,10.);
#852=VECTOR('',#6713,10.);
#853=VECTOR('',#6714,10.);
#854=VECTOR('',#6717,10.);
#855=VECTOR('',#6718,10.);
#856=VECTOR('',#6719,10.);
#857=VECTOR('',#6722,10.);
#858=VECTOR('',#6723,10.);
#859=VECTOR('',#6724,10.);
#860=VECTOR('',#6725,10.);
#861=VECTOR('',#6726,10.);
#862=VECTOR('',#6729,10.);
#863=VECTOR('',#6730,10.);
#864=VECTOR('',#6733,10.);
#865=VECTOR('',#6734,10.);
#866=VECTOR('',#6735,10.);
#867=VECTOR('',#6736,10.);
#868=VECTOR('',#6737,10.);
#869=VECTOR('',#6738,10.);
#870=VECTOR('',#6739,10.);
#871=VECTOR('',#6742,10.);
#872=VECTOR('',#6743,10.);
#873=VECTOR('',#6744,10.);
#874=VECTOR('',#6745,10.);
#875=VECTOR('',#6746,10.);
#876=VECTOR('',#6749,10.);
#877=VECTOR('',#6750,10.);
#878=VECTOR('',#6751,10.);
#879=VECTOR('',#6754,10.);
#880=VECTOR('',#6755,10.);
#881=VECTOR('',#6756,10.);
#882=VECTOR('',#6759,10.);
#883=VECTOR('',#6760,10.);
#884=VECTOR('',#6761,10.);
#885=VECTOR('',#6762,10.);
#886=VECTOR('',#6763,10.);
#887=VECTOR('',#6764,10.);
#888=VECTOR('',#6767,10.);
#889=VECTOR('',#6768,10.);
#890=VECTOR('',#6769,10.);
#891=VECTOR('',#6772,10.);
#892=VECTOR('',#6773,10.);
#893=VECTOR('',#6774,10.);
#894=VECTOR('',#6777,10.);
#895=VECTOR('',#6778,10.);
#896=VECTOR('',#6779,10.);
#897=VECTOR('',#6780,10.);
#898=VECTOR('',#6781,10.);
#899=VECTOR('',#6784,10.);
#900=VECTOR('',#6785,10.);
#901=VECTOR('',#6786,10.);
#902=VECTOR('',#6787,10.);
#903=VECTOR('',#6788,10.);
#904=VECTOR('',#6789,10.);
#905=VECTOR('',#6790,10.);
#906=VECTOR('',#6793,10.);
#907=VECTOR('',#6794,10.);
#908=VECTOR('',#6799,10.);
#909=VECTOR('',#6800,10.);
#910=VECTOR('',#6801,10.);
#911=VECTOR('',#6802,10.);
#912=VECTOR('',#6805,10.);
#913=VECTOR('',#6806,10.);
#914=VECTOR('',#6807,10.);
#915=VECTOR('',#6810,10.);
#916=VECTOR('',#6811,10.);
#917=VECTOR('',#6812,10.);
#918=VECTOR('',#6813,10.);
#919=VECTOR('',#6816,10.);
#920=VECTOR('',#6817,10.);
#921=VECTOR('',#6818,10.);
#922=VECTOR('',#6819,10.);
#923=VECTOR('',#6822,10.);
#924=VECTOR('',#6823,10.);
#925=VECTOR('',#6824,10.);
#926=VECTOR('',#6827,10.);
#927=VECTOR('',#6828,10.);
#928=VECTOR('',#6829,10.);
#929=VECTOR('',#6832,10.);
#930=VECTOR('',#6833,10.);
#931=VECTOR('',#6834,10.);
#932=VECTOR('',#6835,10.);
#933=VECTOR('',#6838,10.);
#934=VECTOR('',#6839,10.);
#935=VECTOR('',#6840,10.);
#936=VECTOR('',#6841,10.);
#937=VECTOR('',#6844,10.);
#938=VECTOR('',#6845,10.);
#939=VECTOR('',#6846,10.);
#940=VECTOR('',#6849,10.);
#941=VECTOR('',#6850,10.);
#942=VECTOR('',#6851,10.);
#943=VECTOR('',#6854,10.);
#944=VECTOR('',#6855,10.);
#945=VECTOR('',#6856,10.);
#946=VECTOR('',#6859,10.);
#947=VECTOR('',#6860,10.);
#948=VECTOR('',#6861,10.);
#949=VECTOR('',#6864,10.);
#950=VECTOR('',#6865,10.);
#951=VECTOR('',#6866,10.);
#952=VECTOR('',#6867,10.);
#953=VECTOR('',#6870,10.);
#954=VECTOR('',#6871,10.);
#955=VECTOR('',#6876,10.);
#956=VECTOR('',#6877,10.);
#957=VECTOR('',#6878,10.);
#958=VECTOR('',#6879,10.);
#959=VECTOR('',#6882,10.);
#960=VECTOR('',#6883,10.);
#961=VECTOR('',#6884,10.);
#962=VECTOR('',#6887,10.);
#963=VECTOR('',#6888,10.);
#964=VECTOR('',#6889,10.);
#965=VECTOR('',#6892,10.);
#966=VECTOR('',#6893,10.);
#967=VECTOR('',#6894,10.);
#968=VECTOR('',#6897,10.);
#969=VECTOR('',#6898,10.);
#970=VECTOR('',#6899,10.);
#971=VECTOR('',#6902,10.);
#972=VECTOR('',#6903,10.);
#973=VECTOR('',#6906,10.);
#974=VECTOR('',#6907,10.);
#975=VECTOR('',#6908,10.);
#976=VECTOR('',#6911,10.);
#977=VECTOR('',#6912,10.);
#978=VECTOR('',#6913,10.);
#979=VECTOR('',#6916,10.);
#980=VECTOR('',#6917,10.);
#981=VECTOR('',#6918,10.);
#982=VECTOR('',#6921,10.);
#983=VECTOR('',#6922,10.);
#984=VECTOR('',#6923,10.);
#985=VECTOR('',#6926,10.);
#986=VECTOR('',#6927,10.);
#987=VECTOR('',#6928,10.);
#988=VECTOR('',#6931,10.);
#989=VECTOR('',#6932,10.);
#990=VECTOR('',#6933,10.);
#991=VECTOR('',#6936,10.);
#992=VECTOR('',#6937,10.);
#993=VECTOR('',#6938,10.);
#994=VECTOR('',#6941,10.);
#995=VECTOR('',#6942,10.);
#996=VECTOR('',#6943,10.);
#997=VECTOR('',#6946,10.);
#998=VECTOR('',#6947,10.);
#999=VECTOR('',#6948,10.);
#1000=VECTOR('',#6949,10.);
#1001=VECTOR('',#6950,10.);
#1002=VECTOR('',#6953,10.);
#1003=VECTOR('',#6954,10.);
#1004=VECTOR('',#6959,10.);
#1005=VECTOR('',#6960,10.);
#1006=VECTOR('',#6961,10.);
#1007=VECTOR('',#6962,10.);
#1008=VECTOR('',#6965,10.);
#1009=VECTOR('',#6966,10.);
#1010=VECTOR('',#6967,10.);
#1011=VECTOR('',#6970,10.);
#1012=VECTOR('',#6971,10.);
#1013=VECTOR('',#6972,10.);
#1014=VECTOR('',#6975,10.);
#1015=VECTOR('',#6976,10.);
#1016=VECTOR('',#6979,10.);
#1017=VECTOR('',#6980,10.);
#1018=VECTOR('',#6983,10.);
#1019=VECTOR('',#6984,10.);
#1020=VECTOR('',#6985,10.);
#1021=VECTOR('',#6986,10.);
#1022=VECTOR('',#6989,10.);
#1023=VECTOR('',#6990,10.);
#1024=VECTOR('',#6995,10.);
#1025=VECTOR('',#6996,10.);
#1026=VECTOR('',#6997,10.);
#1027=VECTOR('',#6998,10.);
#1028=VECTOR('',#7001,10.);
#1029=VECTOR('',#7002,10.);
#1030=VECTOR('',#7003,10.);
#1031=VECTOR('',#7006,10.);
#1032=VECTOR('',#7007,10.);
#1033=VECTOR('',#7008,10.);
#1034=VECTOR('',#7011,10.);
#1035=VECTOR('',#7012,10.);
#1036=VECTOR('',#7013,10.);
#1037=VECTOR('',#7016,10.);
#1038=VECTOR('',#7017,10.);
#1039=VECTOR('',#7018,10.);
#1040=VECTOR('',#7021,10.);
#1041=VECTOR('',#7022,10.);
#1042=VECTOR('',#7023,10.);
#1043=VECTOR('',#7026,10.);
#1044=VECTOR('',#7027,10.);
#1045=VECTOR('',#7028,10.);
#1046=VECTOR('',#7031,10.);
#1047=VECTOR('',#7032,10.);
#1048=VECTOR('',#7033,10.);
#1049=VECTOR('',#7036,10.);
#1050=VECTOR('',#7037,10.);
#1051=VECTOR('',#7038,10.);
#1052=VECTOR('',#7041,10.);
#1053=VECTOR('',#7042,10.);
#1054=VECTOR('',#7043,10.);
#1055=VECTOR('',#7046,10.);
#1056=VECTOR('',#7047,10.);
#1057=VECTOR('',#7048,10.);
#1058=VECTOR('',#7051,10.);
#1059=VECTOR('',#7052,10.);
#1060=VECTOR('',#7053,10.);
#1061=VECTOR('',#7056,10.);
#1062=VECTOR('',#7057,10.);
#1063=VECTOR('',#7058,10.);
#1064=VECTOR('',#7061,10.);
#1065=VECTOR('',#7062,10.);
#1066=VECTOR('',#7063,10.);
#1067=VECTOR('',#7066,10.);
#1068=VECTOR('',#7067,10.);
#1069=VECTOR('',#7068,10.);
#1070=VECTOR('',#7071,10.);
#1071=VECTOR('',#7072,10.);
#1072=VECTOR('',#7073,10.);
#1073=VECTOR('',#7076,10.);
#1074=VECTOR('',#7077,10.);
#1075=VECTOR('',#7078,10.);
#1076=VECTOR('',#7081,10.);
#1077=VECTOR('',#7082,10.);
#1078=VECTOR('',#7083,10.);
#1079=VECTOR('',#7086,10.);
#1080=VECTOR('',#7087,10.);
#1081=VECTOR('',#7088,10.);
#1082=VECTOR('',#7091,10.);
#1083=VECTOR('',#7092,10.);
#1084=VECTOR('',#7097,10.);
#1085=VECTOR('',#7098,10.);
#1086=VECTOR('',#7099,10.);
#1087=VECTOR('',#7100,10.);
#1088=VECTOR('',#7103,10.);
#1089=VECTOR('',#7104,10.);
#1090=VECTOR('',#7105,10.);
#1091=VECTOR('',#7108,10.);
#1092=VECTOR('',#7109,10.);
#1093=VECTOR('',#7110,10.);
#1094=VECTOR('',#7113,10.);
#1095=VECTOR('',#7114,10.);
#1096=VECTOR('',#7117,10.);
#1097=VECTOR('',#7118,10.);
#1098=VECTOR('',#7121,10.);
#1099=VECTOR('',#7122,10.);
#1100=VECTOR('',#7123,10.);
#1101=VECTOR('',#7126,10.);
#1102=VECTOR('',#7127,10.);
#1103=VECTOR('',#7128,10.);
#1104=VECTOR('',#7131,10.);
#1105=VECTOR('',#7132,10.);
#1106=VECTOR('',#7133,10.);
#1107=VECTOR('',#7134,10.);
#1108=VECTOR('',#7135,10.);
#1109=VECTOR('',#7138,10.);
#1110=VECTOR('',#7139,10.);
#1111=VECTOR('',#7140,10.);
#1112=VECTOR('',#7141,10.);
#1113=VECTOR('',#7144,10.);
#1114=VECTOR('',#7145,10.);
#1115=VECTOR('',#7146,10.);
#1116=VECTOR('',#7149,10.);
#1117=VECTOR('',#7150,10.);
#1118=VECTOR('',#7151,10.);
#1119=VECTOR('',#7154,10.);
#1120=VECTOR('',#7155,10.);
#1121=VECTOR('',#7156,10.);
#1122=VECTOR('',#7159,10.);
#1123=VECTOR('',#7160,10.);
#1124=VECTOR('',#7165,10.);
#1125=VECTOR('',#7166,10.);
#1126=VECTOR('',#7167,10.);
#1127=VECTOR('',#7168,10.);
#1128=VECTOR('',#7171,10.);
#1129=VECTOR('',#7172,10.);
#1130=VECTOR('',#7173,10.);
#1131=VECTOR('',#7176,10.);
#1132=VECTOR('',#7177,10.);
#1133=VECTOR('',#7178,10.);
#1134=VECTOR('',#7181,10.);
#1135=VECTOR('',#7182,10.);
#1136=VECTOR('',#7185,10.);
#1137=VECTOR('',#7186,10.);
#1138=VECTOR('',#7187,10.);
#1139=VECTOR('',#7188,10.);
#1140=VECTOR('',#7191,10.);
#1141=VECTOR('',#7192,10.);
#1142=VECTOR('',#7193,10.);
#1143=VECTOR('',#7194,10.);
#1144=VECTOR('',#7195,10.);
#1145=VECTOR('',#7198,10.);
#1146=VECTOR('',#7199,10.);
#1147=VECTOR('',#7200,10.);
#1148=VECTOR('',#7203,10.);
#1149=VECTOR('',#7204,10.);
#1150=VECTOR('',#7205,10.);
#1151=VECTOR('',#7208,10.);
#1152=VECTOR('',#7209,10.);
#1153=VECTOR('',#7210,10.);
#1154=VECTOR('',#7211,10.);
#1155=VECTOR('',#7212,10.);
#1156=VECTOR('',#7215,10.);
#1157=VECTOR('',#7216,10.);
#1158=VECTOR('',#7217,10.);
#1159=VECTOR('',#7218,10.);
#1160=VECTOR('',#7221,10.);
#1161=VECTOR('',#7222,10.);
#1162=VECTOR('',#7223,10.);
#1163=VECTOR('',#7224,10.);
#1164=VECTOR('',#7225,10.);
#1165=VECTOR('',#7228,10.);
#1166=VECTOR('',#7229,10.);
#1167=VECTOR('',#7230,10.);
#1168=VECTOR('',#7233,10.);
#1169=VECTOR('',#7234,10.);
#1170=VECTOR('',#7235,10.);
#1171=VECTOR('',#7238,10.);
#1172=VECTOR('',#7239,10.);
#1173=VECTOR('',#7240,10.);
#1174=VECTOR('',#7241,10.);
#1175=VECTOR('',#7242,10.);
#1176=VECTOR('',#7245,10.);
#1177=VECTOR('',#7246,10.);
#1178=VECTOR('',#7249,10.);
#1179=VECTOR('',#7250,10.);
#1180=VECTOR('',#7251,10.);
#1181=VECTOR('',#7252,10.);
#1182=VECTOR('',#7253,10.);
#1183=VECTOR('',#7256,10.);
#1184=VECTOR('',#7257,10.);
#1185=VECTOR('',#7258,10.);
#1186=VECTOR('',#7259,10.);
#1187=VECTOR('',#7260,10.);
#1188=VECTOR('',#7263,10.);
#1189=VECTOR('',#7264,10.);
#1190=VECTOR('',#7265,10.);
#1191=VECTOR('',#7268,10.);
#1192=VECTOR('',#7269,10.);
#1193=VECTOR('',#7270,10.);
#1194=VECTOR('',#7273,10.);
#1195=VECTOR('',#7274,10.);
#1196=VECTOR('',#7275,10.);
#1197=VECTOR('',#7276,10.);
#1198=VECTOR('',#7277,10.);
#1199=VECTOR('',#7280,10.);
#1200=VECTOR('',#7281,10.);
#1201=VECTOR('',#7282,10.);
#1202=VECTOR('',#7285,10.);
#1203=VECTOR('',#7286,10.);
#1204=VECTOR('',#7287,10.);
#1205=VECTOR('',#7288,10.);
#1206=VECTOR('',#7289,10.);
#1207=VECTOR('',#7290,10.);
#1208=VECTOR('',#7291,10.);
#1209=VECTOR('',#7294,10.);
#1210=VECTOR('',#7295,10.);
#1211=VECTOR('',#7296,10.);
#1212=VECTOR('',#7297,10.);
#1213=VECTOR('',#7298,10.);
#1214=VECTOR('',#7299,10.);
#1215=VECTOR('',#7300,10.);
#1216=VECTOR('',#7301,10.);
#1217=VECTOR('',#7302,10.);
#1218=VECTOR('',#7303,10.);
#1219=VECTOR('',#7304,10.);
#1220=VECTOR('',#7305,10.);
#1221=VECTOR('',#7308,10.);
#1222=VECTOR('',#7309,10.);
#1223=VECTOR('',#7310,10.);
#1224=VECTOR('',#7311,10.);
#1225=VECTOR('',#7312,10.);
#1226=VECTOR('',#7315,10.);
#1227=VECTOR('',#7316,10.);
#1228=VECTOR('',#7317,10.);
#1229=VECTOR('',#7320,10.);
#1230=VECTOR('',#7321,10.);
#1231=VECTOR('',#7322,10.);
#1232=VECTOR('',#7325,10.);
#1233=VECTOR('',#7326,10.);
#1234=VECTOR('',#7327,10.);
#1235=VECTOR('',#7328,10.);
#1236=VECTOR('',#7329,10.);
#1237=VECTOR('',#7332,10.);
#1238=VECTOR('',#7333,10.);
#1239=VECTOR('',#7336,10.);
#1240=VECTOR('',#7337,10.);
#1241=VECTOR('',#7338,10.);
#1242=VECTOR('',#7339,10.);
#1243=VECTOR('',#7342,10.);
#1244=VECTOR('',#7343,10.);
#1245=VECTOR('',#7344,10.);
#1246=VECTOR('',#7345,10.);
#1247=VECTOR('',#7346,10.);
#1248=VECTOR('',#7349,10.);
#1249=VECTOR('',#7350,10.);
#1250=VECTOR('',#7351,10.);
#1251=VECTOR('',#7354,10.);
#1252=VECTOR('',#7355,10.);
#1253=VECTOR('',#7356,10.);
#1254=VECTOR('',#7359,10.);
#1255=VECTOR('',#7360,10.);
#1256=VECTOR('',#7361,10.);
#1257=VECTOR('',#7362,10.);
#1258=VECTOR('',#7363,10.);
#1259=VECTOR('',#7366,10.);
#1260=VECTOR('',#7367,10.);
#1261=VECTOR('',#7368,10.);
#1262=VECTOR('',#7369,10.);
#1263=VECTOR('',#7372,10.);
#1264=VECTOR('',#7373,10.);
#1265=VECTOR('',#7374,10.);
#1266=VECTOR('',#7375,10.);
#1267=VECTOR('',#7376,10.);
#1268=VECTOR('',#7379,10.);
#1269=VECTOR('',#7380,10.);
#1270=VECTOR('',#7381,10.);
#1271=VECTOR('',#7384,10.);
#1272=VECTOR('',#7385,10.);
#1273=VECTOR('',#7386,10.);
#1274=VECTOR('',#7389,10.);
#1275=VECTOR('',#7390,10.);
#1276=VECTOR('',#7391,10.);
#1277=VECTOR('',#7392,10.);
#1278=VECTOR('',#7393,10.);
#1279=VECTOR('',#7396,10.);
#1280=VECTOR('',#7397,10.);
#1281=VECTOR('',#7402,10.);
#1282=VECTOR('',#7403,10.);
#1283=VECTOR('',#7404,10.);
#1284=VECTOR('',#7405,10.);
#1285=VECTOR('',#7408,10.);
#1286=VECTOR('',#7409,10.);
#1287=VECTOR('',#7410,10.);
#1288=VECTOR('',#7413,10.);
#1289=VECTOR('',#7414,10.);
#1290=VECTOR('',#7415,10.);
#1291=VECTOR('',#7418,10.);
#1292=VECTOR('',#7419,10.);
#1293=VECTOR('',#7424,10.);
#1294=VECTOR('',#7425,10.);
#1295=VECTOR('',#7426,10.);
#1296=VECTOR('',#7427,10.);
#1297=VECTOR('',#7430,10.);
#1298=VECTOR('',#7431,10.);
#1299=VECTOR('',#7432,10.);
#1300=VECTOR('',#7435,10.);
#1301=VECTOR('',#7436,10.);
#1302=VECTOR('',#7437,10.);
#1303=VECTOR('',#7440,10.);
#1304=VECTOR('',#7441,10.);
#1305=VECTOR('',#7442,10.);
#1306=VECTOR('',#7445,10.);
#1307=VECTOR('',#7446,10.);
#1308=VECTOR('',#7447,10.);
#1309=VECTOR('',#7450,10.);
#1310=VECTOR('',#7451,10.);
#1311=VECTOR('',#7456,10.);
#1312=VECTOR('',#7457,10.);
#1313=VECTOR('',#7458,10.);
#1314=VECTOR('',#7463,10.);
#1315=VECTOR('',#7466,10.);
#1316=VECTOR('',#7467,10.);
#1317=VECTOR('',#7472,10.);
#1318=VECTOR('',#7475,10.);
#1319=VECTOR('',#7488,10.);
#1320=VECTOR('',#7491,10.);
#1321=VECTOR('',#7494,10.);
#1322=VECTOR('',#7497,10.);
#1323=VECTOR('',#7500,10.);
#1324=VECTOR('',#7501,10.);
#1325=VECTOR('',#7502,10.);
#1326=VECTOR('',#7505,10.);
#1327=VECTOR('',#7510,3.);
#1328=VECTOR('',#7515,3.);
#1329=VECTOR('',#7520,2.99999999999999);
#1330=VECTOR('',#7525,3.00000000000001);
#1331=VECTOR('',#7528,10.);
#1332=VECTOR('',#7535,1.7);
#1333=VECTOR('',#7542,1.7);
#1334=VECTOR('',#7549,1.7);
#1335=VECTOR('',#7556,1.7);
#1336=PLANE('',#6266);
#1337=PLANE('',#6267);
#1338=PLANE('',#6268);
#1339=PLANE('',#6269);
#1340=PLANE('',#6278);
#1341=PLANE('',#6279);
#1342=PLANE('',#6280);
#1343=PLANE('',#6281);
#1344=PLANE('',#6282);
#1345=PLANE('',#6283);
#1346=PLANE('',#6284);
#1347=PLANE('',#6285);
#1348=PLANE('',#6286);
#1349=PLANE('',#6287);
#1350=PLANE('',#6288);
#1351=PLANE('',#6289);
#1352=PLANE('',#6290);
#1353=PLANE('',#6291);
#1354=PLANE('',#6292);
#1355=PLANE('',#6293);
#1356=PLANE('',#6294);
#1357=PLANE('',#6295);
#1358=PLANE('',#6296);
#1359=PLANE('',#6297);
#1360=PLANE('',#6298);
#1361=PLANE('',#6299);
#1362=PLANE('',#6300);
#1363=PLANE('',#6301);
#1364=PLANE('',#6302);
#1365=PLANE('',#6303);
#1366=PLANE('',#6304);
#1367=PLANE('',#6305);
#1368=PLANE('',#6306);
#1369=PLANE('',#6307);
#1370=PLANE('',#6308);
#1371=PLANE('',#6309);
#1372=PLANE('',#6310);
#1373=PLANE('',#6311);
#1374=PLANE('',#6312);
#1375=PLANE('',#6313);
#1376=PLANE('',#6314);
#1377=PLANE('',#6315);
#1378=PLANE('',#6316);
#1379=PLANE('',#6317);
#1380=PLANE('',#6318);
#1381=PLANE('',#6319);
#1382=PLANE('',#6320);
#1383=PLANE('',#6321);
#1384=PLANE('',#6322);
#1385=PLANE('',#6323);
#1386=PLANE('',#6324);
#1387=PLANE('',#6325);
#1388=PLANE('',#6326);
#1389=PLANE('',#6327);
#1390=PLANE('',#6328);
#1391=PLANE('',#6329);
#1392=PLANE('',#6330);
#1393=PLANE('',#6331);
#1394=PLANE('',#6332);
#1395=PLANE('',#6333);
#1396=PLANE('',#6334);
#1397=PLANE('',#6335);
#1398=PLANE('',#6336);
#1399=PLANE('',#6337);
#1400=PLANE('',#6338);
#1401=PLANE('',#6339);
#1402=PLANE('',#6340);
#1403=PLANE('',#6341);
#1404=PLANE('',#6342);
#1405=PLANE('',#6343);
#1406=PLANE('',#6344);
#1407=PLANE('',#6345);
#1408=PLANE('',#6346);
#1409=PLANE('',#6347);
#1410=PLANE('',#6348);
#1411=PLANE('',#6349);
#1412=PLANE('',#6350);
#1413=PLANE('',#6351);
#1414=PLANE('',#6352);
#1415=PLANE('',#6353);
#1416=PLANE('',#6354);
#1417=PLANE('',#6355);
#1418=PLANE('',#6356);
#1419=PLANE('',#6357);
#1420=PLANE('',#6358);
#1421=PLANE('',#6359);
#1422=PLANE('',#6360);
#1423=PLANE('',#6361);
#1424=PLANE('',#6362);
#1425=PLANE('',#6363);
#1426=PLANE('',#6364);
#1427=PLANE('',#6365);
#1428=PLANE('',#6366);
#1429=PLANE('',#6367);
#1430=PLANE('',#6368);
#1431=PLANE('',#6369);
#1432=PLANE('',#6370);
#1433=PLANE('',#6371);
#1434=PLANE('',#6372);
#1435=PLANE('',#6373);
#1436=PLANE('',#6374);
#1437=PLANE('',#6375);
#1438=PLANE('',#6376);
#1439=PLANE('',#6377);
#1440=PLANE('',#6378);
#1441=PLANE('',#6379);
#1442=PLANE('',#6380);
#1443=PLANE('',#6381);
#1444=PLANE('',#6382);
#1445=PLANE('',#6383);
#1446=PLANE('',#6384);
#1447=PLANE('',#6385);
#1448=PLANE('',#6386);
#1449=PLANE('',#6387);
#1450=PLANE('',#6388);
#1451=PLANE('',#6389);
#1452=PLANE('',#6390);
#1453=PLANE('',#6391);
#1454=PLANE('',#6392);
#1455=PLANE('',#6393);
#1456=PLANE('',#6394);
#1457=PLANE('',#6395);
#1458=PLANE('',#6396);
#1459=PLANE('',#6397);
#1460=PLANE('',#6398);
#1461=PLANE('',#6399);
#1462=PLANE('',#6400);
#1463=PLANE('',#6401);
#1464=PLANE('',#6402);
#1465=PLANE('',#6403);
#1466=PLANE('',#6404);
#1467=PLANE('',#6405);
#1468=PLANE('',#6406);
#1469=PLANE('',#6407);
#1470=PLANE('',#6408);
#1471=PLANE('',#6409);
#1472=PLANE('',#6410);
#1473=PLANE('',#6411);
#1474=PLANE('',#6412);
#1475=PLANE('',#6413);
#1476=PLANE('',#6414);
#1477=PLANE('',#6415);
#1478=PLANE('',#6416);
#1479=PLANE('',#6417);
#1480=PLANE('',#6418);
#1481=PLANE('',#6419);
#1482=PLANE('',#6420);
#1483=PLANE('',#6421);
#1484=PLANE('',#6422);
#1485=PLANE('',#6423);
#1486=PLANE('',#6424);
#1487=PLANE('',#6425);
#1488=PLANE('',#6426);
#1489=PLANE('',#6427);
#1490=PLANE('',#6428);
#1491=PLANE('',#6429);
#1492=PLANE('',#6430);
#1493=PLANE('',#6431);
#1494=PLANE('',#6432);
#1495=PLANE('',#6433);
#1496=PLANE('',#6434);
#1497=PLANE('',#6435);
#1498=PLANE('',#6436);
#1499=PLANE('',#6437);
#1500=PLANE('',#6438);
#1501=PLANE('',#6439);
#1502=PLANE('',#6440);
#1503=PLANE('',#6441);
#1504=PLANE('',#6442);
#1505=PLANE('',#6443);
#1506=PLANE('',#6444);
#1507=PLANE('',#6445);
#1508=PLANE('',#6446);
#1509=PLANE('',#6447);
#1510=PLANE('',#6450);
#1511=PLANE('',#6451);
#1512=PLANE('',#6460);
#1513=PLANE('',#6463);
#1514=PLANE('',#6464);
#1515=PLANE('',#6473);
#1516=PLANE('',#6474);
#1517=PLANE('',#6475);
#1518=PLANE('',#6478);
#1519=PLANE('',#6481);
#1520=PLANE('',#6484);
#1521=PLANE('',#6487);
#1522=FACE_OUTER_BOUND('',#1849,.T.);
#1523=FACE_OUTER_BOUND('',#1850,.T.);
#1524=FACE_OUTER_BOUND('',#1851,.T.);
#1525=FACE_OUTER_BOUND('',#1852,.T.);
#1526=FACE_OUTER_BOUND('',#1853,.T.);
#1527=FACE_OUTER_BOUND('',#1854,.T.);
#1528=FACE_OUTER_BOUND('',#1859,.T.);
#1529=FACE_OUTER_BOUND('',#1860,.T.);
#1530=FACE_OUTER_BOUND('',#1861,.T.);
#1531=FACE_OUTER_BOUND('',#1862,.T.);
#1532=FACE_OUTER_BOUND('',#1863,.T.);
#1533=FACE_OUTER_BOUND('',#1864,.T.);
#1534=FACE_OUTER_BOUND('',#1865,.T.);
#1535=FACE_OUTER_BOUND('',#1866,.T.);
#1536=FACE_OUTER_BOUND('',#1867,.T.);
#1537=FACE_OUTER_BOUND('',#1868,.T.);
#1538=FACE_OUTER_BOUND('',#1869,.T.);
#1539=FACE_OUTER_BOUND('',#1870,.T.);
#1540=FACE_OUTER_BOUND('',#1871,.T.);
#1541=FACE_OUTER_BOUND('',#1872,.T.);
#1542=FACE_OUTER_BOUND('',#1873,.T.);
#1543=FACE_OUTER_BOUND('',#1874,.T.);
#1544=FACE_OUTER_BOUND('',#1875,.T.);
#1545=FACE_OUTER_BOUND('',#1876,.T.);
#1546=FACE_OUTER_BOUND('',#1877,.T.);
#1547=FACE_OUTER_BOUND('',#1878,.T.);
#1548=FACE_OUTER_BOUND('',#1879,.T.);
#1549=FACE_OUTER_BOUND('',#1880,.T.);
#1550=FACE_OUTER_BOUND('',#1881,.T.);
#1551=FACE_OUTER_BOUND('',#1882,.T.);
#1552=FACE_OUTER_BOUND('',#1883,.T.);
#1553=FACE_OUTER_BOUND('',#1884,.T.);
#1554=FACE_OUTER_BOUND('',#1885,.T.);
#1555=FACE_OUTER_BOUND('',#1886,.T.);
#1556=FACE_OUTER_BOUND('',#1887,.T.);
#1557=FACE_OUTER_BOUND('',#1888,.T.);
#1558=FACE_OUTER_BOUND('',#1889,.T.);
#1559=FACE_OUTER_BOUND('',#1890,.T.);
#1560=FACE_OUTER_BOUND('',#1891,.T.);
#1561=FACE_OUTER_BOUND('',#1892,.T.);
#1562=FACE_OUTER_BOUND('',#1893,.T.);
#1563=FACE_OUTER_BOUND('',#1894,.T.);
#1564=FACE_OUTER_BOUND('',#1895,.T.);
#1565=FACE_OUTER_BOUND('',#1896,.T.);
#1566=FACE_OUTER_BOUND('',#1897,.T.);
#1567=FACE_OUTER_BOUND('',#1898,.T.);
#1568=FACE_OUTER_BOUND('',#1899,.T.);
#1569=FACE_OUTER_BOUND('',#1900,.T.);
#1570=FACE_OUTER_BOUND('',#1901,.T.);
#1571=FACE_OUTER_BOUND('',#1902,.T.);
#1572=FACE_OUTER_BOUND('',#1903,.T.);
#1573=FACE_OUTER_BOUND('',#1904,.T.);
#1574=FACE_OUTER_BOUND('',#1905,.T.);
#1575=FACE_OUTER_BOUND('',#1906,.T.);
#1576=FACE_OUTER_BOUND('',#1907,.T.);
#1577=FACE_OUTER_BOUND('',#1908,.T.);
#1578=FACE_OUTER_BOUND('',#1909,.T.);
#1579=FACE_OUTER_BOUND('',#1910,.T.);
#1580=FACE_OUTER_BOUND('',#1911,.T.);
#1581=FACE_OUTER_BOUND('',#1912,.T.);
#1582=FACE_OUTER_BOUND('',#1913,.T.);
#1583=FACE_OUTER_BOUND('',#1914,.T.);
#1584=FACE_OUTER_BOUND('',#1915,.T.);
#1585=FACE_OUTER_BOUND('',#1916,.T.);
#1586=FACE_OUTER_BOUND('',#1917,.T.);
#1587=FACE_OUTER_BOUND('',#1918,.T.);
#1588=FACE_OUTER_BOUND('',#1919,.T.);
#1589=FACE_OUTER_BOUND('',#1920,.T.);
#1590=FACE_OUTER_BOUND('',#1921,.T.);
#1591=FACE_OUTER_BOUND('',#1922,.T.);
#1592=FACE_OUTER_BOUND('',#1923,.T.);
#1593=FACE_OUTER_BOUND('',#1924,.T.);
#1594=FACE_OUTER_BOUND('',#1925,.T.);
#1595=FACE_OUTER_BOUND('',#1926,.T.);
#1596=FACE_OUTER_BOUND('',#1927,.T.);
#1597=FACE_OUTER_BOUND('',#1928,.T.);
#1598=FACE_OUTER_BOUND('',#1929,.T.);
#1599=FACE_OUTER_BOUND('',#1930,.T.);
#1600=FACE_OUTER_BOUND('',#1931,.T.);
#1601=FACE_OUTER_BOUND('',#1932,.T.);
#1602=FACE_OUTER_BOUND('',#1933,.T.);
#1603=FACE_OUTER_BOUND('',#1934,.T.);
#1604=FACE_OUTER_BOUND('',#1935,.T.);
#1605=FACE_OUTER_BOUND('',#1936,.T.);
#1606=FACE_OUTER_BOUND('',#1937,.T.);
#1607=FACE_OUTER_BOUND('',#1938,.T.);
#1608=FACE_OUTER_BOUND('',#1939,.T.);
#1609=FACE_OUTER_BOUND('',#1940,.T.);
#1610=FACE_OUTER_BOUND('',#1941,.T.);
#1611=FACE_OUTER_BOUND('',#1942,.T.);
#1612=FACE_OUTER_BOUND('',#1943,.T.);
#1613=FACE_OUTER_BOUND('',#1944,.T.);
#1614=FACE_OUTER_BOUND('',#1945,.T.);
#1615=FACE_OUTER_BOUND('',#1946,.T.);
#1616=FACE_OUTER_BOUND('',#1947,.T.);
#1617=FACE_OUTER_BOUND('',#1948,.T.);
#1618=FACE_OUTER_BOUND('',#1949,.T.);
#1619=FACE_OUTER_BOUND('',#1950,.T.);
#1620=FACE_OUTER_BOUND('',#1951,.T.);
#1621=FACE_OUTER_BOUND('',#1952,.T.);
#1622=FACE_OUTER_BOUND('',#1953,.T.);
#1623=FACE_OUTER_BOUND('',#1954,.T.);
#1624=FACE_OUTER_BOUND('',#1955,.T.);
#1625=FACE_OUTER_BOUND('',#1956,.T.);
#1626=FACE_OUTER_BOUND('',#1957,.T.);
#1627=FACE_OUTER_BOUND('',#1958,.T.);
#1628=FACE_OUTER_BOUND('',#1959,.T.);
#1629=FACE_OUTER_BOUND('',#1960,.T.);
#1630=FACE_OUTER_BOUND('',#1961,.T.);
#1631=FACE_OUTER_BOUND('',#1962,.T.);
#1632=FACE_OUTER_BOUND('',#1963,.T.);
#1633=FACE_OUTER_BOUND('',#1964,.T.);
#1634=FACE_OUTER_BOUND('',#1965,.T.);
#1635=FACE_OUTER_BOUND('',#1966,.T.);
#1636=FACE_OUTER_BOUND('',#1967,.T.);
#1637=FACE_OUTER_BOUND('',#1968,.T.);
#1638=FACE_OUTER_BOUND('',#1969,.T.);
#1639=FACE_OUTER_BOUND('',#1970,.T.);
#1640=FACE_OUTER_BOUND('',#1971,.T.);
#1641=FACE_OUTER_BOUND('',#1972,.T.);
#1642=FACE_OUTER_BOUND('',#1973,.T.);
#1643=FACE_OUTER_BOUND('',#1974,.T.);
#1644=FACE_OUTER_BOUND('',#1975,.T.);
#1645=FACE_OUTER_BOUND('',#1976,.T.);
#1646=FACE_OUTER_BOUND('',#1977,.T.);
#1647=FACE_OUTER_BOUND('',#1978,.T.);
#1648=FACE_OUTER_BOUND('',#1979,.T.);
#1649=FACE_OUTER_BOUND('',#1980,.T.);
#1650=FACE_OUTER_BOUND('',#1981,.T.);
#1651=FACE_OUTER_BOUND('',#1982,.T.);
#1652=FACE_OUTER_BOUND('',#1983,.T.);
#1653=FACE_OUTER_BOUND('',#1984,.T.);
#1654=FACE_OUTER_BOUND('',#1985,.T.);
#1655=FACE_OUTER_BOUND('',#1986,.T.);
#1656=FACE_OUTER_BOUND('',#1987,.T.);
#1657=FACE_OUTER_BOUND('',#1988,.T.);
#1658=FACE_OUTER_BOUND('',#1989,.T.);
#1659=FACE_OUTER_BOUND('',#1990,.T.);
#1660=FACE_OUTER_BOUND('',#1991,.T.);
#1661=FACE_OUTER_BOUND('',#1992,.T.);
#1662=FACE_OUTER_BOUND('',#1993,.T.);
#1663=FACE_OUTER_BOUND('',#1994,.T.);
#1664=FACE_OUTER_BOUND('',#1995,.T.);
#1665=FACE_OUTER_BOUND('',#1996,.T.);
#1666=FACE_OUTER_BOUND('',#1997,.T.);
#1667=FACE_OUTER_BOUND('',#1998,.T.);
#1668=FACE_OUTER_BOUND('',#1999,.T.);
#1669=FACE_OUTER_BOUND('',#2000,.T.);
#1670=FACE_OUTER_BOUND('',#2001,.T.);
#1671=FACE_OUTER_BOUND('',#2002,.T.);
#1672=FACE_OUTER_BOUND('',#2003,.T.);
#1673=FACE_OUTER_BOUND('',#2004,.T.);
#1674=FACE_OUTER_BOUND('',#2005,.T.);
#1675=FACE_OUTER_BOUND('',#2006,.T.);
#1676=FACE_OUTER_BOUND('',#2007,.T.);
#1677=FACE_OUTER_BOUND('',#2008,.T.);
#1678=FACE_OUTER_BOUND('',#2009,.T.);
#1679=FACE_OUTER_BOUND('',#2010,.T.);
#1680=FACE_OUTER_BOUND('',#2011,.T.);
#1681=FACE_OUTER_BOUND('',#2012,.T.);
#1682=FACE_OUTER_BOUND('',#2013,.T.);
#1683=FACE_OUTER_BOUND('',#2014,.T.);
#1684=FACE_OUTER_BOUND('',#2015,.T.);
#1685=FACE_OUTER_BOUND('',#2016,.T.);
#1686=FACE_OUTER_BOUND('',#2017,.T.);
#1687=FACE_OUTER_BOUND('',#2018,.T.);
#1688=FACE_OUTER_BOUND('',#2019,.T.);
#1689=FACE_OUTER_BOUND('',#2020,.T.);
#1690=FACE_OUTER_BOUND('',#2021,.T.);
#1691=FACE_OUTER_BOUND('',#2022,.T.);
#1692=FACE_OUTER_BOUND('',#2023,.T.);
#1693=FACE_OUTER_BOUND('',#2024,.T.);
#1694=FACE_OUTER_BOUND('',#2025,.T.);
#1695=FACE_OUTER_BOUND('',#2026,.T.);
#1696=FACE_OUTER_BOUND('',#2027,.T.);
#1697=FACE_OUTER_BOUND('',#2028,.T.);
#1698=FACE_OUTER_BOUND('',#2029,.T.);
#1699=FACE_OUTER_BOUND('',#2030,.T.);
#1700=FACE_OUTER_BOUND('',#2031,.T.);
#1701=FACE_OUTER_BOUND('',#2032,.T.);
#1702=FACE_OUTER_BOUND('',#2033,.T.);
#1703=FACE_OUTER_BOUND('',#2034,.T.);
#1704=FACE_OUTER_BOUND('',#2035,.T.);
#1705=FACE_OUTER_BOUND('',#2036,.T.);
#1706=FACE_OUTER_BOUND('',#2037,.T.);
#1707=FACE_OUTER_BOUND('',#2038,.T.);
#1708=FACE_OUTER_BOUND('',#2039,.T.);
#1709=FACE_OUTER_BOUND('',#2040,.T.);
#1710=FACE_OUTER_BOUND('',#2041,.T.);
#1711=FACE_OUTER_BOUND('',#2042,.T.);
#1712=FACE_OUTER_BOUND('',#2043,.T.);
#1713=FACE_OUTER_BOUND('',#2044,.T.);
#1714=FACE_OUTER_BOUND('',#2045,.T.);
#1715=FACE_OUTER_BOUND('',#2046,.T.);
#1716=FACE_OUTER_BOUND('',#2047,.T.);
#1717=FACE_OUTER_BOUND('',#2048,.T.);
#1718=FACE_OUTER_BOUND('',#2049,.T.);
#1719=FACE_OUTER_BOUND('',#2050,.T.);
#1720=FACE_OUTER_BOUND('',#2051,.T.);
#1721=FACE_OUTER_BOUND('',#2052,.T.);
#1722=FACE_OUTER_BOUND('',#2053,.T.);
#1723=FACE_OUTER_BOUND('',#2054,.T.);
#1724=FACE_OUTER_BOUND('',#2055,.T.);
#1725=FACE_OUTER_BOUND('',#2056,.T.);
#1726=FACE_OUTER_BOUND('',#2057,.T.);
#1727=FACE_OUTER_BOUND('',#2058,.T.);
#1728=FACE_OUTER_BOUND('',#2059,.T.);
#1729=FACE_OUTER_BOUND('',#2060,.T.);
#1730=FACE_OUTER_BOUND('',#2061,.T.);
#1731=FACE_OUTER_BOUND('',#2062,.T.);
#1732=FACE_OUTER_BOUND('',#2063,.T.);
#1733=FACE_OUTER_BOUND('',#2064,.T.);
#1734=FACE_OUTER_BOUND('',#2065,.T.);
#1735=FACE_OUTER_BOUND('',#2066,.T.);
#1736=FACE_OUTER_BOUND('',#2067,.T.);
#1737=FACE_OUTER_BOUND('',#2068,.T.);
#1738=FACE_OUTER_BOUND('',#2069,.T.);
#1739=FACE_OUTER_BOUND('',#2070,.T.);
#1740=FACE_OUTER_BOUND('',#2071,.T.);
#1741=FACE_OUTER_BOUND('',#2072,.T.);
#1742=FACE_OUTER_BOUND('',#2073,.T.);
#1743=FACE_OUTER_BOUND('',#2074,.T.);
#1744=FACE_OUTER_BOUND('',#2075,.T.);
#1745=FACE_OUTER_BOUND('',#2076,.T.);
#1746=FACE_OUTER_BOUND('',#2077,.T.);
#1747=FACE_OUTER_BOUND('',#2078,.T.);
#1748=FACE_OUTER_BOUND('',#2079,.T.);
#1749=FACE_OUTER_BOUND('',#2080,.T.);
#1750=FACE_OUTER_BOUND('',#2081,.T.);
#1751=FACE_OUTER_BOUND('',#2082,.T.);
#1752=FACE_OUTER_BOUND('',#2083,.T.);
#1753=FACE_OUTER_BOUND('',#2084,.T.);
#1754=FACE_OUTER_BOUND('',#2085,.T.);
#1755=FACE_OUTER_BOUND('',#2086,.T.);
#1756=FACE_OUTER_BOUND('',#2087,.T.);
#1757=FACE_OUTER_BOUND('',#2088,.T.);
#1758=FACE_OUTER_BOUND('',#2089,.T.);
#1759=FACE_OUTER_BOUND('',#2090,.T.);
#1760=FACE_OUTER_BOUND('',#2091,.T.);
#1761=FACE_OUTER_BOUND('',#2092,.T.);
#1762=FACE_OUTER_BOUND('',#2093,.T.);
#1763=FACE_OUTER_BOUND('',#2094,.T.);
#1764=FACE_OUTER_BOUND('',#2095,.T.);
#1765=FACE_OUTER_BOUND('',#2096,.T.);
#1766=FACE_OUTER_BOUND('',#2097,.T.);
#1767=FACE_OUTER_BOUND('',#2098,.T.);
#1768=FACE_OUTER_BOUND('',#2099,.T.);
#1769=FACE_OUTER_BOUND('',#2100,.T.);
#1770=FACE_OUTER_BOUND('',#2101,.T.);
#1771=FACE_OUTER_BOUND('',#2102,.T.);
#1772=FACE_OUTER_BOUND('',#2103,.T.);
#1773=FACE_OUTER_BOUND('',#2104,.T.);
#1774=FACE_OUTER_BOUND('',#2105,.T.);
#1775=FACE_OUTER_BOUND('',#2106,.T.);
#1776=FACE_OUTER_BOUND('',#2107,.T.);
#1777=FACE_OUTER_BOUND('',#2108,.T.);
#1778=FACE_OUTER_BOUND('',#2109,.T.);
#1779=FACE_OUTER_BOUND('',#2110,.T.);
#1780=FACE_OUTER_BOUND('',#2111,.T.);
#1781=FACE_OUTER_BOUND('',#2112,.T.);
#1782=FACE_OUTER_BOUND('',#2113,.T.);
#1783=FACE_OUTER_BOUND('',#2114,.T.);
#1784=FACE_OUTER_BOUND('',#2115,.T.);
#1785=FACE_OUTER_BOUND('',#2116,.T.);
#1786=FACE_OUTER_BOUND('',#2117,.T.);
#1787=FACE_OUTER_BOUND('',#2118,.T.);
#1788=FACE_OUTER_BOUND('',#2119,.T.);
#1789=FACE_OUTER_BOUND('',#2120,.T.);
#1790=FACE_OUTER_BOUND('',#2121,.T.);
#1791=FACE_OUTER_BOUND('',#2122,.T.);
#1792=FACE_OUTER_BOUND('',#2123,.T.);
#1793=FACE_OUTER_BOUND('',#2124,.T.);
#1794=FACE_OUTER_BOUND('',#2125,.T.);
#1795=FACE_OUTER_BOUND('',#2126,.T.);
#1796=FACE_OUTER_BOUND('',#2127,.T.);
#1797=FACE_OUTER_BOUND('',#2128,.T.);
#1798=FACE_OUTER_BOUND('',#2129,.T.);
#1799=FACE_OUTER_BOUND('',#2130,.T.);
#1800=FACE_OUTER_BOUND('',#2131,.T.);
#1801=FACE_OUTER_BOUND('',#2132,.T.);
#1802=FACE_OUTER_BOUND('',#2133,.T.);
#1803=FACE_OUTER_BOUND('',#2134,.T.);
#1804=FACE_OUTER_BOUND('',#2135,.T.);
#1805=FACE_OUTER_BOUND('',#2136,.T.);
#1806=FACE_OUTER_BOUND('',#2137,.T.);
#1807=FACE_OUTER_BOUND('',#2138,.T.);
#1808=FACE_OUTER_BOUND('',#2139,.T.);
#1809=FACE_OUTER_BOUND('',#2140,.T.);
#1810=FACE_OUTER_BOUND('',#2141,.T.);
#1811=FACE_OUTER_BOUND('',#2142,.T.);
#1812=FACE_OUTER_BOUND('',#2143,.T.);
#1813=FACE_OUTER_BOUND('',#2144,.T.);
#1814=FACE_OUTER_BOUND('',#2145,.T.);
#1815=FACE_OUTER_BOUND('',#2146,.T.);
#1816=FACE_OUTER_BOUND('',#2147,.T.);
#1817=FACE_OUTER_BOUND('',#2148,.T.);
#1818=FACE_OUTER_BOUND('',#2149,.T.);
#1819=FACE_OUTER_BOUND('',#2150,.T.);
#1820=FACE_OUTER_BOUND('',#2151,.T.);
#1821=FACE_OUTER_BOUND('',#2152,.T.);
#1822=FACE_OUTER_BOUND('',#2153,.T.);
#1823=FACE_OUTER_BOUND('',#2154,.T.);
#1824=FACE_OUTER_BOUND('',#2155,.T.);
#1825=FACE_OUTER_BOUND('',#2156,.T.);
#1826=FACE_OUTER_BOUND('',#2157,.T.);
#1827=FACE_OUTER_BOUND('',#2158,.T.);
#1828=FACE_OUTER_BOUND('',#2163,.T.);
#1829=FACE_OUTER_BOUND('',#2164,.T.);
#1830=FACE_OUTER_BOUND('',#2165,.T.);
#1831=FACE_OUTER_BOUND('',#2166,.T.);
#1832=FACE_OUTER_BOUND('',#2167,.T.);
#1833=FACE_OUTER_BOUND('',#2186,.T.);
#1834=FACE_OUTER_BOUND('',#2187,.T.);
#1835=FACE_OUTER_BOUND('',#2188,.T.);
#1836=FACE_OUTER_BOUND('',#2189,.T.);
#1837=FACE_OUTER_BOUND('',#2190,.T.);
#1838=FACE_OUTER_BOUND('',#2191,.T.);
#1839=FACE_OUTER_BOUND('',#2193,.T.);
#1840=FACE_OUTER_BOUND('',#2194,.T.);
#1841=FACE_OUTER_BOUND('',#2195,.T.);
#1842=FACE_OUTER_BOUND('',#2196,.T.);
#1843=FACE_OUTER_BOUND('',#2198,.T.);
#1844=FACE_OUTER_BOUND('',#2199,.T.);
#1845=FACE_OUTER_BOUND('',#2201,.T.);
#1846=FACE_OUTER_BOUND('',#2202,.T.);
#1847=FACE_OUTER_BOUND('',#2204,.T.);
#1848=FACE_OUTER_BOUND('',#2205,.T.);
#1849=EDGE_LOOP('',(#3987,#3988,#3989,#3990));
#1850=EDGE_LOOP('',(#3991,#3992,#3993,#3994));
#1851=EDGE_LOOP('',(#3995,#3996,#3997,#3998));
#1852=EDGE_LOOP('',(#3999,#4000,#4001,#4002));
#1853=EDGE_LOOP('',(#4003,#4004,#4005,#4006,#4007,#4008,#4009,#4010,#4011,
#4012));
#1854=EDGE_LOOP('',(#4013,#4014,#4015,#4016,#4017,#4018,#4019,#4020,#4021,
#4022,#4023,#4024,#4025,#4026,#4027,#4028));
#1855=EDGE_LOOP('',(#4029));
#1856=EDGE_LOOP('',(#4030));
#1857=EDGE_LOOP('',(#4031));
#1858=EDGE_LOOP('',(#4032));
#1859=EDGE_LOOP('',(#4033,#4034,#4035,#4036));
#1860=EDGE_LOOP('',(#4037,#4038,#4039,#4040));
#1861=EDGE_LOOP('',(#4041,#4042,#4043,#4044));
#1862=EDGE_LOOP('',(#4045,#4046,#4047,#4048));
#1863=EDGE_LOOP('',(#4049,#4050,#4051,#4052));
#1864=EDGE_LOOP('',(#4053,#4054,#4055,#4056));
#1865=EDGE_LOOP('',(#4057,#4058,#4059,#4060));
#1866=EDGE_LOOP('',(#4061,#4062,#4063,#4064));
#1867=EDGE_LOOP('',(#4065,#4066,#4067,#4068,#4069,#4070));
#1868=EDGE_LOOP('',(#4071,#4072,#4073,#4074));
#1869=EDGE_LOOP('',(#4075,#4076,#4077,#4078));
#1870=EDGE_LOOP('',(#4079,#4080,#4081,#4082));
#1871=EDGE_LOOP('',(#4083,#4084,#4085,#4086));
#1872=EDGE_LOOP('',(#4087,#4088,#4089,#4090));
#1873=EDGE_LOOP('',(#4091,#4092,#4093,#4094));
#1874=EDGE_LOOP('',(#4095,#4096,#4097,#4098));
#1875=EDGE_LOOP('',(#4099,#4100,#4101,#4102));
#1876=EDGE_LOOP('',(#4103,#4104,#4105,#4106));
#1877=EDGE_LOOP('',(#4107,#4108,#4109,#4110));
#1878=EDGE_LOOP('',(#4111,#4112,#4113,#4114));
#1879=EDGE_LOOP('',(#4115,#4116,#4117,#4118));
#1880=EDGE_LOOP('',(#4119,#4120,#4121,#4122));
#1881=EDGE_LOOP('',(#4123,#4124,#4125,#4126));
#1882=EDGE_LOOP('',(#4127,#4128,#4129,#4130));
#1883=EDGE_LOOP('',(#4131,#4132,#4133,#4134));
#1884=EDGE_LOOP('',(#4135,#4136,#4137,#4138));
#1885=EDGE_LOOP('',(#4139,#4140,#4141,#4142));
#1886=EDGE_LOOP('',(#4143,#4144,#4145,#4146));
#1887=EDGE_LOOP('',(#4147,#4148,#4149,#4150));
#1888=EDGE_LOOP('',(#4151,#4152,#4153,#4154));
#1889=EDGE_LOOP('',(#4155,#4156,#4157,#4158));
#1890=EDGE_LOOP('',(#4159,#4160,#4161,#4162));
#1891=EDGE_LOOP('',(#4163,#4164,#4165,#4166));
#1892=EDGE_LOOP('',(#4167,#4168,#4169,#4170));
#1893=EDGE_LOOP('',(#4171,#4172,#4173,#4174));
#1894=EDGE_LOOP('',(#4175,#4176,#4177,#4178,#4179,#4180,#4181,#4182,#4183,
#4184,#4185,#4186,#4187,#4188,#4189,#4190,#4191,#4192,#4193,#4194,#4195,
#4196,#4197,#4198,#4199,#4200));
#1895=EDGE_LOOP('',(#4201,#4202,#4203,#4204));
#1896=EDGE_LOOP('',(#4205,#4206,#4207,#4208));
#1897=EDGE_LOOP('',(#4209,#4210,#4211,#4212));
#1898=EDGE_LOOP('',(#4213,#4214,#4215,#4216));
#1899=EDGE_LOOP('',(#4217,#4218,#4219,#4220));
#1900=EDGE_LOOP('',(#4221,#4222,#4223,#4224));
#1901=EDGE_LOOP('',(#4225,#4226,#4227,#4228));
#1902=EDGE_LOOP('',(#4229,#4230,#4231,#4232));
#1903=EDGE_LOOP('',(#4233,#4234,#4235,#4236));
#1904=EDGE_LOOP('',(#4237,#4238,#4239,#4240));
#1905=EDGE_LOOP('',(#4241,#4242,#4243,#4244));
#1906=EDGE_LOOP('',(#4245,#4246,#4247,#4248));
#1907=EDGE_LOOP('',(#4249,#4250,#4251,#4252));
#1908=EDGE_LOOP('',(#4253,#4254,#4255,#4256));
#1909=EDGE_LOOP('',(#4257,#4258,#4259,#4260));
#1910=EDGE_LOOP('',(#4261,#4262,#4263,#4264));
#1911=EDGE_LOOP('',(#4265,#4266,#4267,#4268));
#1912=EDGE_LOOP('',(#4269,#4270,#4271,#4272));
#1913=EDGE_LOOP('',(#4273,#4274,#4275,#4276));
#1914=EDGE_LOOP('',(#4277,#4278,#4279,#4280));
#1915=EDGE_LOOP('',(#4281,#4282,#4283,#4284));
#1916=EDGE_LOOP('',(#4285,#4286,#4287,#4288));
#1917=EDGE_LOOP('',(#4289,#4290,#4291,#4292));
#1918=EDGE_LOOP('',(#4293,#4294,#4295,#4296));
#1919=EDGE_LOOP('',(#4297,#4298,#4299,#4300));
#1920=EDGE_LOOP('',(#4301,#4302,#4303,#4304));
#1921=EDGE_LOOP('',(#4305,#4306,#4307,#4308));
#1922=EDGE_LOOP('',(#4309,#4310,#4311,#4312));
#1923=EDGE_LOOP('',(#4313,#4314,#4315,#4316));
#1924=EDGE_LOOP('',(#4317,#4318,#4319,#4320));
#1925=EDGE_LOOP('',(#4321,#4322,#4323,#4324));
#1926=EDGE_LOOP('',(#4325,#4326,#4327,#4328));
#1927=EDGE_LOOP('',(#4329,#4330,#4331,#4332));
#1928=EDGE_LOOP('',(#4333,#4334,#4335,#4336));
#1929=EDGE_LOOP('',(#4337,#4338,#4339,#4340));
#1930=EDGE_LOOP('',(#4341,#4342,#4343,#4344));
#1931=EDGE_LOOP('',(#4345,#4346,#4347,#4348));
#1932=EDGE_LOOP('',(#4349,#4350,#4351,#4352));
#1933=EDGE_LOOP('',(#4353,#4354,#4355,#4356));
#1934=EDGE_LOOP('',(#4357,#4358,#4359,#4360));
#1935=EDGE_LOOP('',(#4361,#4362,#4363,#4364));
#1936=EDGE_LOOP('',(#4365,#4366,#4367,#4368,#4369,#4370,#4371,#4372,#4373,
#4374,#4375,#4376,#4377,#4378,#4379,#4380,#4381,#4382,#4383,#4384,#4385,
#4386,#4387,#4388,#4389,#4390,#4391,#4392,#4393,#4394,#4395,#4396,#4397,
#4398,#4399,#4400,#4401,#4402,#4403,#4404,#4405));
#1937=EDGE_LOOP('',(#4406,#4407,#4408,#4409));
#1938=EDGE_LOOP('',(#4410,#4411,#4412,#4413));
#1939=EDGE_LOOP('',(#4414,#4415,#4416,#4417));
#1940=EDGE_LOOP('',(#4418,#4419,#4420,#4421));
#1941=EDGE_LOOP('',(#4422,#4423,#4424,#4425));
#1942=EDGE_LOOP('',(#4426,#4427,#4428,#4429));
#1943=EDGE_LOOP('',(#4430,#4431,#4432,#4433));
#1944=EDGE_LOOP('',(#4434,#4435,#4436,#4437));
#1945=EDGE_LOOP('',(#4438,#4439,#4440,#4441));
#1946=EDGE_LOOP('',(#4442,#4443,#4444,#4445));
#1947=EDGE_LOOP('',(#4446,#4447,#4448,#4449));
#1948=EDGE_LOOP('',(#4450,#4451,#4452,#4453));
#1949=EDGE_LOOP('',(#4454,#4455,#4456,#4457));
#1950=EDGE_LOOP('',(#4458,#4459,#4460,#4461));
#1951=EDGE_LOOP('',(#4462,#4463,#4464,#4465));
#1952=EDGE_LOOP('',(#4466,#4467,#4468,#4469));
#1953=EDGE_LOOP('',(#4470,#4471,#4472,#4473));
#1954=EDGE_LOOP('',(#4474,#4475,#4476,#4477));
#1955=EDGE_LOOP('',(#4478,#4479,#4480,#4481));
#1956=EDGE_LOOP('',(#4482,#4483,#4484,#4485));
#1957=EDGE_LOOP('',(#4486,#4487,#4488,#4489));
#1958=EDGE_LOOP('',(#4490,#4491,#4492,#4493));
#1959=EDGE_LOOP('',(#4494,#4495,#4496,#4497));
#1960=EDGE_LOOP('',(#4498,#4499,#4500,#4501));
#1961=EDGE_LOOP('',(#4502,#4503,#4504,#4505));
#1962=EDGE_LOOP('',(#4506,#4507,#4508,#4509));
#1963=EDGE_LOOP('',(#4510,#4511,#4512,#4513,#4514,#4515,#4516,#4517,#4518,
#4519,#4520,#4521,#4522,#4523,#4524,#4525,#4526,#4527,#4528,#4529,#4530,
#4531,#4532,#4533,#4534,#4535));
#1964=EDGE_LOOP('',(#4536,#4537,#4538,#4539));
#1965=EDGE_LOOP('',(#4540,#4541,#4542,#4543));
#1966=EDGE_LOOP('',(#4544,#4545,#4546,#4547));
#1967=EDGE_LOOP('',(#4548,#4549,#4550,#4551));
#1968=EDGE_LOOP('',(#4552,#4553,#4554,#4555));
#1969=EDGE_LOOP('',(#4556,#4557,#4558,#4559));
#1970=EDGE_LOOP('',(#4560,#4561,#4562,#4563));
#1971=EDGE_LOOP('',(#4564,#4565,#4566,#4567));
#1972=EDGE_LOOP('',(#4568,#4569,#4570,#4571));
#1973=EDGE_LOOP('',(#4572,#4573,#4574,#4575));
#1974=EDGE_LOOP('',(#4576,#4577,#4578,#4579));
#1975=EDGE_LOOP('',(#4580,#4581,#4582,#4583));
#1976=EDGE_LOOP('',(#4584,#4585,#4586,#4587));
#1977=EDGE_LOOP('',(#4588,#4589,#4590,#4591));
#1978=EDGE_LOOP('',(#4592,#4593,#4594,#4595));
#1979=EDGE_LOOP('',(#4596,#4597,#4598,#4599));
#1980=EDGE_LOOP('',(#4600,#4601,#4602,#4603));
#1981=EDGE_LOOP('',(#4604,#4605,#4606,#4607));
#1982=EDGE_LOOP('',(#4608,#4609,#4610,#4611));
#1983=EDGE_LOOP('',(#4612,#4613,#4614,#4615,#4616,#4617,#4618,#4619,#4620,
#4621,#4622,#4623,#4624,#4625,#4626,#4627,#4628,#4629,#4630));
#1984=EDGE_LOOP('',(#4631,#4632,#4633,#4634));
#1985=EDGE_LOOP('',(#4635,#4636,#4637,#4638));
#1986=EDGE_LOOP('',(#4639,#4640,#4641,#4642));
#1987=EDGE_LOOP('',(#4643,#4644,#4645,#4646));
#1988=EDGE_LOOP('',(#4647,#4648,#4649,#4650));
#1989=EDGE_LOOP('',(#4651,#4652,#4653,#4654));
#1990=EDGE_LOOP('',(#4655,#4656,#4657,#4658,#4659,#4660));
#1991=EDGE_LOOP('',(#4661,#4662,#4663,#4664));
#1992=EDGE_LOOP('',(#4665,#4666,#4667,#4668));
#1993=EDGE_LOOP('',(#4669,#4670,#4671,#4672));
#1994=EDGE_LOOP('',(#4673,#4674,#4675,#4676));
#1995=EDGE_LOOP('',(#4677,#4678,#4679,#4680));
#1996=EDGE_LOOP('',(#4681,#4682,#4683,#4684));
#1997=EDGE_LOOP('',(#4685,#4686,#4687,#4688));
#1998=EDGE_LOOP('',(#4689,#4690,#4691,#4692));
#1999=EDGE_LOOP('',(#4693,#4694,#4695,#4696));
#2000=EDGE_LOOP('',(#4697,#4698,#4699,#4700));
#2001=EDGE_LOOP('',(#4701,#4702,#4703,#4704));
#2002=EDGE_LOOP('',(#4705,#4706,#4707,#4708));
#2003=EDGE_LOOP('',(#4709,#4710,#4711,#4712));
#2004=EDGE_LOOP('',(#4713,#4714,#4715,#4716,#4717,#4718,#4719,#4720,#4721,
#4722,#4723,#4724,#4725));
#2005=EDGE_LOOP('',(#4726,#4727,#4728,#4729));
#2006=EDGE_LOOP('',(#4730,#4731,#4732,#4733));
#2007=EDGE_LOOP('',(#4734,#4735,#4736,#4737));
#2008=EDGE_LOOP('',(#4738,#4739,#4740,#4741));
#2009=EDGE_LOOP('',(#4742,#4743,#4744,#4745));
#2010=EDGE_LOOP('',(#4746,#4747,#4748,#4749));
#2011=EDGE_LOOP('',(#4750,#4751,#4752,#4753));
#2012=EDGE_LOOP('',(#4754,#4755,#4756,#4757));
#2013=EDGE_LOOP('',(#4758,#4759,#4760,#4761));
#2014=EDGE_LOOP('',(#4762,#4763,#4764,#4765));
#2015=EDGE_LOOP('',(#4766,#4767,#4768,#4769));
#2016=EDGE_LOOP('',(#4770,#4771,#4772,#4773));
#2017=EDGE_LOOP('',(#4774,#4775,#4776,#4777));
#2018=EDGE_LOOP('',(#4778,#4779,#4780,#4781));
#2019=EDGE_LOOP('',(#4782,#4783,#4784,#4785));
#2020=EDGE_LOOP('',(#4786,#4787,#4788,#4789));
#2021=EDGE_LOOP('',(#4790,#4791,#4792,#4793));
#2022=EDGE_LOOP('',(#4794,#4795,#4796,#4797));
#2023=EDGE_LOOP('',(#4798,#4799,#4800,#4801));
#2024=EDGE_LOOP('',(#4802,#4803,#4804,#4805));
#2025=EDGE_LOOP('',(#4806,#4807,#4808,#4809));
#2026=EDGE_LOOP('',(#4810,#4811,#4812,#4813));
#2027=EDGE_LOOP('',(#4814,#4815,#4816,#4817));
#2028=EDGE_LOOP('',(#4818,#4819,#4820,#4821));
#2029=EDGE_LOOP('',(#4822,#4823,#4824,#4825));
#2030=EDGE_LOOP('',(#4826,#4827,#4828,#4829));
#2031=EDGE_LOOP('',(#4830,#4831,#4832,#4833));
#2032=EDGE_LOOP('',(#4834,#4835,#4836,#4837));
#2033=EDGE_LOOP('',(#4838,#4839,#4840,#4841));
#2034=EDGE_LOOP('',(#4842,#4843,#4844,#4845));
#2035=EDGE_LOOP('',(#4846,#4847,#4848,#4849,#4850,#4851,#4852,#4853,#4854,
#4855,#4856,#4857,#4858,#4859,#4860,#4861,#4862,#4863,#4864,#4865));
#2036=EDGE_LOOP('',(#4866,#4867,#4868,#4869));
#2037=EDGE_LOOP('',(#4870,#4871,#4872,#4873));
#2038=EDGE_LOOP('',(#4874,#4875,#4876,#4877));
#2039=EDGE_LOOP('',(#4878,#4879,#4880,#4881));
#2040=EDGE_LOOP('',(#4882,#4883,#4884,#4885));
#2041=EDGE_LOOP('',(#4886,#4887,#4888,#4889));
#2042=EDGE_LOOP('',(#4890,#4891,#4892,#4893));
#2043=EDGE_LOOP('',(#4894,#4895,#4896,#4897));
#2044=EDGE_LOOP('',(#4898,#4899,#4900,#4901));
#2045=EDGE_LOOP('',(#4902,#4903,#4904,#4905));
#2046=EDGE_LOOP('',(#4906,#4907,#4908,#4909));
#2047=EDGE_LOOP('',(#4910,#4911,#4912,#4913));
#2048=EDGE_LOOP('',(#4914,#4915,#4916,#4917));
#2049=EDGE_LOOP('',(#4918,#4919,#4920,#4921));
#2050=EDGE_LOOP('',(#4922,#4923,#4924,#4925));
#2051=EDGE_LOOP('',(#4926,#4927,#4928,#4929));
#2052=EDGE_LOOP('',(#4930,#4931,#4932,#4933));
#2053=EDGE_LOOP('',(#4934,#4935,#4936,#4937,#4938,#4939,#4940,#4941,#4942,
#4943,#4944,#4945));
#2054=EDGE_LOOP('',(#4946,#4947,#4948,#4949));
#2055=EDGE_LOOP('',(#4950,#4951,#4952,#4953));
#2056=EDGE_LOOP('',(#4954,#4955,#4956,#4957));
#2057=EDGE_LOOP('',(#4958,#4959,#4960,#4961));
#2058=EDGE_LOOP('',(#4962,#4963,#4964,#4965));
#2059=EDGE_LOOP('',(#4966,#4967,#4968,#4969));
#2060=EDGE_LOOP('',(#4970,#4971,#4972,#4973));
#2061=EDGE_LOOP('',(#4974,#4975,#4976,#4977));
#2062=EDGE_LOOP('',(#4978,#4979,#4980,#4981));
#2063=EDGE_LOOP('',(#4982,#4983,#4984,#4985));
#2064=EDGE_LOOP('',(#4986,#4987,#4988,#4989));
#2065=EDGE_LOOP('',(#4990,#4991,#4992,#4993));
#2066=EDGE_LOOP('',(#4994,#4995,#4996,#4997));
#2067=EDGE_LOOP('',(#4998,#4999,#5000,#5001));
#2068=EDGE_LOOP('',(#5002,#5003,#5004,#5005));
#2069=EDGE_LOOP('',(#5006,#5007,#5008,#5009));
#2070=EDGE_LOOP('',(#5010,#5011,#5012,#5013));
#2071=EDGE_LOOP('',(#5014,#5015,#5016,#5017));
#2072=EDGE_LOOP('',(#5018,#5019,#5020,#5021));
#2073=EDGE_LOOP('',(#5022,#5023,#5024,#5025));
#2074=EDGE_LOOP('',(#5026,#5027,#5028,#5029));
#2075=EDGE_LOOP('',(#5030,#5031,#5032,#5033));
#2076=EDGE_LOOP('',(#5034,#5035,#5036,#5037));
#2077=EDGE_LOOP('',(#5038,#5039,#5040,#5041));
#2078=EDGE_LOOP('',(#5042,#5043,#5044,#5045));
#2079=EDGE_LOOP('',(#5046,#5047,#5048,#5049));
#2080=EDGE_LOOP('',(#5050,#5051,#5052,#5053));
#2081=EDGE_LOOP('',(#5054,#5055,#5056,#5057,#5058,#5059,#5060,#5061,#5062,
#5063,#5064,#5065,#5066,#5067,#5068,#5069,#5070,#5071,#5072,#5073,#5074,
#5075));
#2082=EDGE_LOOP('',(#5076,#5077,#5078,#5079));
#2083=EDGE_LOOP('',(#5080,#5081,#5082,#5083));
#2084=EDGE_LOOP('',(#5084,#5085,#5086,#5087));
#2085=EDGE_LOOP('',(#5088,#5089,#5090,#5091));
#2086=EDGE_LOOP('',(#5092,#5093,#5094,#5095));
#2087=EDGE_LOOP('',(#5096,#5097,#5098,#5099));
#2088=EDGE_LOOP('',(#5100,#5101,#5102,#5103));
#2089=EDGE_LOOP('',(#5104,#5105,#5106,#5107));
#2090=EDGE_LOOP('',(#5108,#5109,#5110,#5111));
#2091=EDGE_LOOP('',(#5112,#5113,#5114,#5115));
#2092=EDGE_LOOP('',(#5116,#5117,#5118,#5119));
#2093=EDGE_LOOP('',(#5120,#5121,#5122,#5123));
#2094=EDGE_LOOP('',(#5124,#5125,#5126,#5127));
#2095=EDGE_LOOP('',(#5128,#5129,#5130,#5131));
#2096=EDGE_LOOP('',(#5132,#5133,#5134,#5135));
#2097=EDGE_LOOP('',(#5136,#5137,#5138,#5139));
#2098=EDGE_LOOP('',(#5140,#5141,#5142,#5143));
#2099=EDGE_LOOP('',(#5144,#5145,#5146,#5147));
#2100=EDGE_LOOP('',(#5148,#5149,#5150,#5151));
#2101=EDGE_LOOP('',(#5152,#5153,#5154,#5155));
#2102=EDGE_LOOP('',(#5156,#5157,#5158,#5159));
#2103=EDGE_LOOP('',(#5160,#5161,#5162,#5163));
#2104=EDGE_LOOP('',(#5164,#5165,#5166,#5167));
#2105=EDGE_LOOP('',(#5168,#5169,#5170,#5171));
#2106=EDGE_LOOP('',(#5172,#5173,#5174,#5175));
#2107=EDGE_LOOP('',(#5176,#5177,#5178,#5179));
#2108=EDGE_LOOP('',(#5180,#5181,#5182,#5183));
#2109=EDGE_LOOP('',(#5184,#5185,#5186,#5187));
#2110=EDGE_LOOP('',(#5188,#5189,#5190,#5191));
#2111=EDGE_LOOP('',(#5192,#5193,#5194,#5195));
#2112=EDGE_LOOP('',(#5196,#5197,#5198,#5199));
#2113=EDGE_LOOP('',(#5200,#5201,#5202,#5203));
#2114=EDGE_LOOP('',(#5204,#5205,#5206,#5207));
#2115=EDGE_LOOP('',(#5208,#5209,#5210,#5211));
#2116=EDGE_LOOP('',(#5212,#5213,#5214,#5215));
#2117=EDGE_LOOP('',(#5216,#5217,#5218,#5219));
#2118=EDGE_LOOP('',(#5220,#5221,#5222,#5223));
#2119=EDGE_LOOP('',(#5224,#5225,#5226,#5227,#5228,#5229,#5230,#5231,#5232,
#5233,#5234,#5235,#5236,#5237,#5238,#5239,#5240,#5241,#5242,#5243,#5244,
#5245,#5246,#5247,#5248,#5249,#5250,#5251,#5252,#5253,#5254,#5255,#5256,
#5257,#5258,#5259,#5260));
#2120=EDGE_LOOP('',(#5261,#5262,#5263,#5264));
#2121=EDGE_LOOP('',(#5265,#5266,#5267,#5268));
#2122=EDGE_LOOP('',(#5269,#5270,#5271,#5272));
#2123=EDGE_LOOP('',(#5273,#5274,#5275,#5276));
#2124=EDGE_LOOP('',(#5277,#5278,#5279,#5280));
#2125=EDGE_LOOP('',(#5281,#5282,#5283,#5284));
#2126=EDGE_LOOP('',(#5285,#5286,#5287,#5288));
#2127=EDGE_LOOP('',(#5289,#5290,#5291,#5292));
#2128=EDGE_LOOP('',(#5293,#5294,#5295,#5296));
#2129=EDGE_LOOP('',(#5297,#5298,#5299,#5300));
#2130=EDGE_LOOP('',(#5301,#5302,#5303,#5304));
#2131=EDGE_LOOP('',(#5305,#5306,#5307,#5308));
#2132=EDGE_LOOP('',(#5309,#5310,#5311,#5312));
#2133=EDGE_LOOP('',(#5313,#5314,#5315,#5316));
#2134=EDGE_LOOP('',(#5317,#5318,#5319,#5320));
#2135=EDGE_LOOP('',(#5321,#5322,#5323,#5324));
#2136=EDGE_LOOP('',(#5325,#5326,#5327,#5328));
#2137=EDGE_LOOP('',(#5329,#5330,#5331,#5332));
#2138=EDGE_LOOP('',(#5333,#5334,#5335,#5336));
#2139=EDGE_LOOP('',(#5337,#5338,#5339,#5340));
#2140=EDGE_LOOP('',(#5341,#5342,#5343,#5344));
#2141=EDGE_LOOP('',(#5345,#5346,#5347,#5348));
#2142=EDGE_LOOP('',(#5349,#5350,#5351,#5352,#5353,#5354,#5355,#5356,#5357,
#5358,#5359,#5360,#5361,#5362,#5363,#5364,#5365,#5366,#5367,#5368,#5369,
#5370));
#2143=EDGE_LOOP('',(#5371,#5372,#5373,#5374));
#2144=EDGE_LOOP('',(#5375,#5376,#5377,#5378));
#2145=EDGE_LOOP('',(#5379,#5380,#5381,#5382));
#2146=EDGE_LOOP('',(#5383,#5384,#5385,#5386));
#2147=EDGE_LOOP('',(#5387,#5388,#5389,#5390));
#2148=EDGE_LOOP('',(#5391,#5392,#5393,#5394));
#2149=EDGE_LOOP('',(#5395,#5396,#5397,#5398));
#2150=EDGE_LOOP('',(#5399,#5400,#5401,#5402));
#2151=EDGE_LOOP('',(#5403,#5404,#5405,#5406));
#2152=EDGE_LOOP('',(#5407,#5408,#5409,#5410));
#2153=EDGE_LOOP('',(#5411,#5412,#5413,#5414));
#2154=EDGE_LOOP('',(#5415,#5416,#5417,#5418,#5419,#5420));
#2155=EDGE_LOOP('',(#5421,#5422,#5423,#5424,#5425,#5426,#5427,#5428,#5429,
#5430));
#2156=EDGE_LOOP('',(#5431,#5432,#5433,#5434));
#2157=EDGE_LOOP('',(#5435,#5436,#5437,#5438));
#2158=EDGE_LOOP('',(#5439,#5440,#5441,#5442,#5443,#5444,#5445,#5446));
#2159=EDGE_LOOP('',(#5447));
#2160=EDGE_LOOP('',(#5448));
#2161=EDGE_LOOP('',(#5449));
#2162=EDGE_LOOP('',(#5450));
#2163=EDGE_LOOP('',(#5451,#5452,#5453,#5454));
#2164=EDGE_LOOP('',(#5455,#5456,#5457,#5458));
#2165=EDGE_LOOP('',(#5459,#5460,#5461,#5462));
#2166=EDGE_LOOP('',(#5463,#5464,#5465,#5466));
#2167=EDGE_LOOP('',(#5467,#5468,#5469,#5470));
#2168=EDGE_LOOP('',(#5471,#5472,#5473,#5474,#5475,#5476));
#2169=EDGE_LOOP('',(#5477,#5478,#5479,#5480,#5481,#5482,#5483,#5484,#5485,
#5486,#5487,#5488,#5489,#5490,#5491,#5492,#5493,#5494,#5495,#5496,#5497,
#5498,#5499,#5500,#5501,#5502));
#2170=EDGE_LOOP('',(#5503,#5504,#5505,#5506,#5507,#5508,#5509,#5510,#5511,
#5512,#5513,#5514,#5515,#5516,#5517,#5518,#5519,#5520,#5521,#5522,#5523,
#5524,#5525,#5526,#5527,#5528,#5529,#5530,#5531,#5532,#5533,#5534,#5535,
#5536,#5537,#5538,#5539,#5540,#5541,#5542,#5543));
#2171=EDGE_LOOP('',(#5544,#5545,#5546,#5547,#5548,#5549,#5550,#5551,#5552,
#5553,#5554,#5555,#5556,#5557,#5558,#5559,#5560,#5561,#5562,#5563,#5564,
#5565,#5566,#5567,#5568,#5569));
#2172=EDGE_LOOP('',(#5570,#5571,#5572,#5573,#5574,#5575,#5576,#5577,#5578,
#5579,#5580,#5581,#5582,#5583,#5584,#5585,#5586,#5587,#5588));
#2173=EDGE_LOOP('',(#5589,#5590,#5591,#5592,#5593,#5594));
#2174=EDGE_LOOP('',(#5595,#5596,#5597,#5598,#5599,#5600,#5601,#5602,#5603,
#5604,#5605,#5606,#5607));
#2175=EDGE_LOOP('',(#5608,#5609,#5610,#5611));
#2176=EDGE_LOOP('',(#5612,#5613,#5614,#5615));
#2177=EDGE_LOOP('',(#5616,#5617,#5618,#5619,#5620,#5621,#5622,#5623,#5624,
#5625,#5626,#5627,#5628,#5629,#5630,#5631,#5632,#5633,#5634,#5635));
#2178=EDGE_LOOP('',(#5636,#5637,#5638,#5639));
#2179=EDGE_LOOP('',(#5640,#5641,#5642,#5643,#5644,#5645,#5646,#5647,#5648,
#5649,#5650,#5651));
#2180=EDGE_LOOP('',(#5652,#5653,#5654,#5655));
#2181=EDGE_LOOP('',(#5656,#5657,#5658,#5659,#5660,#5661,#5662,#5663,#5664,
#5665,#5666,#5667,#5668,#5669,#5670,#5671,#5672,#5673,#5674,#5675,#5676,
#5677));
#2182=EDGE_LOOP('',(#5678,#5679,#5680,#5681,#5682,#5683,#5684,#5685,#5686,
#5687,#5688,#5689,#5690,#5691,#5692,#5693,#5694,#5695,#5696,#5697,#5698,
#5699,#5700,#5701,#5702,#5703,#5704,#5705,#5706,#5707,#5708,#5709,#5710,
#5711,#5712,#5713,#5714));
#2183=EDGE_LOOP('',(#5715,#5716,#5717,#5718,#5719,#5720,#5721,#5722,#5723,
#5724,#5725,#5726,#5727,#5728,#5729,#5730,#5731,#5732,#5733,#5734,#5735,
#5736));
#2184=EDGE_LOOP('',(#5737,#5738,#5739,#5740));
#2185=EDGE_LOOP('',(#5741,#5742,#5743,#5744,#5745,#5746));
#2186=EDGE_LOOP('',(#5747,#5748,#5749,#5750));
#2187=EDGE_LOOP('',(#5751,#5752,#5753,#5754));
#2188=EDGE_LOOP('',(#5755,#5756,#5757,#5758));
#2189=EDGE_LOOP('',(#5759,#5760,#5761,#5762));
#2190=EDGE_LOOP('',(#5763,#5764,#5765,#5766));
#2191=EDGE_LOOP('',(#5767,#5768,#5769,#5770));
#2192=EDGE_LOOP('',(#5771,#5772,#5773,#5774));
#2193=EDGE_LOOP('',(#5775,#5776,#5777,#5778));
#2194=EDGE_LOOP('',(#5779,#5780,#5781,#5782));
#2195=EDGE_LOOP('',(#5783,#5784,#5785,#5786));
#2196=EDGE_LOOP('',(#5787));
#2197=EDGE_LOOP('',(#5788));
#2198=EDGE_LOOP('',(#5789,#5790,#5791,#5792));
#2199=EDGE_LOOP('',(#5793));
#2200=EDGE_LOOP('',(#5794));
#2201=EDGE_LOOP('',(#5795,#5796,#5797,#5798));
#2202=EDGE_LOOP('',(#5799));
#2203=EDGE_LOOP('',(#5800));
#2204=EDGE_LOOP('',(#5801,#5802,#5803,#5804));
#2205=EDGE_LOOP('',(#5805));
#2206=EDGE_LOOP('',(#5806));
#2207=B_SPLINE_CURVE_WITH_KNOTS('',3,(#7595,#7596,#7597,#7598,#7599,#7600,
#7601,#7602,#7603,#7604,#7605,#7606,#7607),.UNSPECIFIED.,.F.,.F.,(4,3,3,
3,4),(0.,0.0890605702935231,0.178121140587046,0.222651425733808,0.311711996027331),
 .UNSPECIFIED.);
#2208=B_SPLINE_CURVE_WITH_KNOTS('',3,(#7609,#7610,#7611,#7612),
 .UNSPECIFIED.,.F.,.F.,(4,4),(-0.375000000000003,0.125000000000006),
 .UNSPECIFIED.);
#2209=B_SPLINE_CURVE_WITH_KNOTS('',3,(#7614,#7615,#7616,#7617,#7618,#7619,
#7620,#7621,#7622,#7623,#7624,#7625,#7626),.UNSPECIFIED.,.F.,.F.,(4,3,3,
3,4),(0.,0.0890605702937276,0.133590855440591,0.222651425734319,0.311711996028046),
 .UNSPECIFIED.);
#2210=B_SPLINE_CURVE_WITH_KNOTS('',3,(#7627,#7628,#7629,#7630),
 .UNSPECIFIED.,.F.,.F.,(4,4),(-0.125000000000006,0.375000000000003),
 .UNSPECIFIED.);
#2211=B_SPLINE_CURVE_WITH_KNOTS('',3,(#7667,#7668,#7669,#7670,#7671,#7672,
#7673,#7674,#7675,#7676,#7677,#7678,#7679),.UNSPECIFIED.,.F.,.F.,(4,3,3,
3,4),(0.,0.0890605702933271,0.178121140586654,0.222651425733318,0.311711996026645),
 .UNSPECIFIED.);
#2212=B_SPLINE_CURVE_WITH_KNOTS('',3,(#7681,#7682,#7683,#7684),
 .UNSPECIFIED.,.F.,.F.,(4,4),(-0.375000000000007,0.125000000000002),
 .UNSPECIFIED.);
#2213=B_SPLINE_CURVE_WITH_KNOTS('',3,(#7686,#7687,#7688,#7689,#7690,#7691,
#7692,#7693,#7694,#7695,#7696,#7697,#7698),.UNSPECIFIED.,.F.,.F.,(4,3,3,
3,4),(0.,0.0890605702959892,0.133590855443984,0.222651425739973,0.311711996035962),
 .UNSPECIFIED.);
#2214=B_SPLINE_CURVE_WITH_KNOTS('',3,(#7699,#7700,#7701,#7702),
 .UNSPECIFIED.,.F.,.F.,(4,4),(-0.125000000000002,0.375000000000007),
 .UNSPECIFIED.);
#2215=B_SPLINE_CURVE_WITH_KNOTS('',3,(#7811,#7812,#7813,#7814,#7815,#7816,
#7817,#7818,#7819,#7820,#7821,#7822,#7823,#7824,#7825,#7826),
 .UNSPECIFIED.,.F.,.F.,(4,3,3,3,3,4),(0.,0.00579992433420907,0.00598524103701131,
0.00797694550647864,0.0108166415263102,0.0116109456343356),
 .UNSPECIFIED.);
#2216=B_SPLINE_CURVE_WITH_KNOTS('',3,(#7830,#7831,#7832,#7833,#7834),
 .UNSPECIFIED.,.F.,.F.,(4,1,4),(0.,0.00593484773859285,0.011502827621708),
 .UNSPECIFIED.);
#2217=B_SPLINE_CURVE_WITH_KNOTS('',3,(#7853,#7854,#7855,#7856,#7857,#7858,
#7859,#7860,#7861,#7862,#7863,#7864,#7865,#7866,#7867,#7868),
 .UNSPECIFIED.,.F.,.F.,(4,3,3,3,3,4),(0.,0.00293523464380588,0.00519649758978273,
0.0056294689171652,0.0057247432883551,0.0114464214572697),.UNSPECIFIED.);
#2218=B_SPLINE_CURVE_WITH_KNOTS('',3,(#7870,#7871,#7872,#7873,#7874),
 .UNSPECIFIED.,.F.,.F.,(4,1,4),(0.,0.00541687648971338,0.0110171112816094),
 .UNSPECIFIED.);
#2219=B_SPLINE_CURVE_WITH_KNOTS('',3,(#7887,#7888,#7889,#7890,#7891,#7892,
#7893,#7894,#7895,#7896,#7897,#7898,#7899),.UNSPECIFIED.,.F.,.F.,(4,3,3,
3,4),(0.,0.00514831858532067,0.00886639627352219,0.00890721270841427,0.0178141176592048),
 .UNSPECIFIED.);
#2220=B_SPLINE_CURVE_WITH_KNOTS('',3,(#7901,#7902,#7903,#7904,#7905),
 .UNSPECIFIED.,.F.,.F.,(4,1,4),(0.,0.00857028978845171,0.0172195470306181),
 .UNSPECIFIED.);
#2221=B_SPLINE_CURVE_WITH_KNOTS('',3,(#7918,#7919,#7920,#7921,#7922,#7923,
#7924,#7925,#7926,#7927,#7928,#7929,#7930),.UNSPECIFIED.,.F.,.F.,(4,3,3,
3,4),(0.,0.00865970610681995,0.00868422930876526,0.0128068708026862,0.0173198389799837),
 .UNSPECIFIED.);
#2222=B_SPLINE_CURVE_WITH_KNOTS('',3,(#7932,#7933,#7934,#7935,#7936),
 .UNSPECIFIED.,.F.,.F.,(4,1,4),(0.,0.00845281876382386,0.0168581797987752),
 .UNSPECIFIED.);
#2223=B_SPLINE_CURVE_WITH_KNOTS('',3,(#7949,#7950,#7951,#7952,#7953,#7954,
#7955,#7956,#7957,#7958,#7959,#7960,#7961,#7962,#7963,#7964),
 .UNSPECIFIED.,.F.,.F.,(4,3,3,3,3,4),(0.,0.00571450910442746,0.00579415490902276,
0.00816197514521437,0.0112222974377399,0.0114312629247225),
 .UNSPECIFIED.);
#2224=B_SPLINE_CURVE_WITH_KNOTS('',3,(#7966,#7967,#7968,#7969,#7970),
 .UNSPECIFIED.,.F.,.F.,(4,1,4),(0.,0.00573170703992117,0.0113059818303722),
 .UNSPECIFIED.);
#2225=B_SPLINE_CURVE_WITH_KNOTS('',3,(#7989,#7990,#7991,#7992,#7993,#7994,
#7995,#7996,#7997,#7998,#7999,#8000,#8001,#8002,#8003,#8004),
 .UNSPECIFIED.,.F.,.F.,(4,3,3,3,3,4),(0.,0.00240933494030594,0.00458176179469087,
0.00592035776253121,0.00611532754406668,0.0122190594322584),
 .UNSPECIFIED.);
#2226=B_SPLINE_CURVE_WITH_KNOTS('',3,(#8006,#8007,#8008,#8009,#8010),
 .UNSPECIFIED.,.F.,.F.,(4,1,4),(0.,0.00556800611025287,0.0115028538488457),
 .UNSPECIFIED.);
#2227=B_SPLINE_CURVE_WITH_KNOTS('',3,(#8023,#8024,#8025,#8026,#8027,#8028,
#8029,#8030,#8031,#8032,#8033,#8034,#8035),.UNSPECIFIED.,.F.,.F.,(4,3,3,
3,4),(0.,0.0106832542453277,0.0106914742291392,0.0182273289703461,0.0213671395533187),
 .UNSPECIFIED.);
#2228=B_SPLINE_CURVE_WITH_KNOTS('',3,(#8037,#8038,#8039,#8040,#8041),
 .UNSPECIFIED.,.F.,.F.,(4,1,4),(0.,0.0104293295001856,0.0208432254136939),
 .UNSPECIFIED.);
#2229=B_SPLINE_CURVE_WITH_KNOTS('',3,(#8072,#8073,#8074,#8075,#8076,#8077,
#8078,#8079,#8080,#8081,#8082,#8083,#8084,#8085,#8086,#8087),
 .UNSPECIFIED.,.F.,.F.,(4,3,3,3,3,4),(0.,0.00170313349231316,0.0030079469612692,
0.00323354693071039,0.00328795080242649,0.00657417477514834),
 .UNSPECIFIED.);
#2230=B_SPLINE_CURVE_WITH_KNOTS('',3,(#8089,#8090,#8091,#8092,#8093),
 .UNSPECIFIED.,.F.,.F.,(4,1,4),(0.,0.0030593758263237,0.00622171455636942),
 .UNSPECIFIED.);
#2231=B_SPLINE_CURVE_WITH_KNOTS('',3,(#8106,#8107,#8108,#8109,#8110,#8111,
#8112,#8113,#8114,#8115,#8116,#8117,#8118),.UNSPECIFIED.,.F.,.F.,(4,3,3,
3,4),(0.,0.00164527358003823,0.0016665717033075,0.00293676200825895,0.0032910767401726),
 .UNSPECIFIED.);
#2232=B_SPLINE_CURVE_WITH_KNOTS('',3,(#8120,#8121,#8122,#8123,#8124),
 .UNSPECIFIED.,.F.,.F.,(4,1,4),(0.,0.00166504476672535,0.00328754757560082),
 .UNSPECIFIED.);
#2233=B_SPLINE_CURVE_WITH_KNOTS('',3,(#8137,#8138,#8139,#8140,#8141,#8142,
#8143,#8144,#8145,#8146,#8147,#8148,#8149),.UNSPECIFIED.,.F.,.F.,(4,3,3,
3,4),(0.,0.00937515098705504,0.0106873269221446,0.0106949936610158,0.021390371242619),
 .UNSPECIFIED.);
#2234=B_SPLINE_CURVE_WITH_KNOTS('',3,(#8152,#8153,#8154,#8155,#8156),
 .UNSPECIFIED.,.F.,.F.,(4,1,4),(0.,0.0104139542937063,0.0208432346437788),
 .UNSPECIFIED.);
#2235=B_SPLINE_CURVE_WITH_KNOTS('',3,(#8186,#8187,#8188,#8189,#8190,#8191,
#8192,#8193,#8194,#8195,#8196,#8197,#8198,#8199,#8200,#8201),
 .UNSPECIFIED.,.F.,.F.,(4,3,3,3,3,4),(0.,0.00319161952126054,0.00324441074873926,
0.00455289551245451,0.00625000587444317,0.00638493057917577),
 .UNSPECIFIED.);
#2236=B_SPLINE_CURVE_WITH_KNOTS('',3,(#8204,#8205,#8206,#8207,#8208),
 .UNSPECIFIED.,.F.,.F.,(4,1,4),(0.,0.00316228972330931,0.0062217239967512),
 .UNSPECIFIED.);
#2237=B_SPLINE_CURVE_WITH_KNOTS('',3,(#8220,#8221,#8222,#8223,#8224,#8225,
#8226,#8227,#8228,#8229,#8230,#8231,#8232),.UNSPECIFIED.,.F.,.F.,(4,3,3,
3,4),(0.,0.00152146829120672,0.001666458996907,0.00168834369904411,0.00337614449172871),
 .UNSPECIFIED.);
#2238=B_SPLINE_CURVE_WITH_KNOTS('',3,(#8235,#8236,#8237,#8238,#8239),
 .UNSPECIFIED.,.F.,.F.,(4,1,4),(0.,0.00162246974591467,0.00328755388862598),
 .UNSPECIFIED.);
#2239=B_SPLINE_CURVE_WITH_KNOTS('',3,(#8257,#8258,#8259,#8260,#8261,#8262,
#8263,#8264,#8265,#8266,#8267,#8268,#8269,#8270,#8271,#8272),
 .UNSPECIFIED.,.F.,.F.,(4,3,3,3,3,4),(0.,0.0121694766135146,0.0123634153372521,
0.0160336720789237,0.022159291283318,0.0243449786117777),.UNSPECIFIED.);
#2240=B_SPLINE_CURVE_WITH_KNOTS('',3,(#8275,#8276,#8277,#8278,#8279),
 .UNSPECIFIED.,.F.,.F.,(4,1,4),(0.,0.0122218053369569,0.0240603959185704),
 .UNSPECIFIED.);
#2241=B_SPLINE_CURVE_WITH_KNOTS('',3,(#8291,#8292,#8293,#8294,#8295,#8296,
#8297,#8298,#8299,#8300,#8301,#8302,#8303,#8304,#8305,#8306),
 .UNSPECIFIED.,.F.,.F.,(4,3,3,3,3,4),(0.,0.0186998806763436,0.0187462946915985,
0.026521265199414,0.0367034674896495,0.0374021635333968),.UNSPECIFIED.);
#2242=B_SPLINE_CURVE_WITH_KNOTS('',3,(#8309,#8310,#8311,#8312,#8313),
 .UNSPECIFIED.,.F.,.F.,(4,1,4),(0.,0.0182691660415725,0.0364499854309825),
 .UNSPECIFIED.);
#2243=B_SPLINE_CURVE_WITH_KNOTS('',3,(#8325,#8326,#8327,#8328,#8329,#8330,
#8331,#8332,#8333,#8334,#8335,#8336,#8337),.UNSPECIFIED.,.F.,.F.,(4,3,3,
3,4),(0.,0.0186067515578193,0.0186174177886419,0.0303437522762117,0.0372167816809801),
 .UNSPECIFIED.);
#2244=B_SPLINE_CURVE_WITH_KNOTS('',3,(#8340,#8341,#8342,#8343,#8344),
 .UNSPECIFIED.,.F.,.F.,(4,1,4),(0.,0.0181394444612379,0.036261286645501),
 .UNSPECIFIED.);
#2245=B_SPLINE_CURVE_WITH_KNOTS('',3,(#8356,#8357,#8358,#8359,#8360,#8361,
#8362,#8363,#8364,#8365,#8366,#8367,#8368,#8369,#8370,#8371),
 .UNSPECIFIED.,.F.,.F.,(4,3,3,3,3,4),(0.,0.00429766188698154,0.00833290936552458,
0.0120196838085741,0.0122474311951682,0.0244872426113182),.UNSPECIFIED.);
#2246=B_SPLINE_CURVE_WITH_KNOTS('',3,(#8374,#8375,#8376,#8377,#8378),
 .UNSPECIFIED.,.F.,.F.,(4,1,4),(0.,0.011496204564695,0.0234285948897145),
 .UNSPECIFIED.);
#2247=B_SPLINE_CURVE_WITH_KNOTS('',3,(#8395,#8396,#8397,#8398,#8399,#8400,
#8401,#8402,#8403,#8404,#8405,#8406,#8407),.UNSPECIFIED.,.F.,.F.,(4,3,3,
3,4),(0.,0.00117524620131671,0.00162795749381289,0.00167440623217231,0.00334637412669935),
 .UNSPECIFIED.);
#2248=B_SPLINE_CURVE_WITH_KNOTS('',3,(#8411,#8412,#8413,#8414,#8415),
 .UNSPECIFIED.,.F.,.F.,(4,1,4),(0.,0.00154436053208,0.003176854965353),
 .UNSPECIFIED.);
#2249=B_SPLINE_CURVE_WITH_KNOTS('',3,(#8428,#8429,#8430,#8431,#8432,#8433,
#8434),.UNSPECIFIED.,.F.,.F.,(4,3,4),(0.,0.00464830135046619,0.00929661388931026),
 .UNSPECIFIED.);
#2250=B_SPLINE_CURVE_WITH_KNOTS('',3,(#8436,#8437,#8438,#8439,#8440),
 .UNSPECIFIED.,.F.,.F.,(4,1,4),(0.,0.00453484066057705,0.00906525589913848),
 .UNSPECIFIED.);
#2251=B_SPLINE_CURVE_WITH_KNOTS('',3,(#8471,#8472,#8473,#8474,#8475,#8476,
#8477,#8478,#8479,#8480,#8481,#8482,#8483,#8484,#8485,#8486),
 .UNSPECIFIED.,.F.,.F.,(4,3,3,3,3,4),(0.,0.00561338871718592,0.0101678467918744,
0.0119886248703436,0.0120556882228845,0.0241112040028991),.UNSPECIFIED.);
#2252=B_SPLINE_CURVE_WITH_KNOTS('',3,(#8488,#8489,#8490,#8491,#8492),
 .UNSPECIFIED.,.F.,.F.,(4,1,4),(0.,0.0115612278481014,0.0232523461252684),
 .UNSPECIFIED.);
#2253=B_SPLINE_CURVE_WITH_KNOTS('',3,(#8505,#8506,#8507,#8508,#8509,#8510,
#8511,#8512,#8513,#8514,#8515,#8516,#8517,#8518,#8519,#8520),
 .UNSPECIFIED.,.F.,.F.,(4,3,3,3,3,4),(0.,0.00896165888273434,0.00906400386536461,
0.0122944354358869,0.0168945389338868,0.017925617850605),.UNSPECIFIED.);
#2254=B_SPLINE_CURVE_WITH_KNOTS('',3,(#8522,#8523,#8524,#8525,#8526),
 .UNSPECIFIED.,.F.,.F.,(4,1,4),(0.,0.00892999732307289,0.0176583961591366),
 .UNSPECIFIED.);
#2255=B_SPLINE_CURVE_WITH_KNOTS('',3,(#8539,#8540,#8541,#8542,#8543,#8544,
#8545,#8546,#8547,#8548,#8549,#8550,#8551,#8552,#8553,#8554),
 .UNSPECIFIED.,.F.,.F.,(4,3,3,3,3,4),(0.,0.0585595757787956,0.0783313775170188,
0.0901602357557422,0.1075049655715,0.130523474516577),.UNSPECIFIED.);
#2256=B_SPLINE_CURVE_WITH_KNOTS('',3,(#8556,#8557,#8558,#8559,#8560),
 .UNSPECIFIED.,.F.,.F.,(4,1,4),(0.,0.0861487358551565,0.117104554323245),
 .UNSPECIFIED.);
#2257=B_SPLINE_CURVE_WITH_KNOTS('',3,(#8573,#8574,#8575,#8576,#8577,#8578,
#8579,#8580,#8581,#8582,#8583,#8584,#8585),.UNSPECIFIED.,.F.,.F.,(4,3,3,
3,4),(0.,0.00447109764826179,0.00449925505390357,0.00658172260758988,0.00894254757277392),
 .UNSPECIFIED.);
#2258=B_SPLINE_CURVE_WITH_KNOTS('',3,(#8587,#8588,#8589,#8590,#8591),
 .UNSPECIFIED.,.F.,.F.,(4,1,4),(0.,0.00439317661142036,0.00873137240752195),
 .UNSPECIFIED.);
#2259=B_SPLINE_CURVE_WITH_KNOTS('',3,(#8604,#8605,#8606,#8607,#8608,#8609,
#8610,#8611,#8612,#8613,#8614,#8615,#8616),.UNSPECIFIED.,.F.,.F.,(4,3,3,
3,4),(0.,0.00264155127066991,0.00448518875054923,0.00452713128907252,0.00905353131152551),
 .UNSPECIFIED.);
#2260=B_SPLINE_CURVE_WITH_KNOTS('',3,(#8618,#8619,#8620,#8621,#8622),
 .UNSPECIFIED.,.F.,.F.,(4,1,4),(0.,0.0043026731652561,0.00868584847908835),
 .UNSPECIFIED.);
#2261=B_SPLINE_CURVE_WITH_KNOTS('',3,(#8635,#8636,#8637,#8638,#8639,#8640,
#8641,#8642,#8643,#8644,#8645,#8646,#8647),.UNSPECIFIED.,.F.,.F.,(4,3,3,
3,4),(0.,0.003045188573779,0.00458605914969116,0.00461046999975189,0.00922073262261536),
 .UNSPECIFIED.);
#2262=B_SPLINE_CURVE_WITH_KNOTS('',3,(#8649,#8650,#8651,#8652,#8653),
 .UNSPECIFIED.,.F.,.F.,(4,1,4),(0.,0.00442634844548333,0.00889986510068476),
 .UNSPECIFIED.);
#2263=B_SPLINE_CURVE_WITH_KNOTS('',3,(#8666,#8667,#8668,#8669,#8670,#8671,
#8672,#8673,#8674,#8675),.UNSPECIFIED.,.F.,.F.,(4,3,3,4),(0.,0.0361887904815997,
0.0664077578471073,0.119906219353814),.UNSPECIFIED.);
#2264=B_SPLINE_CURVE_WITH_KNOTS('',3,(#8677,#8678,#8679,#8680,#8681),
 .UNSPECIFIED.,.F.,.F.,(4,1,4),(0.,0.0346100099056613,0.135917240957962),
 .UNSPECIFIED.);
#2265=B_SPLINE_CURVE_WITH_KNOTS('',3,(#8694,#8695,#8696,#8697,#8698,#8699,
#8700,#8701,#8702,#8703,#8704,#8705,#8706),.UNSPECIFIED.,.F.,.F.,(4,3,3,
3,4),(0.,0.000642554014242084,0.000979757329461983,0.00106801428152797,
0.00212362089121822),.UNSPECIFIED.);
#2266=B_SPLINE_CURVE_WITH_KNOTS('',3,(#8708,#8709,#8710,#8711,#8712),
 .UNSPECIFIED.,.F.,.F.,(4,1,4),(0.,0.000873196951389625,0.00190397671178996),
 .UNSPECIFIED.);
#2267=B_SPLINE_CURVE_WITH_KNOTS('',3,(#8725,#8726,#8727,#8728,#8729,#8730,
#8731),.UNSPECIFIED.,.F.,.F.,(4,3,4),(0.,0.0013626934514712,0.00272540923159413),
 .UNSPECIFIED.);
#2268=B_SPLINE_CURVE_WITH_KNOTS('',3,(#8733,#8734,#8735,#8736,#8737),
 .UNSPECIFIED.,.F.,.F.,(4,1,4),(0.,0.00133130947689518,0.00265522106024317),
 .UNSPECIFIED.);
#2269=B_SPLINE_CURVE_WITH_KNOTS('',3,(#8750,#8751,#8752,#8753,#8754,#8755,
#8756),.UNSPECIFIED.,.F.,.F.,(4,3,4),(0.,0.00136955545371685,0.00273909039970359),
 .UNSPECIFIED.);
#2270=B_SPLINE_CURVE_WITH_KNOTS('',3,(#8758,#8759,#8760,#8761,#8762),
 .UNSPECIFIED.,.F.,.F.,(4,1,4),(0.,0.00132385867881112,0.00265515136652591),
 .UNSPECIFIED.);
#2271=B_SPLINE_CURVE_WITH_KNOTS('',3,(#8775,#8776,#8777,#8778,#8779,#8780,
#8781,#8782,#8783,#8784,#8785,#8786,#8787),.UNSPECIFIED.,.F.,.F.,(4,3,3,
3,4),(0.,0.000829381613043465,0.00114234089737609,0.00116155576306535,0.0023224965041148),
 .UNSPECIFIED.);
#2272=B_SPLINE_CURVE_WITH_KNOTS('',3,(#8789,#8790,#8791,#8792,#8793),
 .UNSPECIFIED.,.F.,.F.,(4,1,4),(0.,0.00108165476302367,0.00219969834839384),
 .UNSPECIFIED.);
#2273=B_SPLINE_CURVE_WITH_KNOTS('',3,(#8806,#8807,#8808,#8809,#8810,#8811,
#8812,#8813,#8814,#8815),.UNSPECIFIED.,.F.,.F.,(4,3,3,4),(0.,0.0677389864481482,
0.10595212452292,0.151886876761562),.UNSPECIFIED.);
#2274=B_SPLINE_CURVE_WITH_KNOTS('',3,(#8817,#8818,#8819,#8820,#8821),
 .UNSPECIFIED.,.F.,.F.,(4,1,4),(0.,0.100882714530452,0.135480491068271),
 .UNSPECIFIED.);
#2275=B_SPLINE_CURVE_WITH_KNOTS('',3,(#8834,#8835,#8836,#8837,#8838,#8839,
#8840),.UNSPECIFIED.,.F.,.F.,(4,3,4),(0.,0.00459751633342659,0.00919503512266348),
 .UNSPECIFIED.);
#2276=B_SPLINE_CURVE_WITH_KNOTS('',3,(#8842,#8843,#8844,#8845,#8846),
 .UNSPECIFIED.,.F.,.F.,(4,1,4),(0.,0.00448420615673354,0.00896673558503128),
 .UNSPECIFIED.);
#2277=B_SPLINE_CURVE_WITH_KNOTS('',3,(#8859,#8860,#8861,#8862,#8863,#8864,
#8865,#8866,#8867,#8868,#8869,#8870,#8871,#8872,#8873,#8874),
 .UNSPECIFIED.,.F.,.F.,(4,3,3,3,3,4),(0.,0.00449554874434128,0.00456008514126567,
0.00631013501813036,0.00866563361763148,0.00899291485692776),
 .UNSPECIFIED.);
#2278=B_SPLINE_CURVE_WITH_KNOTS('',3,(#8876,#8877,#8878,#8879,#8880),
 .UNSPECIFIED.,.F.,.F.,(4,1,4),(0.,0.00445350379668211,0.008781017077952),
 .UNSPECIFIED.);
#2279=B_SPLINE_CURVE_WITH_KNOTS('',3,(#8893,#8894,#8895,#8896,#8897,#8898,
#8899,#8900,#8901,#8902,#8903,#8904,#8905),.UNSPECIFIED.,.F.,.F.,(4,3,3,
3,4),(0.,0.00289306185183957,0.00449974196600523,0.00452825335222829,0.00905619834101496),
 .UNSPECIFIED.);
#2280=B_SPLINE_CURVE_WITH_KNOTS('',3,(#8907,#8908,#8909,#8910,#8911),
 .UNSPECIFIED.,.F.,.F.,(4,1,4),(0.,0.00433819579610159,0.00873141175370557),
 .UNSPECIFIED.);
#2281=B_SPLINE_CURVE_WITH_KNOTS('',3,(#8924,#8925,#8926,#8927,#8928,#8929,
#8930,#8931,#8932,#8933,#8934,#8935,#8936,#8937,#8938,#8939,#8940,#8941,
#8942),.UNSPECIFIED.,.F.,.F.,(4,3,3,3,3,3,4),(0.,0.00942362048339588,0.0165384931487687,
0.0173319181174344,0.0255053401200622,0.0295924021174035,0.0541096127206265),
 .UNSPECIFIED.);
#2282=B_SPLINE_CURVE_WITH_KNOTS('',3,(#8944,#8945,#8946,#8947,#8948),
 .UNSPECIFIED.,.F.,.F.,(4,1,4),(0.,0.0161992689984467,0.0580550474494533),
 .UNSPECIFIED.);
#2283=B_SPLINE_CURVE_WITH_KNOTS('',3,(#8967,#8968,#8969,#8970,#8971,#8972,
#8973,#8974,#8975,#8976,#8977,#8978,#8979),.UNSPECIFIED.,.F.,.F.,(4,3,3,
3,4),(0.,0.00535588088719886,0.00544790207095216,0.00792871330133424,0.0107148158183516),
 .UNSPECIFIED.);
#2284=B_SPLINE_CURVE_WITH_KNOTS('',3,(#8982,#8983,#8984,#8985,#8986),
 .UNSPECIFIED.,.F.,.F.,(4,1,4),(0.,0.00543370008134943,0.0106839373590188),
 .UNSPECIFIED.);
#2285=B_SPLINE_CURVE_WITH_KNOTS('',3,(#8998,#8999,#9000,#9001,#9002,#9003,
#9004,#9005,#9006,#9007,#9008,#9009,#9010),.UNSPECIFIED.,.F.,.F.,(4,3,3,
3,4),(0.,0.0101319186309967,0.0142325922500142,0.0142500844733795,0.0285007249407838),
 .UNSPECIFIED.);
#2286=B_SPLINE_CURVE_WITH_KNOTS('',3,(#9013,#9014,#9015,#9016,#9017),
 .UNSPECIFIED.,.F.,.F.,(4,1,4),(0.,0.0138464773290172,0.0277275726025136),
 .UNSPECIFIED.);
#2287=B_SPLINE_CURVE_WITH_KNOTS('',3,(#9029,#9030,#9031,#9032,#9033,#9034,
#9035,#9036,#9037,#9038,#9039,#9040,#9041),.UNSPECIFIED.,.F.,.F.,(4,3,3,
3,4),(0.,0.0143993596948975,0.0144118698186166,0.0230017474628589,0.0288002626722761),
 .UNSPECIFIED.);
#2288=B_SPLINE_CURVE_WITH_KNOTS('',3,(#9044,#9045,#9046,#9047,#9048),
 .UNSPECIFIED.,.F.,.F.,(4,1,4),(0.,0.0140456790511588,0.0280684565522452),
 .UNSPECIFIED.);
#2289=B_SPLINE_CURVE_WITH_KNOTS('',3,(#9060,#9061,#9062,#9063,#9064,#9065,
#9066,#9067,#9068,#9069,#9070,#9071,#9072),.UNSPECIFIED.,.F.,.F.,(4,3,3,
3,4),(0.,0.0093681755060855,0.0143667017126427,0.0143909527322679,0.02878275747156),
 .UNSPECIFIED.);
#2290=B_SPLINE_CURVE_WITH_KNOTS('',3,(#9075,#9076,#9077,#9078,#9079),
 .UNSPECIFIED.,.F.,.F.,(4,1,4),(0.,0.0139410425425927,0.0279300559096514),
 .UNSPECIFIED.);
#2291=B_SPLINE_CURVE_WITH_KNOTS('',3,(#9103,#9104,#9105,#9106,#9107,#9108,
#9109),.UNSPECIFIED.,.F.,.F.,(4,3,4),(0.,0.0143013942669755,0.0286030298923079),
 .UNSPECIFIED.);
#2292=B_SPLINE_CURVE_WITH_KNOTS('',3,(#9112,#9113,#9114,#9115,#9116),
 .UNSPECIFIED.,.F.,.F.,(4,1,4),(0.,0.0139330549297604,0.0278638017653833),
 .UNSPECIFIED.);
#2293=B_SPLINE_CURVE_WITH_KNOTS('',3,(#9128,#9129,#9130,#9131,#9132,#9133,
#9134,#9135,#9136,#9137,#9138,#9139,#9140,#9141,#9142,#9143),
 .UNSPECIFIED.,.F.,.F.,(4,3,3,3,3,4),(0.,0.0144514602786448,0.0145164949100737,
0.0199742054124827,0.0275758755919946,0.0289048220500135),.UNSPECIFIED.);
#2294=B_SPLINE_CURVE_WITH_KNOTS('',3,(#9146,#9147,#9148,#9149,#9150),
 .UNSPECIFIED.,.F.,.F.,(4,1,4),(0.,0.014147626177965,0.0281697810826491),
 .UNSPECIFIED.);
#2295=B_SPLINE_CURVE_WITH_KNOTS('',3,(#9162,#9163,#9164,#9165,#9166,#9167,
#9168,#9169,#9170,#9171,#9172,#9173,#9174),.UNSPECIFIED.,.F.,.F.,(4,3,3,
3,4),(0.,0.0142216223108176,0.0142400227596108,0.02169812108598,0.028444579815129),
 .UNSPECIFIED.);
#2296=B_SPLINE_CURVE_WITH_KNOTS('',3,(#9177,#9178,#9179,#9180,#9181),
 .UNSPECIFIED.,.F.,.F.,(4,1,4),(0.,0.0138810952734964,0.0277275726025136),
 .UNSPECIFIED.);
#2297=B_SPLINE_CURVE_WITH_KNOTS('',3,(#9193,#9194,#9195,#9196,#9197,#9198,
#9199,#9200,#9201,#9202,#9203,#9204,#9205),.UNSPECIFIED.,.F.,.F.,(4,3,3,
3,4),(0.,0.00351779190962606,0.00543207994242234,0.00552695311422938,0.0110508057528855),
 .UNSPECIFIED.);
#2298=B_SPLINE_CURVE_WITH_KNOTS('',3,(#9208,#9209,#9210,#9211,#9212),
 .UNSPECIFIED.,.F.,.F.,(4,1,4),(0.,0.00525024309621949,0.0106839296026407),
 .UNSPECIFIED.);
#2299=B_SPLINE_CURVE_WITH_KNOTS('',3,(#9230,#9231,#9232,#9233,#9234,#9235,
#9236,#9237,#9238,#9239,#9240,#9241,#9242),.UNSPECIFIED.,.F.,.F.,(4,3,3,
3,4),(0.,0.00159914163765206,0.00164358914737656,0.00248246574378964,0.00320061959019863),
 .UNSPECIFIED.);
#2300=B_SPLINE_CURVE_WITH_KNOTS('',3,(#9245,#9246,#9247,#9248,#9249),
 .UNSPECIFIED.,.F.,.F.,(4,1,4),(0.,0.00163247891464271,0.00317678444876035),
 .UNSPECIFIED.);
#2301=B_SPLINE_CURVE_WITH_KNOTS('',3,(#9261,#9262,#9263,#9264,#9265,#9266,
#9267),.UNSPECIFIED.,.F.,.F.,(4,3,4),(0.,0.004655812952691,0.00931166855652712),
 .UNSPECIFIED.);
#2302=B_SPLINE_CURVE_WITH_KNOTS('',3,(#9270,#9271,#9272,#9273,#9274),
 .UNSPECIFIED.,.F.,.F.,(4,1,4),(0.,0.00453047378475342,0.00906536373393988),
 .UNSPECIFIED.);
#2303=B_SPLINE_CURVE_WITH_KNOTS('',3,(#9304,#9305,#9306,#9307,#9308,#9309,
#9310,#9311,#9312,#9313,#9314,#9315,#9316,#9317,#9318,#9319),
 .UNSPECIFIED.,.F.,.F.,(4,3,3,3,3,4),(0.,0.0119338172539065,0.0120009180427587,
0.0164672826098919,0.0227166901520375,0.0238692415467459),.UNSPECIFIED.);
#2304=B_SPLINE_CURVE_WITH_KNOTS('',3,(#9322,#9323,#9324,#9325,#9326),
 .UNSPECIFIED.,.F.,.F.,(4,1,4),(0.,0.011691118277167,0.0232523461252684),
 .UNSPECIFIED.);
#2305=B_SPLINE_CURVE_WITH_KNOTS('',3,(#9338,#9339,#9340,#9341,#9342,#9343,
#9344,#9345,#9346,#9347,#9348,#9349,#9350,#9351,#9352,#9353),
 .UNSPECIFIED.,.F.,.F.,(4,3,3,3,3,4),(0.,0.00405099215726967,0.00741588629236126,
0.00905061144052996,0.00915501845100665,0.0183079138885921),
 .UNSPECIFIED.);
#2306=B_SPLINE_CURVE_WITH_KNOTS('',3,(#9356,#9357,#9358,#9359,#9360),
 .UNSPECIFIED.,.F.,.F.,(4,1,4),(0.,0.00872841829834934,0.0176584156214222),
 .UNSPECIFIED.);
#2307=B_SPLINE_CURVE_WITH_KNOTS('',3,(#9371,#9372,#9373,#9374,#9375,#9376,
#9377,#9378,#9379,#9380,#9381,#9382,#9383),.UNSPECIFIED.,.F.,.F.,(4,3,3,
3,4),(0.,0.0295392533366931,0.0437091597400247,0.0593585417830428,0.0648785608927109),
 .UNSPECIFIED.);
#2308=B_SPLINE_CURVE_WITH_KNOTS('',3,(#9384,#9385,#9386,#9387,#9388),
 .UNSPECIFIED.,.F.,.F.,(4,1,4),(0.,0.0421103441732204,0.059057652469262),
 .UNSPECIFIED.);
#2309=B_SPLINE_CURVE_WITH_KNOTS('',3,(#9402,#9403,#9404,#9405,#9406,#9407,
#9408,#9409,#9410,#9411,#9412,#9413,#9414,#9415,#9416,#9417),
 .UNSPECIFIED.,.F.,.F.,(4,3,3,3,3,4),(0.,0.00579996923953007,0.00598532435120499,
0.00797690258161817,0.0108165032155154,0.0116110398094463),
 .UNSPECIFIED.);
#2310=B_SPLINE_CURVE_WITH_KNOTS('',3,(#9421,#9422,#9423,#9424,#9425),
 .UNSPECIFIED.,.F.,.F.,(4,1,4),(0.,0.00593492306236611,0.0115029029454812),
 .UNSPECIFIED.);
#2311=B_SPLINE_CURVE_WITH_KNOTS('',3,(#9444,#9445,#9446,#9447,#9448,#9449,
#9450,#9451,#9452,#9453,#9454,#9455,#9456,#9457,#9458,#9459),
 .UNSPECIFIED.,.F.,.F.,(4,3,3,3,3,4),(0.,0.00293463175264772,0.00519569492563808,
0.00562950326494721,0.0057248230282571,0.0114465781041642),
 .UNSPECIFIED.);
#2312=B_SPLINE_CURVE_WITH_KNOTS('',3,(#9461,#9462,#9463,#9464,#9465),
 .UNSPECIFIED.,.F.,.F.,(4,1,4),(0.,0.00541682807520904,0.0110170990546178),
 .UNSPECIFIED.);
#2313=B_SPLINE_CURVE_WITH_KNOTS('',3,(#9478,#9479,#9480,#9481,#9482,#9483,
#9484,#9485,#9486,#9487,#9488,#9489,#9490),.UNSPECIFIED.,.F.,.F.,(4,3,3,
3,4),(0.,0.00514499870814209,0.00886651193091933,0.00890744105640812,0.0178145723248681),
 .UNSPECIFIED.);
#2314=B_SPLINE_CURVE_WITH_KNOTS('',3,(#9492,#9493,#9494,#9495,#9496),
 .UNSPECIFIED.,.F.,.F.,(4,1,4),(0.,0.00857019103075647,0.017219565424811),
 .UNSPECIFIED.);
#2315=B_SPLINE_CURVE_WITH_KNOTS('',3,(#9509,#9510,#9511,#9512,#9513,#9514,
#9515,#9516,#9517,#9518,#9519,#9520,#9521),.UNSPECIFIED.,.F.,.F.,(4,3,3,
3,4),(0.,0.00865967804822263,0.00868430677029013,0.0128015166871529,0.0173197840465564),
 .UNSPECIFIED.);
#2316=B_SPLINE_CURVE_WITH_KNOTS('',3,(#9523,#9524,#9525,#9526,#9527),
 .UNSPECIFIED.,.F.,.F.,(4,1,4),(0.,0.00845287729092706,0.0168580915370418),
 .UNSPECIFIED.);
#2317=B_SPLINE_CURVE_WITH_KNOTS('',3,(#9540,#9541,#9542,#9543,#9544,#9545,
#9546,#9547,#9548,#9549,#9550,#9551,#9552,#9553,#9554,#9555),
 .UNSPECIFIED.,.F.,.F.,(4,3,3,3,3,4),(0.,0.00571452398312731,0.0057942007583157,
0.00816171899558954,0.0112218893093518,0.0114312943329223),
 .UNSPECIFIED.);
#2318=B_SPLINE_CURVE_WITH_KNOTS('',3,(#9557,#9558,#9559,#9560,#9561),
 .UNSPECIFIED.,.F.,.F.,(4,1,4),(0.,0.00573174395687583,0.0113059946886095),
 .UNSPECIFIED.);
#2319=B_SPLINE_CURVE_WITH_KNOTS('',3,(#9580,#9581,#9582,#9583,#9584,#9585,
#9586,#9587,#9588,#9589,#9590,#9591,#9592,#9593,#9594,#9595),
 .UNSPECIFIED.,.F.,.F.,(4,3,3,3,3,4),(0.,0.00240909751403715,0.00458141345018066,
0.00592040953177506,0.00611543590212839,0.012219269782914),
 .UNSPECIFIED.);
#2320=B_SPLINE_CURVE_WITH_KNOTS('',3,(#9597,#9598,#9599,#9600,#9601),
 .UNSPECIFIED.,.F.,.F.,(4,1,4),(0.,0.00556797988311511,0.0115029029454812),
 .UNSPECIFIED.);
#2321=B_SPLINE_CURVE_WITH_KNOTS('',3,(#9614,#9615,#9616,#9617,#9618,#9619,
#9620,#9621,#9622,#9623,#9624,#9625,#9626),.UNSPECIFIED.,.F.,.F.,(4,3,3,
3,4),(0.,0.0106832190129029,0.0106913334977508,0.0182684300280704,0.0213670687580403),
 .UNSPECIFIED.);
#2322=B_SPLINE_CURVE_WITH_KNOTS('',3,(#9628,#9629,#9630,#9631,#9632),
 .UNSPECIFIED.,.F.,.F.,(4,1,4),(0.,0.0104291820501733,0.0208431363438797),
 .UNSPECIFIED.);
#2323=B_SPLINE_CURVE_WITH_KNOTS('',3,(#9663,#9664,#9665,#9666,#9667,#9668,
#9669,#9670,#9671,#9672,#9673,#9674,#9675,#9676,#9677,#9678),
 .UNSPECIFIED.,.F.,.F.,(4,3,3,3,3,4),(0.,0.00170273177890029,0.00300740977059271,
0.00323354422350733,0.00328797997801972,0.00657423113291185),
 .UNSPECIFIED.);
#2324=B_SPLINE_CURVE_WITH_KNOTS('',3,(#9680,#9681,#9682,#9683,#9684),
 .UNSPECIFIED.,.F.,.F.,(4,1,4),(0.,0.00305931737925018,0.0062216561092959),
 .UNSPECIFIED.);
#2325=B_SPLINE_CURVE_WITH_KNOTS('',3,(#9697,#9698,#9699,#9700,#9701,#9702,
#9703,#9704,#9705,#9706,#9707,#9708,#9709),.UNSPECIFIED.,.F.,.F.,(4,3,3,
3,4),(0.,0.00164985867767967,0.00167121628119786,0.00294496977049567,0.00330025816091271),
 .UNSPECIFIED.);
#2326=B_SPLINE_CURVE_WITH_KNOTS('',3,(#9711,#9712,#9713,#9714,#9715),
 .UNSPECIFIED.,.F.,.F.,(4,1,4),(0.,0.00166504476672535,0.00328754757560082),
 .UNSPECIFIED.);
#2327=B_SPLINE_CURVE_WITH_KNOTS('',3,(#9728,#9729,#9730,#9731,#9732,#9733,
#9734,#9735,#9736,#9737,#9738,#9739,#9740),.UNSPECIFIED.,.F.,.F.,(4,3,3,
3,4),(0.,0.00937515099593563,0.0106873269220603,0.0106949936609314,0.0213903712424197),
 .UNSPECIFIED.);
#2328=B_SPLINE_CURVE_WITH_KNOTS('',3,(#9743,#9744,#9745,#9746,#9747),
 .UNSPECIFIED.,.F.,.F.,(4,1,4),(0.,0.0104139542937063,0.0208432346437788),
 .UNSPECIFIED.);
#2329=B_SPLINE_CURVE_WITH_KNOTS('',3,(#9777,#9778,#9779,#9780,#9781,#9782,
#9783,#9784,#9785,#9786,#9787,#9788,#9789,#9790,#9791,#9792),
 .UNSPECIFIED.,.F.,.F.,(4,3,3,3,3,4),(0.,0.00319160285050245,0.00324436904363395,
0.0045529727398395,0.00625014610297189,0.00638489567177098),
 .UNSPECIFIED.);
#2330=B_SPLINE_CURVE_WITH_KNOTS('',3,(#9795,#9796,#9797,#9798,#9799),
 .UNSPECIFIED.,.F.,.F.,(4,1,4),(0.,0.0031622407169369,0.00622167499037879),
 .UNSPECIFIED.);
#2331=B_SPLINE_CURVE_WITH_KNOTS('',3,(#9811,#9812,#9813,#9814,#9815,#9816,
#9817,#9818,#9819,#9820,#9821,#9822,#9823),.UNSPECIFIED.,.F.,.F.,(4,3,3,
3,4),(0.,0.00152077232353585,0.001666491626177,0.00168841440436693,0.0033762840419333),
 .UNSPECIFIED.);
#2332=B_SPLINE_CURVE_WITH_KNOTS('',3,(#9826,#9827,#9828,#9829,#9830),
 .UNSPECIFIED.,.F.,.F.,(4,1,4),(0.,0.00162243668446983,0.00328756020436955),
 .UNSPECIFIED.);
#2333=B_SPLINE_CURVE_WITH_KNOTS('',3,(#9848,#9849,#9850,#9851,#9852,#9853,
#9854,#9855,#9856,#9857,#9858,#9859,#9860,#9861,#9862,#9863),
 .UNSPECIFIED.,.F.,.F.,(4,3,3,3,3,4),(0.,0.01216950586116,0.0123634516245161,
0.0160336864709853,0.0221593033131639,0.0243450375219589),.UNSPECIFIED.);
#2334=B_SPLINE_CURVE_WITH_KNOTS('',3,(#9866,#9867,#9868,#9869,#9870),
 .UNSPECIFIED.,.F.,.F.,(4,1,4),(0.,0.0122218419138377,0.0240604551519273),
 .UNSPECIFIED.);
#2335=B_SPLINE_CURVE_WITH_KNOTS('',3,(#9882,#9883,#9884,#9885,#9886,#9887,
#9888,#9889,#9890,#9891,#9892,#9893,#9894,#9895,#9896,#9897),
 .UNSPECIFIED.,.F.,.F.,(4,3,3,3,3,4),(0.,0.0186998924685744,0.018746361867993,
0.0265185434196913,0.0366994605276707,0.0374021876719871),.UNSPECIFIED.);
#2336=B_SPLINE_CURVE_WITH_KNOTS('',3,(#9900,#9901,#9902,#9903,#9904),
 .UNSPECIFIED.,.F.,.F.,(4,1,4),(0.,0.0182692246049101,0.0364499946539154),
 .UNSPECIFIED.);
#2337=B_SPLINE_CURVE_WITH_KNOTS('',3,(#9916,#9917,#9918,#9919,#9920,#9921,
#9922,#9923,#9924,#9925,#9926,#9927,#9928),.UNSPECIFIED.,.F.,.F.,(4,3,3,
3,4),(0.,0.0186067210468676,0.0186174173140102,0.0303315566081642,0.037216720712055),
 .UNSPECIFIED.);
#2338=B_SPLINE_CURVE_WITH_KNOTS('',3,(#9931,#9932,#9933,#9934,#9935),
 .UNSPECIFIED.,.F.,.F.,(4,1,4),(0.,0.0181394444612379,0.0362612280993236),
 .UNSPECIFIED.);
#2339=B_SPLINE_CURVE_WITH_KNOTS('',3,(#9947,#9948,#9949,#9950,#9951,#9952,
#9953,#9954,#9955,#9956,#9957,#9958,#9959,#9960,#9961,#9962),
 .UNSPECIFIED.,.F.,.F.,(4,3,3,3,3,4),(0.,0.00429774811062313,0.00833304541189317,
0.0120196843230223,0.0122474191990715,0.0244872194963009),.UNSPECIFIED.);
#2340=B_SPLINE_CURVE_WITH_KNOTS('',3,(#9965,#9966,#9967,#9968,#9969),
 .UNSPECIFIED.,.F.,.F.,(4,1,4),(0.,0.0114962276369672,0.0234286179619867),
 .UNSPECIFIED.);
#2341=B_SPLINE_CURVE_WITH_KNOTS('',3,(#10006,#10007,#10008,#10009,#10010,
#10011,#10012,#10013,#10014,#10015,#10016,#10017,#10018,#10019,#10020,#10021,
#10022,#10023,#10024,#10025,#10026,#10027,#10028,#10029,#10030,#10031,#10032,
#10033),.UNSPECIFIED.,.F.,.F.,(4,3,3,3,3,3,3,3,3,4),(0.,0.00947737666130699,
0.0207965106436094,0.0335445002868053,0.0437176665178508,0.0525896592579154,
0.0610172601821514,0.06146165199798,0.0667614713274525,0.13280616781931),
 .UNSPECIFIED.);
#2342=B_SPLINE_CURVE_WITH_KNOTS('',3,(#10035,#10036,#10037,#10038,#10039),
 .UNSPECIFIED.,.F.,.F.,(4,1,4),(0.,0.0543783311196396,0.118151988488791),
 .UNSPECIFIED.);
#2343=B_SPLINE_CURVE_WITH_KNOTS('',3,(#10058,#10059,#10060,#10061,#10062,
#10063,#10064,#10065,#10066,#10067,#10068,#10069,#10070,#10071,#10072,#10073,
#10074,#10075,#10076),.UNSPECIFIED.,.F.,.F.,(4,3,3,3,3,3,4),(0.,0.0538519261157289,
0.0542263464249232,0.0674373860283539,0.0844732603122129,0.101112894207961,
0.107725905490952),.UNSPECIFIED.);
#2344=B_SPLINE_CURVE_WITH_KNOTS('',3,(#10078,#10079,#10080,#10081,#10082),
 .UNSPECIFIED.,.F.,.F.,(4,1,4),(0.,0.0535238736907091,0.106325377297329),
 .UNSPECIFIED.);
#2345=B_SPLINE_CURVE_WITH_KNOTS('',3,(#10113,#10114,#10115,#10116,#10117,
#10118,#10119,#10120,#10121,#10122,#10123,#10124,#10125,#10126,#10127,#10128,
#10129,#10130,#10131,#10132,#10133,#10134),.UNSPECIFIED.,.F.,.F.,(4,3,3,
3,3,3,3,4),(0.,0.0104083870767204,0.0318585507073298,0.0425836325226345,
0.0518128553839199,0.0533087143379391,0.0557405666006107,0.11135139955534),
 .UNSPECIFIED.);
#2346=B_SPLINE_CURVE_WITH_KNOTS('',3,(#10136,#10137,#10138,#10139,#10140),
 .UNSPECIFIED.,.F.,.F.,(4,1,4),(0.,0.0493205425292226,0.103202306684792),
 .UNSPECIFIED.);
#2347=B_SPLINE_CURVE_WITH_KNOTS('',3,(#10159,#10160,#10161,#10162,#10163,
#10164,#10165,#10166,#10167,#10168,#10169,#10170,#10171,#10172,#10173,#10174,
#10175,#10176,#10177,#10178,#10179,#10180,#10181,#10182,#10183,#10184,#10185,
#10186,#10187,#10188,#10189),.UNSPECIFIED.,.F.,.F.,(4,3,3,3,3,3,3,3,3,3,
4),(0.,0.00259430338437152,0.00406039373358999,0.00467329824946981,0.00485088777376515,
0.00509148710965767,0.00549662353925866,0.00618305246025477,0.00751982384449702,
0.00774978354414901,0.00988556160590899),.UNSPECIFIED.);
#2348=B_SPLINE_CURVE_WITH_KNOTS('',3,(#10192,#10193,#10194,#10195,#10196),
 .UNSPECIFIED.,.F.,.F.,(4,1,4),(0.,0.00375753369536395,0.00788060647650478),
 .UNSPECIFIED.);
#2349=B_SPLINE_CURVE_WITH_KNOTS('',3,(#10238,#10239,#10240,#10241,#10242,
#10243,#10244,#10245,#10246,#10247,#10248,#10249,#10250,#10251,#10252,#10253,
#10254,#10255,#10256,#10257,#10258,#10259),.UNSPECIFIED.,.F.,.F.,(4,3,3,
3,3,3,3,4),(0.,0.060708598894936,0.0622182095343581,0.0722588488577507,
0.083347279210688,0.09772158376974,0.110025983676429,0.121603918739077),
 .UNSPECIFIED.);
#2350=B_SPLINE_CURVE_WITH_KNOTS('',3,(#10262,#10263,#10264,#10265,#10266),
 .UNSPECIFIED.,.F.,.F.,(4,1,4),(0.,0.0608013313536941,0.118768208052817),
 .UNSPECIFIED.);
#2351=B_SPLINE_CURVE_WITH_KNOTS('',3,(#10320,#10321,#10322,#10323,#10324,
#10325,#10326,#10327,#10328,#10329,#10330,#10331,#10332,#10333,#10334,#10335),
 .UNSPECIFIED.,.F.,.F.,(4,3,3,3,3,4),(0.,0.00977449501916068,0.0178414270952013,
0.0216652811651694,0.0217448739820085,0.0434922478797626),.UNSPECIFIED.);
#2352=B_SPLINE_CURVE_WITH_KNOTS('',3,(#10339,#10340,#10341,#10342,#10343),
 .UNSPECIFIED.,.F.,.F.,(4,1,4),(0.,0.0210522543412664,0.0422621814032709),
 .UNSPECIFIED.);
#2353=B_SPLINE_CURVE_WITH_KNOTS('',3,(#10356,#10357,#10358,#10359,#10360,
#10361,#10362,#10363,#10364,#10365,#10366,#10367,#10368,#10369,#10370,#10371),
 .UNSPECIFIED.,.F.,.F.,(4,3,3,3,3,4),(0.,0.00838375757057487,0.00856210094446027,
0.0118952064667006,0.0162789290626279,0.0167747972836182),.UNSPECIFIED.);
#2354=B_SPLINE_CURVE_WITH_KNOTS('',3,(#10373,#10374,#10375,#10376,#10377),
 .UNSPECIFIED.,.F.,.F.,(4,1,4),(0.,0.00853716778101037,0.0167189929880202),
 .UNSPECIFIED.);
#2355=B_SPLINE_CURVE_WITH_KNOTS('',3,(#10438,#10439,#10440,#10441,#10442,
#10443,#10444,#10445,#10446,#10447,#10448,#10449,#10450),.UNSPECIFIED.,
 .F.,.F.,(4,3,3,3,4),(0.,0.0141790497772908,0.0142083815652656,0.0206284355233401,
0.0283584737203453),.UNSPECIFIED.);
#2356=B_SPLINE_CURVE_WITH_KNOTS('',3,(#10453,#10454,#10455,#10456,#10457),
 .UNSPECIFIED.,.F.,.F.,(4,1,4),(0.,0.0138541848238818,0.0276514159626086),
 .UNSPECIFIED.);
#2357=B_SPLINE_CURVE_WITH_KNOTS('',3,(#10469,#10470,#10471,#10472,#10473,
#10474,#10475,#10476,#10477,#10478,#10479,#10480,#10481,#10482,#10483,#10484),
 .UNSPECIFIED.,.F.,.F.,(4,3,3,3,3,4),(0.,0.00606879389942838,0.00782935218221474,
0.00995172212631892,0.0123472481413991,0.0127096046772562),
 .UNSPECIFIED.);
#2358=B_SPLINE_CURVE_WITH_KNOTS('',3,(#10487,#10488,#10489,#10490,#10491),
 .UNSPECIFIED.,.F.,.F.,(4,1,4),(0.,0.0076904169097529,0.0121269474821139),
 .UNSPECIFIED.);
#2359=B_SPLINE_CURVE_WITH_KNOTS('',3,(#10533,#10534,#10535,#10536,#10537,
#10538,#10539,#10540,#10541,#10542,#10543,#10544,#10545,#10546,#10547,#10548,
#10549,#10550,#10551),.UNSPECIFIED.,.F.,.F.,(4,3,3,3,3,3,4),(0.,0.00536402366668623,
0.0134850564084822,0.0184683392087158,0.0216060891502781,0.0232172197548868,
0.046240079186208),.UNSPECIFIED.);
#2360=B_SPLINE_CURVE_WITH_KNOTS('',3,(#10555,#10556,#10557,#10558,#10559),
 .UNSPECIFIED.,.F.,.F.,(4,1,4),(0.,0.0195672695481477,0.0420564237046691),
 .UNSPECIFIED.);
#2361=B_SPLINE_CURVE_WITH_KNOTS('',3,(#10578,#10579,#10580,#10581,#10582,
#10583,#10584,#10585,#10586,#10587,#10588,#10589,#10590,#10591,#10592,#10593),
 .UNSPECIFIED.,.F.,.F.,(4,3,3,3,3,4),(0.,0.0203079109019977,0.0208840784618303,
0.0263204559154915,0.034069094489083,0.0406467141783322),.UNSPECIFIED.);
#2362=B_SPLINE_CURVE_WITH_KNOTS('',3,(#10595,#10596,#10597,#10598,#10599),
 .UNSPECIFIED.,.F.,.F.,(4,1,4),(0.,0.0208086476698951,0.0404707682588426),
 .UNSPECIFIED.);
#2363=B_SPLINE_CURVE_WITH_KNOTS('',3,(#10763,#10764,#10765,#10766,#10767,
#10768,#10769,#10770,#10771,#10772,#10773,#10774,#10775,#10776,#10777,#10778),
 .UNSPECIFIED.,.F.,.F.,(4,3,3,3,3,4),(0.,0.0031915977465477,0.00324436385286215,
0.00455300130683076,0.00625019000313135,0.00638488546115543),
 .UNSPECIFIED.);
#2364=B_SPLINE_CURVE_WITH_KNOTS('',3,(#10782,#10783,#10784,#10785,#10786),
 .UNSPECIFIED.,.F.,.F.,(4,1,4),(0.,0.0031622407169369,0.00622167499037879),
 .UNSPECIFIED.);
#2365=B_SPLINE_CURVE_WITH_KNOTS('',3,(#10817,#10818,#10819,#10820,#10821,
#10822,#10823,#10824,#10825,#10826,#10827,#10828,#10829),.UNSPECIFIED.,
 .F.,.F.,(4,3,3,3,4),(0.,0.00912535918431543,0.0106713029285503,0.0106796003825666,
0.0213595901327085),.UNSPECIFIED.);
#2366=B_SPLINE_CURVE_WITH_KNOTS('',3,(#10831,#10832,#10833,#10834,#10835),
 .UNSPECIFIED.,.F.,.F.,(4,1,4),(0.,0.0103846297031495,0.0207857999451306),
 .UNSPECIFIED.);
#2367=B_SPLINE_CURVE_WITH_KNOTS('',3,(#10848,#10849,#10850,#10851,#10852,
#10853,#10854,#10855,#10856,#10857,#10858,#10859,#10860),.UNSPECIFIED.,
 .F.,.F.,(4,3,3,3,4),(0.,0.00334849224559897,0.00350591984649857,0.00493307687632899,
0.00671040980861291),.UNSPECIFIED.);
#2368=B_SPLINE_CURVE_WITH_KNOTS('',3,(#10862,#10863,#10864,#10865,#10866),
 .UNSPECIFIED.,.F.,.F.,(4,1,4),(0.,0.0035046320347121,0.00669562750442462),
 .UNSPECIFIED.);
#2369=B_SPLINE_CURVE_WITH_KNOTS('',3,(#10885,#10886,#10887,#10888,#10889,
#10890,#10891),.UNSPECIFIED.,.F.,.F.,(4,3,4),(0.,0.002204848828836,0.0044086511091842),
 .UNSPECIFIED.);
#2370=B_SPLINE_CURVE_WITH_KNOTS('',3,(#10894,#10895,#10896,#10897,#10898),
 .UNSPECIFIED.,.F.,.F.,(4,1,4),(0.,0.00218002720003389,0.00440992664506904),
 .UNSPECIFIED.);
#2371=B_SPLINE_CURVE_WITH_KNOTS('',3,(#10958,#10959,#10960,#10961,#10962,
#10963,#10964,#10965,#10966,#10967,#10968,#10969,#10970),.UNSPECIFIED.,
 .F.,.F.,(4,3,3,3,4),(0.,0.00329357065087996,0.00558152101970959,0.00562093993364772,
0.0112414224314717),.UNSPECIFIED.);
#2372=B_SPLINE_CURVE_WITH_KNOTS('',3,(#10974,#10975,#10976,#10977,#10978),
 .UNSPECIFIED.,.F.,.F.,(4,1,4),(0.,0.00536676092650738,0.0108094107135761),
 .UNSPECIFIED.);
#2373=B_SPLINE_CURVE_WITH_KNOTS('',3,(#10991,#10992,#10993,#10994,#10995,
#10996,#10997,#10998,#10999,#11000,#11001,#11002,#11003,#11004,#11005,#11006),
 .UNSPECIFIED.,.F.,.F.,(4,3,3,3,3,4),(0.,0.00572440937890296,0.00577857622423731,
0.00810029764303578,0.0111616398651676,0.0114498875261761),
 .UNSPECIFIED.);
#2374=B_SPLINE_CURVE_WITH_KNOTS('',3,(#11008,#11009,#11010,#11011,#11012),
 .UNSPECIFIED.,.F.,.F.,(4,1,4),(0.,0.00563939735902496,0.0111731498757158),
 .UNSPECIFIED.);
#2375=B_SPLINE_CURVE_WITH_KNOTS('',3,(#11025,#11026,#11027,#11028,#11029,
#11030,#11031,#11032,#11033,#11034,#11035,#11036,#11037,#11038,#11039,#11040),
 .UNSPECIFIED.,.F.,.F.,(4,3,3,3,3,4),(0.,0.00416381800214898,0.00424393720453338,
0.00592421047268949,0.00811842180280704,0.00833060227197769),
 .UNSPECIFIED.);
#2376=B_SPLINE_CURVE_WITH_KNOTS('',3,(#11042,#11043,#11044,#11045,#11046),
 .UNSPECIFIED.,.F.,.F.,(4,1,4),(0.,0.00419076783511212,0.00822341247853663),
 .UNSPECIFIED.);
#2377=B_SPLINE_CURVE_WITH_KNOTS('',3,(#11065,#11066,#11067,#11068,#11069,
#11070,#11071,#11072,#11073,#11074,#11075,#11076,#11077,#11078,#11079,#11080,
#11081,#11082,#11083),.UNSPECIFIED.,.F.,.F.,(4,3,3,3,3,3,4),(0.,0.00840995152683673,
0.00899484110054928,0.0111620564292648,0.0142086232986464,0.0166752957307238,
0.0168903454732217),.UNSPECIFIED.);
#2378=B_SPLINE_CURVE_WITH_KNOTS('',3,(#11085,#11086,#11087,#11088,#11089),
 .UNSPECIFIED.,.F.,.F.,(4,1,4),(0.,0.00892327213205996,0.0166940646262905),
 .UNSPECIFIED.);
#2379=B_SPLINE_CURVE_WITH_KNOTS('',3,(#11102,#11103,#11104,#11105,#11106,
#11107,#11108,#11109,#11110,#11111,#11112,#11113,#11114),.UNSPECIFIED.,
 .F.,.F.,(4,3,3,3,4),(0.,0.0118107839814975,0.0141071978877087,0.0141160960723091,
0.0282324243908545),.UNSPECIFIED.);
#2380=B_SPLINE_CURVE_WITH_KNOTS('',3,(#11116,#11117,#11118,#11119,#11120),
 .UNSPECIFIED.,.F.,.F.,(4,1,4),(0.,0.0137305053621622,0.027478568841798),
 .UNSPECIFIED.);
#2381=B_SPLINE_CURVE_WITH_KNOTS('',3,(#11151,#11152,#11153,#11154,#11155,
#11156,#11157,#11158,#11159,#11160,#11161,#11162,#11163),.UNSPECIFIED.,
 .F.,.F.,(4,3,3,3,4),(0.,0.0139430207848791,0.0239091461842912,0.0239476117114155,
0.0478996119323782),.UNSPECIFIED.);
#2382=B_SPLINE_CURVE_WITH_KNOTS('',3,(#11165,#11166,#11167,#11168,#11169),
 .UNSPECIFIED.,.F.,.F.,(4,1,4),(0.,0.0232206525431567,0.0465204025907634),
 .UNSPECIFIED.);
#2383=B_SPLINE_CURVE_WITH_KNOTS('',3,(#11182,#11183,#11184,#11185,#11186,
#11187,#11188,#11189,#11190,#11191,#11192,#11193,#11194,#11195,#11196,#11197),
 .UNSPECIFIED.,.F.,.F.,(4,3,3,3,3,4),(0.,0.00482273226497709,0.00935435160675231,
0.0134726095464547,0.0137537092430563,0.0274964436917381),.UNSPECIFIED.);
#2384=B_SPLINE_CURVE_WITH_KNOTS('',3,(#11199,#11200,#11201,#11202,#11203),
 .UNSPECIFIED.,.F.,.F.,(4,1,4),(0.,0.0129004654061269,0.0263393258698218),
 .UNSPECIFIED.);
#2385=B_SPLINE_CURVE_WITH_KNOTS('',3,(#11222,#11223,#11224,#11225,#11226,
#11227,#11228,#11229,#11230,#11231,#11232,#11233,#11234),.UNSPECIFIED.,
 .F.,.F.,(4,3,3,3,4),(0.,0.002847175949106,0.00414725167193153,0.00417882249466024,
0.00835719675335629),.UNSPECIFIED.);
#2386=B_SPLINE_CURVE_WITH_KNOTS('',3,(#11237,#11238,#11239,#11240,#11241),
 .UNSPECIFIED.,.F.,.F.,(4,1,4),(0.,0.00403882990891251,0.00813917193150361),
 .UNSPECIFIED.);
#2387=B_SPLINE_CURVE_WITH_KNOTS('',3,(#11259,#11260,#11261,#11262,#11263,
#11264,#11265,#11266,#11267,#11268,#11269,#11270,#11271,#11272,#11273,#11274,
#11275,#11276,#11277),.UNSPECIFIED.,.F.,.F.,(4,3,3,3,3,3,4),(0.,0.0027005983964146,
0.00564819086520413,0.00804315748138527,0.00859578333399366,0.00923239742668508,
0.0183884399191851),.UNSPECIFIED.);
#2388=B_SPLINE_CURVE_WITH_KNOTS('',3,(#11280,#11281,#11282,#11283,#11284),
 .UNSPECIFIED.,.F.,.F.,(4,1,4),(0.,0.00777079249423056,0.0166940646262905),
 .UNSPECIFIED.);
#2389=B_SPLINE_CURVE_WITH_KNOTS('',3,(#11296,#11297,#11298,#11299,#11300,
#11301,#11302,#11303,#11304,#11305,#11306,#11307,#11308),.UNSPECIFIED.,
 .F.,.F.,(4,3,3,3,4),(0.,0.0141080457272533,0.0141176466632555,0.0233275002734468,
0.0282173538114912),.UNSPECIFIED.);
#2390=B_SPLINE_CURVE_WITH_KNOTS('',3,(#11311,#11312,#11313,#11314,#11315),
 .UNSPECIFIED.,.F.,.F.,(4,1,4),(0.,0.0137480691157752,0.0274786556543141),
 .UNSPECIFIED.);
#2391=B_SPLINE_CURVE_WITH_KNOTS('',3,(#11345,#11346,#11347,#11348,#11349,
#11350,#11351,#11352,#11353,#11354,#11355,#11356,#11357,#11358,#11359,#11360),
 .UNSPECIFIED.,.F.,.F.,(4,3,3,3,3,4),(0.,0.0238795681670478,0.0239236338616109,
0.0339786625196465,0.0470506147566147,0.0477661906091028),.UNSPECIFIED.);
#2392=B_SPLINE_CURVE_WITH_KNOTS('',3,(#11363,#11364,#11365,#11366,#11367),
 .UNSPECIFIED.,.F.,.F.,(4,1,4),(0.,0.0232997669315008,0.0465204138275193),
 .UNSPECIFIED.);
#2393=B_SPLINE_CURVE_WITH_KNOTS('',3,(#11379,#11380,#11381,#11382,#11383,
#11384,#11385,#11386,#11387,#11388,#11389,#11390,#11391,#11392,#11393,#11394),
 .UNSPECIFIED.,.F.,.F.,(4,3,3,3,3,4),(0.,0.0132758318339599,0.013547831819065,
0.0174471869637984,0.0240411442775367,0.0265631780309031),.UNSPECIFIED.);
#2394=B_SPLINE_CURVE_WITH_KNOTS('',3,(#11397,#11398,#11399,#11400,#11401),
 .UNSPECIFIED.,.F.,.F.,(4,1,4),(0.,0.0134388875190898,0.0263393760269505),
 .UNSPECIFIED.);
#2395=B_SPLINE_CURVE_WITH_KNOTS('',3,(#11418,#11419,#11420,#11421,#11422,
#11423,#11424,#11425,#11426,#11427,#11428,#11429,#11430),.UNSPECIFIED.,
 .F.,.F.,(4,3,3,3,4),(0.,0.00112863649772582,0.0011472803047363,0.00175294507730248,
0.00225786892380561),.UNSPECIFIED.);
#2396=B_SPLINE_CURVE_WITH_KNOTS('',3,(#11434,#11435,#11436,#11437,#11438),
 .UNSPECIFIED.,.F.,.F.,(4,1,4),(0.,0.00111801826196286,0.00219971848636814),
 .UNSPECIFIED.);
#2397=B_SPLINE_CURVE_WITH_KNOTS('',3,(#11451,#11452,#11453,#11454,#11455,
#11456,#11457),.UNSPECIFIED.,.F.,.F.,(4,3,4),(0.,0.00136267641918174,0.00272537571833256),
 .UNSPECIFIED.);
#2398=B_SPLINE_CURVE_WITH_KNOTS('',3,(#11459,#11460,#11461,#11462,#11463),
 .UNSPECIFIED.,.F.,.F.,(4,1,4),(0.,0.00133135032906595,0.00265520619386273),
 .UNSPECIFIED.);
#2399=B_SPLINE_CURVE_WITH_KNOTS('',3,(#11476,#11477,#11478,#11479,#11480,
#11481,#11482),.UNSPECIFIED.,.F.,.F.,(4,3,4),(0.,0.00136967062083301,0.00273932004512821),
 .UNSPECIFIED.);
#2400=B_SPLINE_CURVE_WITH_KNOTS('',3,(#11484,#11485,#11486,#11487,#11488),
 .UNSPECIFIED.,.F.,.F.,(4,1,4),(0.,0.00132379733261305,0.002655147661679),
 .UNSPECIFIED.);
#2401=B_SPLINE_CURVE_WITH_KNOTS('',3,(#11501,#11502,#11503,#11504,#11505,
#11506,#11507,#11508,#11509,#11510,#11511,#11512,#11513),.UNSPECIFIED.,
 .F.,.F.,(4,3,3,3,4),(0.,0.000963809741639645,0.00104435300363369,0.00146254149568301,
0.0019389384940834),.UNSPECIFIED.);
#2402=B_SPLINE_CURVE_WITH_KNOTS('',3,(#11515,#11516,#11517,#11518,#11519),
 .UNSPECIFIED.,.F.,.F.,(4,1,4),(0.,0.00103074217596757,0.00190397667146901),
 .UNSPECIFIED.);
#2403=B_SPLINE_CURVE_WITH_KNOTS('',3,(#11538,#11539,#11540,#11541,#11542,
#11543,#11544,#11545,#11546,#11547,#11548,#11549,#11550,#11551,#11552,#11553,
#11554,#11555,#11556),.UNSPECIFIED.,.F.,.F.,(4,3,3,3,3,3,4),(0.,0.00287863149840085,
0.0056389167404245,0.0080854844386415,0.00822085030311205,0.0085764262150368,
0.0171257036716841),.UNSPECIFIED.);
#2404=B_SPLINE_CURVE_WITH_KNOTS('',3,(#11558,#11559,#11560,#11561,#11562),
 .UNSPECIFIED.,.F.,.F.,(4,1,4),(0.,0.00764786489275616,0.0159574801770683),
 .UNSPECIFIED.);
#2405=B_SPLINE_CURVE_WITH_KNOTS('',3,(#11575,#11576,#11577,#11578,#11579,
#11580,#11581,#11582,#11583,#11584,#11585,#11586,#11587),.UNSPECIFIED.,
 .F.,.F.,(4,3,3,3,4),(0.,0.0118253652774364,0.0150837550890251,0.0150954936398911,
0.030191276355703),.UNSPECIFIED.);
#2406=B_SPLINE_CURVE_WITH_KNOTS('',3,(#11589,#11590,#11591,#11592,#11593),
 .UNSPECIFIED.,.F.,.F.,(4,1,4),(0.,0.0146862083578146,0.0293955742607365),
 .UNSPECIFIED.);
#2407=B_SPLINE_CURVE_WITH_KNOTS('',3,(#11624,#11625,#11626,#11627,#11628,
#11629,#11630,#11631,#11632,#11633,#11634,#11635,#11636),.UNSPECIFIED.,
 .F.,.F.,(4,3,3,3,4),(0.,0.0249440944270446,0.0249633270798898,0.0378167085235701,
0.0498933677714418),.UNSPECIFIED.);
#2408=B_SPLINE_CURVE_WITH_KNOTS('',3,(#11638,#11639,#11640,#11641,#11642),
 .UNSPECIFIED.,.F.,.F.,(4,1,4),(0.,0.0243292267297122,0.0486259837751596),
 .UNSPECIFIED.);
#2409=B_SPLINE_CURVE_WITH_KNOTS('',3,(#11655,#11656,#11657,#11658,#11659,
#11660,#11661,#11662,#11663,#11664,#11665,#11666,#11667,#11668,#11669,#11670),
 .UNSPECIFIED.,.F.,.F.,(4,3,3,3,3,4),(0.,0.0182798718946263,0.0184458021198176,
0.0239613530494868,0.0332708136243643,0.0365628345192882),.UNSPECIFIED.);
#2410=B_SPLINE_CURVE_WITH_KNOTS('',3,(#11672,#11673,#11674,#11675,#11676),
 .UNSPECIFIED.,.F.,.F.,(4,1,4),(0.,0.0181799797077663,0.0360330640172784),
 .UNSPECIFIED.);
#2411=B_SPLINE_CURVE_WITH_KNOTS('',3,(#11701,#11702,#11703,#11704,#11705,
#11706,#11707,#11708,#11709,#11710,#11711,#11712,#11713),.UNSPECIFIED.,
 .F.,.F.,(4,3,3,3,4),(0.,0.00351774076722934,0.00543208411648531,0.00552695295553379,
0.0110508057168942),.UNSPECIFIED.);
#2412=B_SPLINE_CURVE_WITH_KNOTS('',3,(#11715,#11716,#11717,#11718,#11719),
 .UNSPECIFIED.,.F.,.F.,(4,1,4),(0.,0.00525025132670823,0.0106839378331294),
 .UNSPECIFIED.);
#2413=B_SPLINE_CURVE_WITH_KNOTS('',3,(#11732,#11733,#11734,#11735,#11736,
#11737,#11738,#11739,#11740,#11741,#11742,#11743,#11744),.UNSPECIFIED.,
 .F.,.F.,(4,3,3,3,4),(0.,0.0142216324184626,0.0142400443064698,0.021696685873362,
0.0284446000972549),.UNSPECIFIED.);
#2414=B_SPLINE_CURVE_WITH_KNOTS('',3,(#11746,#11747,#11748,#11749,#11750),
 .UNSPECIFIED.,.F.,.F.,(4,1,4),(0.,0.0138811238819367,0.0277276075065563),
 .UNSPECIFIED.);
#2415=B_SPLINE_CURVE_WITH_KNOTS('',3,(#11763,#11764,#11765,#11766,#11767,
#11768,#11769,#11770,#11771,#11772,#11773,#11774,#11775),.UNSPECIFIED.,
 .F.,.F.,(4,3,3,3,4),(0.,0.011486015440195,0.0144080401186193,0.0144190923674908,
0.0288394761458405),.UNSPECIFIED.);
#2416=B_SPLINE_CURVE_WITH_KNOTS('',3,(#11777,#11778,#11779,#11780,#11781),
 .UNSPECIFIED.,.F.,.F.,(4,1,4),(0.,0.0140228361585561,0.0280684591936433),
 .UNSPECIFIED.);
#2417=B_SPLINE_CURVE_WITH_KNOTS('',3,(#11794,#11795,#11796,#11797,#11798,
#11799,#11800,#11801,#11802,#11803,#11804,#11805,#11806),.UNSPECIFIED.,
 .F.,.F.,(4,3,3,3,4),(0.,0.0143395035711485,0.0143642137583026,0.0211552168517427,
0.0286793393856287),.UNSPECIFIED.);
#2418=B_SPLINE_CURVE_WITH_KNOTS('',3,(#11808,#11809,#11810,#11811,#11812),
 .UNSPECIFIED.,.F.,.F.,(4,1,4),(0.,0.0139889688415395,0.0279300495428808),
 .UNSPECIFIED.);
#2419=B_SPLINE_CURVE_WITH_KNOTS('',3,(#11831,#11832,#11833,#11834,#11835,
#11836,#11837,#11838,#11839,#11840,#11841,#11842,#11843,#11844,#11845,#11846),
 .UNSPECIFIED.,.F.,.F.,(4,3,3,3,3,4),(0.,0.0237618756888085,0.0374497780411601,
0.0594757221190981,0.0681910058349203,0.123298123704416),.UNSPECIFIED.);
#2420=B_SPLINE_CURVE_WITH_KNOTS('',3,(#11849,#11850,#11851,#11852,#11853),
 .UNSPECIFIED.,.F.,.F.,(4,1,4),(0.,0.0357283309682419,0.138927610346061),
 .UNSPECIFIED.);
#2421=B_SPLINE_CURVE_WITH_KNOTS('',3,(#11865,#11866,#11867,#11868,#11869,
#11870,#11871,#11872,#11873,#11874,#11875,#11876,#11877),.UNSPECIFIED.,
 .F.,.F.,(4,3,3,3,4),(0.,0.00289439152860248,0.00449969931552994,0.00452815071266923,
0.00905599453380505),.UNSPECIFIED.);
#2422=B_SPLINE_CURVE_WITH_KNOTS('',3,(#11880,#11881,#11882,#11883,#11884),
 .UNSPECIFIED.,.F.,.F.,(4,1,4),(0.,0.00433824285394707,0.00873139131296769),
 .UNSPECIFIED.);
#2423=B_SPLINE_CURVE_WITH_KNOTS('',3,(#11896,#11897,#11898,#11899,#11900,
#11901,#11902,#11903,#11904,#11905,#11906,#11907,#11908),.UNSPECIFIED.,
 .F.,.F.,(4,3,3,3,4),(0.,0.00444934187475352,0.00449065098617752,0.00634696906495576,
0.00889945333076929),.UNSPECIFIED.);
#2424=B_SPLINE_CURVE_WITH_KNOTS('',3,(#11911,#11912,#11913,#11914,#11915),
 .UNSPECIFIED.,.F.,.F.,(4,1,4),(0.,0.00438322579794537,0.00868583939478646),
 .UNSPECIFIED.);
#2425=B_SPLINE_CURVE_WITH_KNOTS('',3,(#11927,#11928,#11929,#11930,#11931,
#11932,#11933,#11934,#11935,#11936,#11937,#11938,#11939),.UNSPECIFIED.,
 .F.,.F.,(4,3,3,3,4),(0.,0.00289007476099842,0.00449567078128322,0.00452417422690996,
0.00904799559140466),.UNSPECIFIED.);
#2426=B_SPLINE_CURVE_WITH_KNOTS('',3,(#11942,#11943,#11944,#11945,#11946),
 .UNSPECIFIED.,.F.,.F.,(4,1,4),(0.,0.00433817621747472,0.00873136402212241),
 .UNSPECIFIED.);
#2427=B_SPLINE_CURVE_WITH_KNOTS('',3,(#11958,#11959,#11960,#11961,#11962,
#11963,#11964,#11965,#11966,#11967),.UNSPECIFIED.,.F.,.F.,(4,3,3,4),(0.,
0.0678603777558204,0.106444052448383,0.152322626608956),.UNSPECIFIED.);
#2428=B_SPLINE_CURVE_WITH_KNOTS('',3,(#11970,#11971,#11972,#11973,#11974),
 .UNSPECIFIED.,.F.,.F.,(4,1,4),(0.,0.101283190506354,0.135723288194794),
 .UNSPECIFIED.);
#2429=B_SPLINE_CURVE_WITH_KNOTS('',3,(#11986,#11987,#11988,#11989,#11990,
#11991,#11992,#11993,#11994,#11995,#11996,#11997,#11998),.UNSPECIFIED.,
 .F.,.F.,(4,3,3,3,4),(0.,0.00118927538524706,0.00121178202888603,0.00178971086602201,
0.0023793705719746),.UNSPECIFIED.);
#2430=B_SPLINE_CURVE_WITH_KNOTS('',3,(#12001,#12002,#12003,#12004,#12005),
 .UNSPECIFIED.,.F.,.F.,(4,1,4),(0.,0.00117154106571454,0.00229959209424197),
 .UNSPECIFIED.);
#2431=B_SPLINE_CURVE_WITH_KNOTS('',3,(#12017,#12018,#12019,#12020,#12021,
#12022,#12023,#12024,#12025,#12026,#12027,#12028,#12029),.UNSPECIFIED.,
 .F.,.F.,(4,3,3,3,4),(0.,0.00128624931888582,0.00131963939635229,0.00188044757591459,
0.00257414344199679),.UNSPECIFIED.);
#2432=B_SPLINE_CURVE_WITH_KNOTS('',3,(#12032,#12033,#12034,#12035,#12036),
 .UNSPECIFIED.,.F.,.F.,(4,1,4),(0.,0.00127478230183715,0.00248513154508479),
 .UNSPECIFIED.);
#2433=B_SPLINE_CURVE_WITH_KNOTS('',3,(#12048,#12049,#12050,#12051,#12052,
#12053,#12054),.UNSPECIFIED.,.F.,.F.,(4,3,4),(0.,0.00136264589207777,0.0027253150021771),
 .UNSPECIFIED.);
#2434=B_SPLINE_CURVE_WITH_KNOTS('',3,(#12057,#12058,#12059,#12060,#12061),
 .UNSPECIFIED.,.F.,.F.,(4,1,4),(0.,0.00133135032906595,0.002655147661679),
 .UNSPECIFIED.);
#2435=B_SPLINE_CURVE_WITH_KNOTS('',3,(#12073,#12074,#12075,#12076,#12077,
#12078,#12079,#12080,#12081,#12082,#12083,#12084,#12085),.UNSPECIFIED.,
 .F.,.F.,(4,3,3,3,4),(0.,0.000642597076262966,0.000979803030256563,0.00106803956872411,
0.00212367704942135),.UNSPECIFIED.);
#2436=B_SPLINE_CURVE_WITH_KNOTS('',3,(#12088,#12089,#12090,#12091,#12092),
 .UNSPECIFIED.,.F.,.F.,(4,1,4),(0.,0.000873234495501441,0.00190401425590178),
 .UNSPECIFIED.);
#2437=B_SPLINE_CURVE_WITH_KNOTS('',3,(#12110,#12111,#12112,#12113,#12114,
#12115,#12116,#12117,#12118,#12119,#12120,#12121,#12122,#12123,#12124,#12125),
 .UNSPECIFIED.,.F.,.F.,(4,3,3,3,3,4),(0.,0.00804641817967494,0.00838119567554898,
0.0106851591535552,0.0145250296472917,0.0161186537043914),.UNSPECIFIED.);
#2438=B_SPLINE_CURVE_WITH_KNOTS('',3,(#12128,#12129,#12130,#12131,#12132),
 .UNSPECIFIED.,.F.,.F.,(4,1,4),(0.,0.00830961528431216,0.0159575074548451),
 .UNSPECIFIED.);
#2439=B_SPLINE_CURVE_WITH_KNOTS('',3,(#12144,#12145,#12146,#12147,#12148,
#12149,#12150,#12151,#12152,#12153,#12154,#12155,#12156),.UNSPECIFIED.,
 .F.,.F.,(4,3,3,3,4),(0.,0.0150824002139132,0.0150950454015678,0.0240384487566247,
0.0301663471989243),.UNSPECIFIED.);
#2440=B_SPLINE_CURVE_WITH_KNOTS('',3,(#12159,#12160,#12161,#12162,#12163),
 .UNSPECIFIED.,.F.,.F.,(4,1,4),(0.,0.0147093659029219,0.0293955742607365),
 .UNSPECIFIED.);
#2441=B_SPLINE_CURVE_WITH_KNOTS('',3,(#12193,#12194,#12195,#12196,#12197,
#12198,#12199,#12200,#12201,#12202,#12203,#12204,#12205),.UNSPECIFIED.,
 .F.,.F.,(4,3,3,3,4),(0.,0.0191528796212287,0.0249615591969043,0.0249743259409165,
0.0499565236197081),.UNSPECIFIED.);
#2442=B_SPLINE_CURVE_WITH_KNOTS('',3,(#12208,#12209,#12210,#12211,#12212),
 .UNSPECIFIED.,.F.,.F.,(4,1,4),(0.,0.0242967570454474,0.0486260423281685),
 .UNSPECIFIED.);
#2443=B_SPLINE_CURVE_WITH_KNOTS('',3,(#12224,#12225,#12226,#12227,#12228,
#12229,#12230,#12231,#12232,#12233,#12234,#12235,#12236,#12237,#12238,#12239),
 .UNSPECIFIED.,.F.,.F.,(4,3,3,3,3,4),(0.,0.00678447698588726,0.0130501738917811,
0.0184290783422534,0.0185969264863479,0.0371926219404756),.UNSPECIFIED.);
#2444=B_SPLINE_CURVE_WITH_KNOTS('',3,(#12242,#12243,#12244,#12245,#12246),
 .UNSPECIFIED.,.F.,.F.,(4,1,4),(0.,0.0178530843095122,0.0360330640172784),
 .UNSPECIFIED.);
#2445=B_SPLINE_CURVE_WITH_KNOTS('',3,(#12263,#12264,#12265,#12266,#12267,
#12268,#12269,#12270,#12271,#12272,#12273,#12274,#12275),.UNSPECIFIED.,
 .F.,.F.,(4,3,3,3,4),(0.,0.00329408274604853,0.00558152186853411,0.00562091472503323,
0.0112413727278607),.UNSPECIFIED.);
#2446=B_SPLINE_CURVE_WITH_KNOTS('',3,(#12279,#12280,#12281,#12282,#12283),
 .UNSPECIFIED.,.F.,.F.,(4,1,4),(0.,0.00536681034906533,0.0108094601361341),
 .UNSPECIFIED.);
#2447=B_SPLINE_CURVE_WITH_KNOTS('',3,(#12296,#12297,#12298,#12299,#12300,
#12301,#12302,#12303,#12304,#12305,#12306,#12307,#12308,#12309,#12310,#12311),
 .UNSPECIFIED.,.F.,.F.,(4,3,3,3,3,4),(0.,0.00572437724702393,0.00577851400296873,
0.00810059509682303,0.0111621089658437,0.0114498221603633),
 .UNSPECIFIED.);
#2448=B_SPLINE_CURVE_WITH_KNOTS('',3,(#12313,#12314,#12315,#12316,#12317),
 .UNSPECIFIED.,.F.,.F.,(4,1,4),(0.,0.00563933869897592,0.0111730912156667),
 .UNSPECIFIED.);
#2449=B_SPLINE_CURVE_WITH_KNOTS('',3,(#12330,#12331,#12332,#12333,#12334,
#12335,#12336,#12337,#12338,#12339,#12340,#12341,#12342,#12343,#12344,#12345),
 .UNSPECIFIED.,.F.,.F.,(4,3,3,3,3,4),(0.,0.00416382779722771,0.0042439265518781,
0.00592436771638807,0.00811867232902652,0.00833062037207433),
 .UNSPECIFIED.);
#2450=B_SPLINE_CURVE_WITH_KNOTS('',3,(#12347,#12348,#12349,#12350,#12351),
 .UNSPECIFIED.,.F.,.F.,(4,1,4),(0.,0.00419076783511212,0.00822345238535763),
 .UNSPECIFIED.);
#2451=B_SPLINE_CURVE_WITH_KNOTS('',3,(#12370,#12371,#12372,#12373,#12374,
#12375,#12376,#12377,#12378,#12379,#12380,#12381,#12382,#12383,#12384,#12385,
#12386,#12387,#12388),.UNSPECIFIED.,.F.,.F.,(4,3,3,3,3,3,4),(0.,0.00840995152676896,
0.00899484110047521,0.0111620564290745,0.0142086232981453,0.0166752957300892,
0.0168903454730107),.UNSPECIFIED.);
#2452=B_SPLINE_CURVE_WITH_KNOTS('',3,(#12390,#12391,#12392,#12393,#12394),
 .UNSPECIFIED.,.F.,.F.,(4,1,4),(0.,0.00892327213205996,0.0166940646262905),
 .UNSPECIFIED.);
#2453=B_SPLINE_CURVE_WITH_KNOTS('',3,(#12407,#12408,#12409,#12410,#12411,
#12412,#12413,#12414,#12415,#12416,#12417,#12418,#12419),.UNSPECIFIED.,
 .F.,.F.,(4,3,3,3,4),(0.,0.0118175733216386,0.014107251986228,0.01411612980555,
0.0282324919164475),.UNSPECIFIED.);
#2454=B_SPLINE_CURVE_WITH_KNOTS('',3,(#12421,#12422,#12423,#12424,#12425),
 .UNSPECIFIED.,.F.,.F.,(4,1,4),(0.,0.0137306034684719,0.0274787254771719),
 .UNSPECIFIED.);
#2455=B_SPLINE_CURVE_WITH_KNOTS('',3,(#12456,#12457,#12458,#12459,#12460,
#12461,#12462,#12463,#12464,#12465,#12466,#12467,#12468),.UNSPECIFIED.,
 .F.,.F.,(4,3,3,3,4),(0.,0.0139457075509715,0.0239091496083643,0.0239475849028149,
0.0478995585201066),.UNSPECIFIED.);
#2456=B_SPLINE_CURVE_WITH_KNOTS('',3,(#12470,#12471,#12472,#12473,#12474),
 .UNSPECIFIED.,.F.,.F.,(4,1,4),(0.,0.023220711067959,0.0465204611155658),
 .UNSPECIFIED.);
#2457=B_SPLINE_CURVE_WITH_KNOTS('',3,(#12487,#12488,#12489,#12490,#12491,
#12492,#12493,#12494,#12495,#12496,#12497,#12498,#12499,#12500,#12501,#12502),
 .UNSPECIFIED.,.F.,.F.,(4,3,3,3,3,4),(0.,0.00482280291509503,0.00935446240194145,
0.0134726214012902,0.0137537008630314,0.0274964284834708),.UNSPECIFIED.);
#2458=B_SPLINE_CURVE_WITH_KNOTS('',3,(#12504,#12505,#12506,#12507,#12508),
 .UNSPECIFIED.,.F.,.F.,(4,1,4),(0.,0.0129005030619637,0.0263393635256585),
 .UNSPECIFIED.);
#2459=B_SPLINE_CURVE_WITH_KNOTS('',3,(#12527,#12528,#12529,#12530,#12531,
#12532,#12533,#12534,#12535,#12536,#12537,#12538,#12539),.UNSPECIFIED.,
 .F.,.F.,(4,3,3,3,4),(0.,0.00284806890292658,0.00414721323876171,0.00417874203469478,
0.0083570370659453),.UNSPECIFIED.);
#2460=B_SPLINE_CURVE_WITH_KNOTS('',3,(#12542,#12543,#12544,#12545,#12546),
 .UNSPECIFIED.,.F.,.F.,(4,1,4),(0.,0.00403887418091789,0.00813917986168537),
 .UNSPECIFIED.);
#2461=B_SPLINE_CURVE_WITH_KNOTS('',3,(#12564,#12565,#12566,#12567,#12568,
#12569,#12570,#12571,#12572,#12573,#12574,#12575,#12576,#12577,#12578,#12579,
#12580,#12581,#12582),.UNSPECIFIED.,.F.,.F.,(4,3,3,3,3,3,4),(0.,0.00270061497732983,
0.00564818965823703,0.00804317087731123,0.00859576433914424,0.00923241425161824,
0.0183884656320459),.UNSPECIFIED.);
#2462=B_SPLINE_CURVE_WITH_KNOTS('',3,(#12585,#12586,#12587,#12588,#12589),
 .UNSPECIFIED.,.F.,.F.,(4,1,4),(0.,0.00777075606014149,0.0166940539090376),
 .UNSPECIFIED.);
#2463=B_SPLINE_CURVE_WITH_KNOTS('',3,(#12601,#12602,#12603,#12604,#12605,
#12606,#12607,#12608,#12609,#12610,#12611,#12612,#12613),.UNSPECIFIED.,
 .F.,.F.,(4,3,3,3,4),(0.,0.0141080780480869,0.0141177090404828,0.0233165547705508,
0.0282174185421781),.UNSPECIFIED.);
#2464=B_SPLINE_CURVE_WITH_KNOTS('',3,(#12616,#12617,#12618,#12619,#12620),
 .UNSPECIFIED.,.F.,.F.,(4,1,4),(0.,0.0137481276448154,0.0274787141833544),
 .UNSPECIFIED.);
#2465=B_SPLINE_CURVE_WITH_KNOTS('',3,(#12650,#12651,#12652,#12653,#12654,
#12655,#12656,#12657,#12658,#12659,#12660,#12661,#12662,#12663,#12664,#12665),
 .UNSPECIFIED.,.F.,.F.,(4,3,3,3,3,4),(0.,0.0238795900135068,0.0239236809302889,
0.0339769911757685,0.0470481641077477,0.0477662345100403),.UNSPECIFIED.);
#2466=B_SPLINE_CURVE_WITH_KNOTS('',3,(#12668,#12669,#12670,#12671,#12672),
 .UNSPECIFIED.,.F.,.F.,(4,1,4),(0.,0.0232998160482069,0.0465204629442254),
 .UNSPECIFIED.);
#2467=B_SPLINE_CURVE_WITH_KNOTS('',3,(#12684,#12685,#12686,#12687,#12688,
#12689,#12690,#12691,#12692,#12693,#12694,#12695,#12696,#12697,#12698,#12699),
 .UNSPECIFIED.,.F.,.F.,(4,3,3,3,3,4),(0.,0.013275833605337,0.0135477876516075,
0.0174472484534535,0.0240412825646339,0.0265631780271209),.UNSPECIFIED.);
#2468=B_SPLINE_CURVE_WITH_KNOTS('',3,(#12702,#12703,#12704,#12705,#12706),
 .UNSPECIFIED.,.F.,.F.,(4,1,4),(0.,0.0134388338521749,0.0263393600158049),
 .UNSPECIFIED.);
#2469=VERTEX_POINT('',#7593);
#2470=VERTEX_POINT('',#7594);
#2471=VERTEX_POINT('',#7608);
#2472=VERTEX_POINT('',#7613);
#2473=VERTEX_POINT('',#7632);
#2474=VERTEX_POINT('',#7634);
#2475=VERTEX_POINT('',#7665);
#2476=VERTEX_POINT('',#7666);
#2477=VERTEX_POINT('',#7680);
#2478=VERTEX_POINT('',#7685);
#2479=VERTEX_POINT('',#7704);
#2480=VERTEX_POINT('',#7706);
#2481=VERTEX_POINT('',#7711);
#2482=VERTEX_POINT('',#7713);
#2483=VERTEX_POINT('',#7715);
#2484=VERTEX_POINT('',#7717);
#2485=VERTEX_POINT('',#7721);
#2486=VERTEX_POINT('',#7723);
#2487=VERTEX_POINT('',#7725);
#2488=VERTEX_POINT('',#7727);
#2489=VERTEX_POINT('',#7729);
#2490=VERTEX_POINT('',#7731);
#2491=VERTEX_POINT('',#7733);
#2492=VERTEX_POINT('',#7735);
#2493=VERTEX_POINT('',#7738);
#2494=VERTEX_POINT('',#7740);
#2495=VERTEX_POINT('',#7743);
#2496=VERTEX_POINT('',#7745);
#2497=VERTEX_POINT('',#7747);
#2498=VERTEX_POINT('',#7749);
#2499=VERTEX_POINT('',#7754);
#2500=VERTEX_POINT('',#7755);
#2501=VERTEX_POINT('',#7757);
#2502=VERTEX_POINT('',#7759);
#2503=VERTEX_POINT('',#7763);
#2504=VERTEX_POINT('',#7764);
#2505=VERTEX_POINT('',#7766);
#2506=VERTEX_POINT('',#7768);
#2507=VERTEX_POINT('',#7772);
#2508=VERTEX_POINT('',#7774);
#2509=VERTEX_POINT('',#7778);
#2510=VERTEX_POINT('',#7780);
#2511=VERTEX_POINT('',#7784);
#2512=VERTEX_POINT('',#7786);
#2513=VERTEX_POINT('',#7790);
#2514=VERTEX_POINT('',#7792);
#2515=VERTEX_POINT('',#7809);
#2516=VERTEX_POINT('',#7810);
#2517=VERTEX_POINT('',#7827);
#2518=VERTEX_POINT('',#7829);
#2519=VERTEX_POINT('',#7837);
#2520=VERTEX_POINT('',#7839);
#2521=VERTEX_POINT('',#7852);
#2522=VERTEX_POINT('',#7869);
#2523=VERTEX_POINT('',#7886);
#2524=VERTEX_POINT('',#7900);
#2525=VERTEX_POINT('',#7917);
#2526=VERTEX_POINT('',#7931);
#2527=VERTEX_POINT('',#7948);
#2528=VERTEX_POINT('',#7965);
#2529=VERTEX_POINT('',#7973);
#2530=VERTEX_POINT('',#7975);
#2531=VERTEX_POINT('',#7988);
#2532=VERTEX_POINT('',#8005);
#2533=VERTEX_POINT('',#8022);
#2534=VERTEX_POINT('',#8036);
#2535=VERTEX_POINT('',#8044);
#2536=VERTEX_POINT('',#8046);
#2537=VERTEX_POINT('',#8050);
#2538=VERTEX_POINT('',#8052);
#2539=VERTEX_POINT('',#8056);
#2540=VERTEX_POINT('',#8058);
#2541=VERTEX_POINT('',#8071);
#2542=VERTEX_POINT('',#8088);
#2543=VERTEX_POINT('',#8105);
#2544=VERTEX_POINT('',#8119);
#2545=VERTEX_POINT('',#8136);
#2546=VERTEX_POINT('',#8150);
#2547=VERTEX_POINT('',#8158);
#2548=VERTEX_POINT('',#8160);
#2549=VERTEX_POINT('',#8164);
#2550=VERTEX_POINT('',#8166);
#2551=VERTEX_POINT('',#8170);
#2552=VERTEX_POINT('',#8172);
#2553=VERTEX_POINT('',#8185);
#2554=VERTEX_POINT('',#8202);
#2555=VERTEX_POINT('',#8219);
#2556=VERTEX_POINT('',#8233);
#2557=VERTEX_POINT('',#8241);
#2558=VERTEX_POINT('',#8243);
#2559=VERTEX_POINT('',#8256);
#2560=VERTEX_POINT('',#8273);
#2561=VERTEX_POINT('',#8290);
#2562=VERTEX_POINT('',#8307);
#2563=VERTEX_POINT('',#8324);
#2564=VERTEX_POINT('',#8338);
#2565=VERTEX_POINT('',#8355);
#2566=VERTEX_POINT('',#8372);
#2567=VERTEX_POINT('',#8393);
#2568=VERTEX_POINT('',#8394);
#2569=VERTEX_POINT('',#8408);
#2570=VERTEX_POINT('',#8410);
#2571=VERTEX_POINT('',#8427);
#2572=VERTEX_POINT('',#8435);
#2573=VERTEX_POINT('',#8443);
#2574=VERTEX_POINT('',#8445);
#2575=VERTEX_POINT('',#8449);
#2576=VERTEX_POINT('',#8451);
#2577=VERTEX_POINT('',#8455);
#2578=VERTEX_POINT('',#8457);
#2579=VERTEX_POINT('',#8470);
#2580=VERTEX_POINT('',#8487);
#2581=VERTEX_POINT('',#8504);
#2582=VERTEX_POINT('',#8521);
#2583=VERTEX_POINT('',#8538);
#2584=VERTEX_POINT('',#8555);
#2585=VERTEX_POINT('',#8572);
#2586=VERTEX_POINT('',#8586);
#2587=VERTEX_POINT('',#8603);
#2588=VERTEX_POINT('',#8617);
#2589=VERTEX_POINT('',#8634);
#2590=VERTEX_POINT('',#8648);
#2591=VERTEX_POINT('',#8665);
#2592=VERTEX_POINT('',#8676);
#2593=VERTEX_POINT('',#8693);
#2594=VERTEX_POINT('',#8707);
#2595=VERTEX_POINT('',#8724);
#2596=VERTEX_POINT('',#8732);
#2597=VERTEX_POINT('',#8749);
#2598=VERTEX_POINT('',#8757);
#2599=VERTEX_POINT('',#8774);
#2600=VERTEX_POINT('',#8788);
#2601=VERTEX_POINT('',#8805);
#2602=VERTEX_POINT('',#8816);
#2603=VERTEX_POINT('',#8833);
#2604=VERTEX_POINT('',#8841);
#2605=VERTEX_POINT('',#8858);
#2606=VERTEX_POINT('',#8875);
#2607=VERTEX_POINT('',#8892);
#2608=VERTEX_POINT('',#8906);
#2609=VERTEX_POINT('',#8923);
#2610=VERTEX_POINT('',#8943);
#2611=VERTEX_POINT('',#8951);
#2612=VERTEX_POINT('',#8953);
#2613=VERTEX_POINT('',#8966);
#2614=VERTEX_POINT('',#8980);
#2615=VERTEX_POINT('',#8997);
#2616=VERTEX_POINT('',#9011);
#2617=VERTEX_POINT('',#9028);
#2618=VERTEX_POINT('',#9042);
#2619=VERTEX_POINT('',#9059);
#2620=VERTEX_POINT('',#9073);
#2621=VERTEX_POINT('',#9081);
#2622=VERTEX_POINT('',#9083);
#2623=VERTEX_POINT('',#9087);
#2624=VERTEX_POINT('',#9089);
#2625=VERTEX_POINT('',#9102);
#2626=VERTEX_POINT('',#9110);
#2627=VERTEX_POINT('',#9127);
#2628=VERTEX_POINT('',#9144);
#2629=VERTEX_POINT('',#9161);
#2630=VERTEX_POINT('',#9175);
#2631=VERTEX_POINT('',#9192);
#2632=VERTEX_POINT('',#9206);
#2633=VERTEX_POINT('',#9214);
#2634=VERTEX_POINT('',#9216);
#2635=VERTEX_POINT('',#9229);
#2636=VERTEX_POINT('',#9243);
#2637=VERTEX_POINT('',#9260);
#2638=VERTEX_POINT('',#9268);
#2639=VERTEX_POINT('',#9276);
#2640=VERTEX_POINT('',#9278);
#2641=VERTEX_POINT('',#9282);
#2642=VERTEX_POINT('',#9284);
#2643=VERTEX_POINT('',#9288);
#2644=VERTEX_POINT('',#9290);
#2645=VERTEX_POINT('',#9303);
#2646=VERTEX_POINT('',#9320);
#2647=VERTEX_POINT('',#9337);
#2648=VERTEX_POINT('',#9354);
#2649=VERTEX_POINT('',#9400);
#2650=VERTEX_POINT('',#9401);
#2651=VERTEX_POINT('',#9418);
#2652=VERTEX_POINT('',#9420);
#2653=VERTEX_POINT('',#9428);
#2654=VERTEX_POINT('',#9430);
#2655=VERTEX_POINT('',#9443);
#2656=VERTEX_POINT('',#9460);
#2657=VERTEX_POINT('',#9477);
#2658=VERTEX_POINT('',#9491);
#2659=VERTEX_POINT('',#9508);
#2660=VERTEX_POINT('',#9522);
#2661=VERTEX_POINT('',#9539);
#2662=VERTEX_POINT('',#9556);
#2663=VERTEX_POINT('',#9564);
#2664=VERTEX_POINT('',#9566);
#2665=VERTEX_POINT('',#9579);
#2666=VERTEX_POINT('',#9596);
#2667=VERTEX_POINT('',#9613);
#2668=VERTEX_POINT('',#9627);
#2669=VERTEX_POINT('',#9635);
#2670=VERTEX_POINT('',#9637);
#2671=VERTEX_POINT('',#9641);
#2672=VERTEX_POINT('',#9643);
#2673=VERTEX_POINT('',#9647);
#2674=VERTEX_POINT('',#9649);
#2675=VERTEX_POINT('',#9662);
#2676=VERTEX_POINT('',#9679);
#2677=VERTEX_POINT('',#9696);
#2678=VERTEX_POINT('',#9710);
#2679=VERTEX_POINT('',#9727);
#2680=VERTEX_POINT('',#9741);
#2681=VERTEX_POINT('',#9749);
#2682=VERTEX_POINT('',#9751);
#2683=VERTEX_POINT('',#9755);
#2684=VERTEX_POINT('',#9757);
#2685=VERTEX_POINT('',#9761);
#2686=VERTEX_POINT('',#9763);
#2687=VERTEX_POINT('',#9776);
#2688=VERTEX_POINT('',#9793);
#2689=VERTEX_POINT('',#9810);
#2690=VERTEX_POINT('',#9824);
#2691=VERTEX_POINT('',#9832);
#2692=VERTEX_POINT('',#9834);
#2693=VERTEX_POINT('',#9847);
#2694=VERTEX_POINT('',#9864);
#2695=VERTEX_POINT('',#9881);
#2696=VERTEX_POINT('',#9898);
#2697=VERTEX_POINT('',#9915);
#2698=VERTEX_POINT('',#9929);
#2699=VERTEX_POINT('',#9946);
#2700=VERTEX_POINT('',#9963);
#2701=VERTEX_POINT('',#9975);
#2702=VERTEX_POINT('',#9976);
#2703=VERTEX_POINT('',#9978);
#2704=VERTEX_POINT('',#9980);
#2705=VERTEX_POINT('',#9984);
#2706=VERTEX_POINT('',#9986);
#2707=VERTEX_POINT('',#9990);
#2708=VERTEX_POINT('',#9992);
#2709=VERTEX_POINT('',#10005);
#2710=VERTEX_POINT('',#10034);
#2711=VERTEX_POINT('',#10042);
#2712=VERTEX_POINT('',#10044);
#2713=VERTEX_POINT('',#10057);
#2714=VERTEX_POINT('',#10077);
#2715=VERTEX_POINT('',#10085);
#2716=VERTEX_POINT('',#10087);
#2717=VERTEX_POINT('',#10091);
#2718=VERTEX_POINT('',#10093);
#2719=VERTEX_POINT('',#10097);
#2720=VERTEX_POINT('',#10099);
#2721=VERTEX_POINT('',#10112);
#2722=VERTEX_POINT('',#10135);
#2723=VERTEX_POINT('',#10143);
#2724=VERTEX_POINT('',#10145);
#2725=VERTEX_POINT('',#10158);
#2726=VERTEX_POINT('',#10190);
#2727=VERTEX_POINT('',#10198);
#2728=VERTEX_POINT('',#10200);
#2729=VERTEX_POINT('',#10204);
#2730=VERTEX_POINT('',#10206);
#2731=VERTEX_POINT('',#10210);
#2732=VERTEX_POINT('',#10212);
#2733=VERTEX_POINT('',#10216);
#2734=VERTEX_POINT('',#10218);
#2735=VERTEX_POINT('',#10222);
#2736=VERTEX_POINT('',#10224);
#2737=VERTEX_POINT('',#10237);
#2738=VERTEX_POINT('',#10260);
#2739=VERTEX_POINT('',#10272);
#2740=VERTEX_POINT('',#10273);
#2741=VERTEX_POINT('',#10275);
#2742=VERTEX_POINT('',#10277);
#2743=VERTEX_POINT('',#10281);
#2744=VERTEX_POINT('',#10283);
#2745=VERTEX_POINT('',#10287);
#2746=VERTEX_POINT('',#10289);
#2747=VERTEX_POINT('',#10293);
#2748=VERTEX_POINT('',#10295);
#2749=VERTEX_POINT('',#10299);
#2750=VERTEX_POINT('',#10301);
#2751=VERTEX_POINT('',#10318);
#2752=VERTEX_POINT('',#10319);
#2753=VERTEX_POINT('',#10336);
#2754=VERTEX_POINT('',#10338);
#2755=VERTEX_POINT('',#10355);
#2756=VERTEX_POINT('',#10372);
#2757=VERTEX_POINT('',#10380);
#2758=VERTEX_POINT('',#10382);
#2759=VERTEX_POINT('',#10386);
#2760=VERTEX_POINT('',#10388);
#2761=VERTEX_POINT('',#10392);
#2762=VERTEX_POINT('',#10394);
#2763=VERTEX_POINT('',#10398);
#2764=VERTEX_POINT('',#10400);
#2765=VERTEX_POINT('',#10404);
#2766=VERTEX_POINT('',#10406);
#2767=VERTEX_POINT('',#10410);
#2768=VERTEX_POINT('',#10412);
#2769=VERTEX_POINT('',#10416);
#2770=VERTEX_POINT('',#10418);
#2771=VERTEX_POINT('',#10422);
#2772=VERTEX_POINT('',#10424);
#2773=VERTEX_POINT('',#10437);
#2774=VERTEX_POINT('',#10451);
#2775=VERTEX_POINT('',#10468);
#2776=VERTEX_POINT('',#10485);
#2777=VERTEX_POINT('',#10497);
#2778=VERTEX_POINT('',#10498);
#2779=VERTEX_POINT('',#10500);
#2780=VERTEX_POINT('',#10502);
#2781=VERTEX_POINT('',#10506);
#2782=VERTEX_POINT('',#10508);
#2783=VERTEX_POINT('',#10512);
#2784=VERTEX_POINT('',#10514);
#2785=VERTEX_POINT('',#10531);
#2786=VERTEX_POINT('',#10532);
#2787=VERTEX_POINT('',#10552);
#2788=VERTEX_POINT('',#10554);
#2789=VERTEX_POINT('',#10562);
#2790=VERTEX_POINT('',#10564);
#2791=VERTEX_POINT('',#10577);
#2792=VERTEX_POINT('',#10594);
#2793=VERTEX_POINT('',#10606);
#2794=VERTEX_POINT('',#10607);
#2795=VERTEX_POINT('',#10609);
#2796=VERTEX_POINT('',#10611);
#2797=VERTEX_POINT('',#10615);
#2798=VERTEX_POINT('',#10617);
#2799=VERTEX_POINT('',#10621);
#2800=VERTEX_POINT('',#10623);
#2801=VERTEX_POINT('',#10627);
#2802=VERTEX_POINT('',#10629);
#2803=VERTEX_POINT('',#10633);
#2804=VERTEX_POINT('',#10635);
#2805=VERTEX_POINT('',#10639);
#2806=VERTEX_POINT('',#10641);
#2807=VERTEX_POINT('',#10645);
#2808=VERTEX_POINT('',#10647);
#2809=VERTEX_POINT('',#10651);
#2810=VERTEX_POINT('',#10653);
#2811=VERTEX_POINT('',#10657);
#2812=VERTEX_POINT('',#10659);
#2813=VERTEX_POINT('',#10663);
#2814=VERTEX_POINT('',#10665);
#2815=VERTEX_POINT('',#10669);
#2816=VERTEX_POINT('',#10671);
#2817=VERTEX_POINT('',#10675);
#2818=VERTEX_POINT('',#10677);
#2819=VERTEX_POINT('',#10681);
#2820=VERTEX_POINT('',#10683);
#2821=VERTEX_POINT('',#10687);
#2822=VERTEX_POINT('',#10689);
#2823=VERTEX_POINT('',#10693);
#2824=VERTEX_POINT('',#10695);
#2825=VERTEX_POINT('',#10699);
#2826=VERTEX_POINT('',#10701);
#2827=VERTEX_POINT('',#10705);
#2828=VERTEX_POINT('',#10707);
#2829=VERTEX_POINT('',#10711);
#2830=VERTEX_POINT('',#10713);
#2831=VERTEX_POINT('',#10717);
#2832=VERTEX_POINT('',#10719);
#2833=VERTEX_POINT('',#10727);
#2834=VERTEX_POINT('',#10728);
#2835=VERTEX_POINT('',#10730);
#2836=VERTEX_POINT('',#10732);
#2837=VERTEX_POINT('',#10736);
#2838=VERTEX_POINT('',#10738);
#2839=VERTEX_POINT('',#10742);
#2840=VERTEX_POINT('',#10744);
#2841=VERTEX_POINT('',#10761);
#2842=VERTEX_POINT('',#10762);
#2843=VERTEX_POINT('',#10779);
#2844=VERTEX_POINT('',#10781);
#2845=VERTEX_POINT('',#10789);
#2846=VERTEX_POINT('',#10791);
#2847=VERTEX_POINT('',#10795);
#2848=VERTEX_POINT('',#10797);
#2849=VERTEX_POINT('',#10801);
#2850=VERTEX_POINT('',#10803);
#2851=VERTEX_POINT('',#10816);
#2852=VERTEX_POINT('',#10830);
#2853=VERTEX_POINT('',#10847);
#2854=VERTEX_POINT('',#10861);
#2855=VERTEX_POINT('',#10869);
#2856=VERTEX_POINT('',#10871);
#2857=VERTEX_POINT('',#10884);
#2858=VERTEX_POINT('',#10892);
#2859=VERTEX_POINT('',#10900);
#2860=VERTEX_POINT('',#10902);
#2861=VERTEX_POINT('',#10906);
#2862=VERTEX_POINT('',#10908);
#2863=VERTEX_POINT('',#10912);
#2864=VERTEX_POINT('',#10914);
#2865=VERTEX_POINT('',#10922);
#2866=VERTEX_POINT('',#10923);
#2867=VERTEX_POINT('',#10925);
#2868=VERTEX_POINT('',#10927);
#2869=VERTEX_POINT('',#10931);
#2870=VERTEX_POINT('',#10933);
#2871=VERTEX_POINT('',#10937);
#2872=VERTEX_POINT('',#10939);
#2873=VERTEX_POINT('',#10956);
#2874=VERTEX_POINT('',#10957);
#2875=VERTEX_POINT('',#10971);
#2876=VERTEX_POINT('',#10973);
#2877=VERTEX_POINT('',#10990);
#2878=VERTEX_POINT('',#11007);
#2879=VERTEX_POINT('',#11024);
#2880=VERTEX_POINT('',#11041);
#2881=VERTEX_POINT('',#11049);
#2882=VERTEX_POINT('',#11051);
#2883=VERTEX_POINT('',#11064);
#2884=VERTEX_POINT('',#11084);
#2885=VERTEX_POINT('',#11101);
#2886=VERTEX_POINT('',#11115);
#2887=VERTEX_POINT('',#11123);
#2888=VERTEX_POINT('',#11125);
#2889=VERTEX_POINT('',#11129);
#2890=VERTEX_POINT('',#11131);
#2891=VERTEX_POINT('',#11135);
#2892=VERTEX_POINT('',#11137);
#2893=VERTEX_POINT('',#11150);
#2894=VERTEX_POINT('',#11164);
#2895=VERTEX_POINT('',#11181);
#2896=VERTEX_POINT('',#11198);
#2897=VERTEX_POINT('',#11206);
#2898=VERTEX_POINT('',#11208);
#2899=VERTEX_POINT('',#11221);
#2900=VERTEX_POINT('',#11235);
#2901=VERTEX_POINT('',#11243);
#2902=VERTEX_POINT('',#11245);
#2903=VERTEX_POINT('',#11258);
#2904=VERTEX_POINT('',#11278);
#2905=VERTEX_POINT('',#11295);
#2906=VERTEX_POINT('',#11309);
#2907=VERTEX_POINT('',#11317);
#2908=VERTEX_POINT('',#11319);
#2909=VERTEX_POINT('',#11323);
#2910=VERTEX_POINT('',#11325);
#2911=VERTEX_POINT('',#11329);
#2912=VERTEX_POINT('',#11331);
#2913=VERTEX_POINT('',#11344);
#2914=VERTEX_POINT('',#11361);
#2915=VERTEX_POINT('',#11378);
#2916=VERTEX_POINT('',#11395);
#2917=VERTEX_POINT('',#11416);
#2918=VERTEX_POINT('',#11417);
#2919=VERTEX_POINT('',#11431);
#2920=VERTEX_POINT('',#11433);
#2921=VERTEX_POINT('',#11450);
#2922=VERTEX_POINT('',#11458);
#2923=VERTEX_POINT('',#11475);
#2924=VERTEX_POINT('',#11483);
#2925=VERTEX_POINT('',#11500);
#2926=VERTEX_POINT('',#11514);
#2927=VERTEX_POINT('',#11522);
#2928=VERTEX_POINT('',#11524);
#2929=VERTEX_POINT('',#11537);
#2930=VERTEX_POINT('',#11557);
#2931=VERTEX_POINT('',#11574);
#2932=VERTEX_POINT('',#11588);
#2933=VERTEX_POINT('',#11596);
#2934=VERTEX_POINT('',#11598);
#2935=VERTEX_POINT('',#11602);
#2936=VERTEX_POINT('',#11604);
#2937=VERTEX_POINT('',#11608);
#2938=VERTEX_POINT('',#11610);
#2939=VERTEX_POINT('',#11623);
#2940=VERTEX_POINT('',#11637);
#2941=VERTEX_POINT('',#11654);
#2942=VERTEX_POINT('',#11671);
#2943=VERTEX_POINT('',#11679);
#2944=VERTEX_POINT('',#11681);
#2945=VERTEX_POINT('',#11685);
#2946=VERTEX_POINT('',#11687);
#2947=VERTEX_POINT('',#11700);
#2948=VERTEX_POINT('',#11714);
#2949=VERTEX_POINT('',#11731);
#2950=VERTEX_POINT('',#11745);
#2951=VERTEX_POINT('',#11762);
#2952=VERTEX_POINT('',#11776);
#2953=VERTEX_POINT('',#11793);
#2954=VERTEX_POINT('',#11807);
#2955=VERTEX_POINT('',#11815);
#2956=VERTEX_POINT('',#11817);
#2957=VERTEX_POINT('',#11830);
#2958=VERTEX_POINT('',#11847);
#2959=VERTEX_POINT('',#11864);
#2960=VERTEX_POINT('',#11878);
#2961=VERTEX_POINT('',#11895);
#2962=VERTEX_POINT('',#11909);
#2963=VERTEX_POINT('',#11926);
#2964=VERTEX_POINT('',#11940);
#2965=VERTEX_POINT('',#11957);
#2966=VERTEX_POINT('',#11968);
#2967=VERTEX_POINT('',#11985);
#2968=VERTEX_POINT('',#11999);
#2969=VERTEX_POINT('',#12016);
#2970=VERTEX_POINT('',#12030);
#2971=VERTEX_POINT('',#12047);
#2972=VERTEX_POINT('',#12055);
#2973=VERTEX_POINT('',#12072);
#2974=VERTEX_POINT('',#12086);
#2975=VERTEX_POINT('',#12094);
#2976=VERTEX_POINT('',#12096);
#2977=VERTEX_POINT('',#12109);
#2978=VERTEX_POINT('',#12126);
#2979=VERTEX_POINT('',#12143);
#2980=VERTEX_POINT('',#12157);
#2981=VERTEX_POINT('',#12165);
#2982=VERTEX_POINT('',#12167);
#2983=VERTEX_POINT('',#12171);
#2984=VERTEX_POINT('',#12173);
#2985=VERTEX_POINT('',#12177);
#2986=VERTEX_POINT('',#12179);
#2987=VERTEX_POINT('',#12192);
#2988=VERTEX_POINT('',#12206);
#2989=VERTEX_POINT('',#12223);
#2990=VERTEX_POINT('',#12240);
#2991=VERTEX_POINT('',#12261);
#2992=VERTEX_POINT('',#12262);
#2993=VERTEX_POINT('',#12276);
#2994=VERTEX_POINT('',#12278);
#2995=VERTEX_POINT('',#12295);
#2996=VERTEX_POINT('',#12312);
#2997=VERTEX_POINT('',#12329);
#2998=VERTEX_POINT('',#12346);
#2999=VERTEX_POINT('',#12354);
#3000=VERTEX_POINT('',#12356);
#3001=VERTEX_POINT('',#12369);
#3002=VERTEX_POINT('',#12389);
#3003=VERTEX_POINT('',#12406);
#3004=VERTEX_POINT('',#12420);
#3005=VERTEX_POINT('',#12428);
#3006=VERTEX_POINT('',#12430);
#3007=VERTEX_POINT('',#12434);
#3008=VERTEX_POINT('',#12436);
#3009=VERTEX_POINT('',#12440);
#3010=VERTEX_POINT('',#12442);
#3011=VERTEX_POINT('',#12455);
#3012=VERTEX_POINT('',#12469);
#3013=VERTEX_POINT('',#12486);
#3014=VERTEX_POINT('',#12503);
#3015=VERTEX_POINT('',#12511);
#3016=VERTEX_POINT('',#12513);
#3017=VERTEX_POINT('',#12526);
#3018=VERTEX_POINT('',#12540);
#3019=VERTEX_POINT('',#12548);
#3020=VERTEX_POINT('',#12550);
#3021=VERTEX_POINT('',#12563);
#3022=VERTEX_POINT('',#12583);
#3023=VERTEX_POINT('',#12600);
#3024=VERTEX_POINT('',#12614);
#3025=VERTEX_POINT('',#12622);
#3026=VERTEX_POINT('',#12624);
#3027=VERTEX_POINT('',#12628);
#3028=VERTEX_POINT('',#12630);
#3029=VERTEX_POINT('',#12634);
#3030=VERTEX_POINT('',#12636);
#3031=VERTEX_POINT('',#12649);
#3032=VERTEX_POINT('',#12666);
#3033=VERTEX_POINT('',#12683);
#3034=VERTEX_POINT('',#12700);
#3035=VERTEX_POINT('',#12712);
#3036=VERTEX_POINT('',#12713);
#3037=VERTEX_POINT('',#12715);
#3038=VERTEX_POINT('',#12717);
#3039=VERTEX_POINT('',#12721);
#3040=VERTEX_POINT('',#12723);
#3041=VERTEX_POINT('',#12727);
#3042=VERTEX_POINT('',#12729);
#3043=VERTEX_POINT('',#12737);
#3044=VERTEX_POINT('',#12738);
#3045=VERTEX_POINT('',#12740);
#3046=VERTEX_POINT('',#12742);
#3047=VERTEX_POINT('',#12746);
#3048=VERTEX_POINT('',#12748);
#3049=VERTEX_POINT('',#12752);
#3050=VERTEX_POINT('',#12754);
#3051=VERTEX_POINT('',#12758);
#3052=VERTEX_POINT('',#12760);
#3053=VERTEX_POINT('',#12764);
#3054=VERTEX_POINT('',#12766);
#3055=VERTEX_POINT('',#12774);
#3056=VERTEX_POINT('',#12776);
#3057=VERTEX_POINT('',#12780);
#3058=VERTEX_POINT('',#12784);
#3059=VERTEX_POINT('',#12788);
#3060=VERTEX_POINT('',#12790);
#3061=VERTEX_POINT('',#12792);
#3062=VERTEX_POINT('',#12794);
#3063=VERTEX_POINT('',#12797);
#3064=VERTEX_POINT('',#12799);
#3065=VERTEX_POINT('',#12801);
#3066=VERTEX_POINT('',#12803);
#3067=VERTEX_POINT('',#12814);
#3068=VERTEX_POINT('',#12815);
#3069=VERTEX_POINT('',#12822);
#3070=VERTEX_POINT('',#12826);
#3071=VERTEX_POINT('',#12830);
#3072=VERTEX_POINT('',#12834);
#3073=VERTEX_POINT('',#12842);
#3074=VERTEX_POINT('',#12847);
#3075=VERTEX_POINT('',#12852);
#3076=VERTEX_POINT('',#12857);
#3077=EDGE_CURVE('',#2469,#2470,#2207,.T.);
#3078=EDGE_CURVE('',#2470,#2471,#2208,.T.);
#3079=EDGE_CURVE('',#2471,#2472,#2209,.T.);
#3080=EDGE_CURVE('',#2472,#2469,#2210,.T.);
#3081=EDGE_CURVE('',#2473,#2470,#88,.T.);
#3082=EDGE_CURVE('',#2474,#2473,#89,.T.);
#3083=EDGE_CURVE('',#2471,#2474,#90,.T.);
#3084=EDGE_CURVE('',#2475,#2476,#2211,.T.);
#3085=EDGE_CURVE('',#2476,#2477,#2212,.T.);
#3086=EDGE_CURVE('',#2477,#2478,#2213,.T.);
#3087=EDGE_CURVE('',#2478,#2475,#2214,.T.);
#3088=EDGE_CURVE('',#2479,#2476,#91,.T.);
#3089=EDGE_CURVE('',#2480,#2479,#92,.T.);
#3090=EDGE_CURVE('',#2477,#2480,#93,.T.);
#3091=EDGE_CURVE('',#2475,#2472,#94,.T.);
#3092=EDGE_CURVE('',#2481,#2474,#95,.T.);
#3093=EDGE_CURVE('',#2482,#2481,#96,.T.);
#3094=EDGE_CURVE('',#2482,#2483,#97,.T.);
#3095=EDGE_CURVE('',#2483,#2484,#98,.T.);
#3096=EDGE_CURVE('',#2479,#2484,#99,.T.);
#3097=EDGE_CURVE('',#2473,#2485,#100,.T.);
#3098=EDGE_CURVE('',#2486,#2485,#64,.T.);
#3099=EDGE_CURVE('',#2486,#2487,#101,.T.);
#3100=EDGE_CURVE('',#2488,#2487,#65,.T.);
#3101=EDGE_CURVE('',#2488,#2489,#102,.T.);
#3102=EDGE_CURVE('',#2490,#2489,#66,.T.);
#3103=EDGE_CURVE('',#2490,#2491,#103,.T.);
#3104=EDGE_CURVE('',#2492,#2491,#67,.T.);
#3105=EDGE_CURVE('',#2492,#2480,#104,.T.);
#3106=EDGE_CURVE('',#2484,#2493,#105,.T.);
#3107=EDGE_CURVE('',#2493,#2494,#106,.T.);
#3108=EDGE_CURVE('',#2494,#2481,#107,.T.);
#3109=EDGE_CURVE('',#2495,#2495,#68,.T.);
#3110=EDGE_CURVE('',#2496,#2496,#69,.T.);
#3111=EDGE_CURVE('',#2497,#2497,#70,.T.);
#3112=EDGE_CURVE('',#2498,#2498,#71,.T.);
#3113=EDGE_CURVE('',#2469,#2478,#108,.T.);
#3114=EDGE_CURVE('',#2499,#2500,#109,.T.);
#3115=EDGE_CURVE('',#2501,#2499,#110,.T.);
#3116=EDGE_CURVE('',#2502,#2501,#111,.T.);
#3117=EDGE_CURVE('',#2500,#2502,#112,.T.);
#3118=EDGE_CURVE('',#2503,#2504,#113,.T.);
#3119=EDGE_CURVE('',#2503,#2505,#114,.T.);
#3120=EDGE_CURVE('',#2505,#2506,#115,.T.);
#3121=EDGE_CURVE('',#2504,#2506,#116,.T.);
#3122=EDGE_CURVE('',#2504,#2507,#117,.T.);
#3123=EDGE_CURVE('',#2506,#2508,#118,.T.);
#3124=EDGE_CURVE('',#2507,#2508,#119,.T.);
#3125=EDGE_CURVE('',#2507,#2509,#120,.T.);
#3126=EDGE_CURVE('',#2508,#2510,#121,.T.);
#3127=EDGE_CURVE('',#2509,#2510,#122,.T.);
#3128=EDGE_CURVE('',#2509,#2511,#123,.T.);
#3129=EDGE_CURVE('',#2510,#2512,#124,.T.);
#3130=EDGE_CURVE('',#2511,#2512,#125,.T.);
#3131=EDGE_CURVE('',#2513,#2503,#126,.T.);
#3132=EDGE_CURVE('',#2513,#2514,#127,.T.);
#3133=EDGE_CURVE('',#2514,#2505,#128,.T.);
#3134=EDGE_CURVE('',#2511,#2513,#129,.T.);
#3135=EDGE_CURVE('',#2512,#2514,#130,.T.);
#3136=EDGE_CURVE('',#2515,#2516,#2215,.T.);
#3137=EDGE_CURVE('',#2515,#2517,#131,.T.);
#3138=EDGE_CURVE('',#2517,#2518,#2216,.T.);
#3139=EDGE_CURVE('',#2516,#2518,#132,.T.);
#3140=EDGE_CURVE('',#2516,#2519,#133,.T.);
#3141=EDGE_CURVE('',#2518,#2520,#134,.T.);
#3142=EDGE_CURVE('',#2519,#2520,#135,.T.);
#3143=EDGE_CURVE('',#2519,#2521,#2217,.T.);
#3144=EDGE_CURVE('',#2520,#2522,#2218,.T.);
#3145=EDGE_CURVE('',#2521,#2522,#136,.T.);
#3146=EDGE_CURVE('',#2521,#2523,#2219,.T.);
#3147=EDGE_CURVE('',#2522,#2524,#2220,.T.);
#3148=EDGE_CURVE('',#2523,#2524,#137,.T.);
#3149=EDGE_CURVE('',#2523,#2525,#2221,.T.);
#3150=EDGE_CURVE('',#2524,#2526,#2222,.T.);
#3151=EDGE_CURVE('',#2525,#2526,#138,.T.);
#3152=EDGE_CURVE('',#2525,#2527,#2223,.T.);
#3153=EDGE_CURVE('',#2526,#2528,#2224,.T.);
#3154=EDGE_CURVE('',#2527,#2528,#139,.T.);
#3155=EDGE_CURVE('',#2527,#2529,#140,.T.);
#3156=EDGE_CURVE('',#2528,#2530,#141,.T.);
#3157=EDGE_CURVE('',#2529,#2530,#142,.T.);
#3158=EDGE_CURVE('',#2529,#2531,#2225,.T.);
#3159=EDGE_CURVE('',#2530,#2532,#2226,.T.);
#3160=EDGE_CURVE('',#2531,#2532,#143,.T.);
#3161=EDGE_CURVE('',#2531,#2533,#2227,.T.);
#3162=EDGE_CURVE('',#2532,#2534,#2228,.T.);
#3163=EDGE_CURVE('',#2533,#2534,#144,.T.);
#3164=EDGE_CURVE('',#2533,#2535,#145,.T.);
#3165=EDGE_CURVE('',#2534,#2536,#146,.T.);
#3166=EDGE_CURVE('',#2535,#2536,#147,.T.);
#3167=EDGE_CURVE('',#2535,#2537,#148,.T.);
#3168=EDGE_CURVE('',#2536,#2538,#149,.T.);
#3169=EDGE_CURVE('',#2537,#2538,#150,.T.);
#3170=EDGE_CURVE('',#2537,#2539,#151,.T.);
#3171=EDGE_CURVE('',#2538,#2540,#152,.T.);
#3172=EDGE_CURVE('',#2539,#2540,#153,.T.);
#3173=EDGE_CURVE('',#2539,#2541,#2229,.T.);
#3174=EDGE_CURVE('',#2540,#2542,#2230,.T.);
#3175=EDGE_CURVE('',#2541,#2542,#154,.T.);
#3176=EDGE_CURVE('',#2541,#2543,#2231,.T.);
#3177=EDGE_CURVE('',#2542,#2544,#2232,.T.);
#3178=EDGE_CURVE('',#2543,#2544,#155,.T.);
#3179=EDGE_CURVE('',#2545,#2515,#2233,.T.);
#3180=EDGE_CURVE('',#2545,#2546,#156,.T.);
#3181=EDGE_CURVE('',#2546,#2517,#2234,.T.);
#3182=EDGE_CURVE('',#2547,#2545,#157,.T.);
#3183=EDGE_CURVE('',#2547,#2548,#158,.T.);
#3184=EDGE_CURVE('',#2548,#2546,#159,.T.);
#3185=EDGE_CURVE('',#2549,#2547,#160,.T.);
#3186=EDGE_CURVE('',#2549,#2550,#161,.T.);
#3187=EDGE_CURVE('',#2550,#2548,#162,.T.);
#3188=EDGE_CURVE('',#2551,#2549,#163,.T.);
#3189=EDGE_CURVE('',#2551,#2552,#164,.T.);
#3190=EDGE_CURVE('',#2552,#2550,#165,.T.);
#3191=EDGE_CURVE('',#2553,#2551,#2235,.T.);
#3192=EDGE_CURVE('',#2553,#2554,#166,.T.);
#3193=EDGE_CURVE('',#2554,#2552,#2236,.T.);
#3194=EDGE_CURVE('',#2555,#2553,#2237,.T.);
#3195=EDGE_CURVE('',#2555,#2556,#167,.T.);
#3196=EDGE_CURVE('',#2556,#2554,#2238,.T.);
#3197=EDGE_CURVE('',#2557,#2555,#168,.T.);
#3198=EDGE_CURVE('',#2557,#2558,#169,.T.);
#3199=EDGE_CURVE('',#2558,#2556,#170,.T.);
#3200=EDGE_CURVE('',#2559,#2557,#2239,.T.);
#3201=EDGE_CURVE('',#2559,#2560,#171,.T.);
#3202=EDGE_CURVE('',#2560,#2558,#2240,.T.);
#3203=EDGE_CURVE('',#2561,#2559,#2241,.T.);
#3204=EDGE_CURVE('',#2561,#2562,#172,.T.);
#3205=EDGE_CURVE('',#2562,#2560,#2242,.T.);
#3206=EDGE_CURVE('',#2563,#2561,#2243,.T.);
#3207=EDGE_CURVE('',#2563,#2564,#173,.T.);
#3208=EDGE_CURVE('',#2564,#2562,#2244,.T.);
#3209=EDGE_CURVE('',#2565,#2563,#2245,.T.);
#3210=EDGE_CURVE('',#2565,#2566,#174,.T.);
#3211=EDGE_CURVE('',#2566,#2564,#2246,.T.);
#3212=EDGE_CURVE('',#2543,#2565,#175,.T.);
#3213=EDGE_CURVE('',#2544,#2566,#176,.T.);
#3214=EDGE_CURVE('',#2567,#2568,#2247,.T.);
#3215=EDGE_CURVE('',#2567,#2569,#177,.T.);
#3216=EDGE_CURVE('',#2569,#2570,#2248,.T.);
#3217=EDGE_CURVE('',#2568,#2570,#178,.T.);
#3218=EDGE_CURVE('',#2568,#2571,#2249,.T.);
#3219=EDGE_CURVE('',#2570,#2572,#2250,.T.);
#3220=EDGE_CURVE('',#2571,#2572,#179,.T.);
#3221=EDGE_CURVE('',#2571,#2573,#180,.T.);
#3222=EDGE_CURVE('',#2572,#2574,#181,.T.);
#3223=EDGE_CURVE('',#2573,#2574,#182,.T.);
#3224=EDGE_CURVE('',#2573,#2575,#183,.T.);
#3225=EDGE_CURVE('',#2574,#2576,#184,.T.);
#3226=EDGE_CURVE('',#2575,#2576,#185,.T.);
#3227=EDGE_CURVE('',#2575,#2577,#186,.T.);
#3228=EDGE_CURVE('',#2576,#2578,#187,.T.);
#3229=EDGE_CURVE('',#2577,#2578,#188,.T.);
#3230=EDGE_CURVE('',#2577,#2579,#2251,.T.);
#3231=EDGE_CURVE('',#2578,#2580,#2252,.T.);
#3232=EDGE_CURVE('',#2579,#2580,#189,.T.);
#3233=EDGE_CURVE('',#2579,#2581,#2253,.T.);
#3234=EDGE_CURVE('',#2580,#2582,#2254,.T.);
#3235=EDGE_CURVE('',#2581,#2582,#190,.T.);
#3236=EDGE_CURVE('',#2581,#2583,#2255,.T.);
#3237=EDGE_CURVE('',#2582,#2584,#2256,.T.);
#3238=EDGE_CURVE('',#2583,#2584,#191,.T.);
#3239=EDGE_CURVE('',#2583,#2585,#2257,.T.);
#3240=EDGE_CURVE('',#2584,#2586,#2258,.T.);
#3241=EDGE_CURVE('',#2585,#2586,#192,.T.);
#3242=EDGE_CURVE('',#2585,#2587,#2259,.T.);
#3243=EDGE_CURVE('',#2586,#2588,#2260,.T.);
#3244=EDGE_CURVE('',#2587,#2588,#193,.T.);
#3245=EDGE_CURVE('',#2587,#2589,#2261,.T.);
#3246=EDGE_CURVE('',#2588,#2590,#2262,.T.);
#3247=EDGE_CURVE('',#2589,#2590,#194,.T.);
#3248=EDGE_CURVE('',#2589,#2591,#2263,.T.);
#3249=EDGE_CURVE('',#2590,#2592,#2264,.T.);
#3250=EDGE_CURVE('',#2591,#2592,#195,.T.);
#3251=EDGE_CURVE('',#2591,#2593,#2265,.T.);
#3252=EDGE_CURVE('',#2592,#2594,#2266,.T.);
#3253=EDGE_CURVE('',#2593,#2594,#196,.T.);
#3254=EDGE_CURVE('',#2593,#2595,#2267,.T.);
#3255=EDGE_CURVE('',#2594,#2596,#2268,.T.);
#3256=EDGE_CURVE('',#2595,#2596,#197,.T.);
#3257=EDGE_CURVE('',#2595,#2597,#2269,.T.);
#3258=EDGE_CURVE('',#2596,#2598,#2270,.T.);
#3259=EDGE_CURVE('',#2597,#2598,#198,.T.);
#3260=EDGE_CURVE('',#2597,#2599,#2271,.T.);
#3261=EDGE_CURVE('',#2598,#2600,#2272,.T.);
#3262=EDGE_CURVE('',#2599,#2600,#199,.T.);
#3263=EDGE_CURVE('',#2599,#2601,#2273,.T.);
#3264=EDGE_CURVE('',#2600,#2602,#2274,.T.);
#3265=EDGE_CURVE('',#2601,#2602,#200,.T.);
#3266=EDGE_CURVE('',#2601,#2603,#2275,.T.);
#3267=EDGE_CURVE('',#2602,#2604,#2276,.T.);
#3268=EDGE_CURVE('',#2603,#2604,#201,.T.);
#3269=EDGE_CURVE('',#2603,#2605,#2277,.T.);
#3270=EDGE_CURVE('',#2604,#2606,#2278,.T.);
#3271=EDGE_CURVE('',#2605,#2606,#202,.T.);
#3272=EDGE_CURVE('',#2605,#2607,#2279,.T.);
#3273=EDGE_CURVE('',#2606,#2608,#2280,.T.);
#3274=EDGE_CURVE('',#2607,#2608,#203,.T.);
#3275=EDGE_CURVE('',#2607,#2609,#2281,.T.);
#3276=EDGE_CURVE('',#2608,#2610,#2282,.T.);
#3277=EDGE_CURVE('',#2609,#2610,#204,.T.);
#3278=EDGE_CURVE('',#2611,#2567,#205,.T.);
#3279=EDGE_CURVE('',#2611,#2612,#206,.T.);
#3280=EDGE_CURVE('',#2612,#2569,#207,.T.);
#3281=EDGE_CURVE('',#2613,#2611,#2283,.T.);
#3282=EDGE_CURVE('',#2613,#2614,#208,.T.);
#3283=EDGE_CURVE('',#2614,#2612,#2284,.T.);
#3284=EDGE_CURVE('',#2615,#2613,#2285,.T.);
#3285=EDGE_CURVE('',#2615,#2616,#209,.T.);
#3286=EDGE_CURVE('',#2616,#2614,#2286,.T.);
#3287=EDGE_CURVE('',#2617,#2615,#2287,.T.);
#3288=EDGE_CURVE('',#2617,#2618,#210,.T.);
#3289=EDGE_CURVE('',#2618,#2616,#2288,.T.);
#3290=EDGE_CURVE('',#2619,#2617,#2289,.T.);
#3291=EDGE_CURVE('',#2619,#2620,#211,.T.);
#3292=EDGE_CURVE('',#2620,#2618,#2290,.T.);
#3293=EDGE_CURVE('',#2621,#2619,#212,.T.);
#3294=EDGE_CURVE('',#2621,#2622,#213,.T.);
#3295=EDGE_CURVE('',#2622,#2620,#214,.T.);
#3296=EDGE_CURVE('',#2623,#2621,#215,.T.);
#3297=EDGE_CURVE('',#2623,#2624,#216,.T.);
#3298=EDGE_CURVE('',#2624,#2622,#217,.T.);
#3299=EDGE_CURVE('',#2625,#2623,#2291,.T.);
#3300=EDGE_CURVE('',#2625,#2626,#218,.T.);
#3301=EDGE_CURVE('',#2626,#2624,#2292,.T.);
#3302=EDGE_CURVE('',#2627,#2625,#2293,.T.);
#3303=EDGE_CURVE('',#2627,#2628,#219,.T.);
#3304=EDGE_CURVE('',#2628,#2626,#2294,.T.);
#3305=EDGE_CURVE('',#2629,#2627,#2295,.T.);
#3306=EDGE_CURVE('',#2629,#2630,#220,.T.);
#3307=EDGE_CURVE('',#2630,#2628,#2296,.T.);
#3308=EDGE_CURVE('',#2631,#2629,#2297,.T.);
#3309=EDGE_CURVE('',#2631,#2632,#221,.T.);
#3310=EDGE_CURVE('',#2632,#2630,#2298,.T.);
#3311=EDGE_CURVE('',#2633,#2631,#222,.T.);
#3312=EDGE_CURVE('',#2633,#2634,#223,.T.);
#3313=EDGE_CURVE('',#2634,#2632,#224,.T.);
#3314=EDGE_CURVE('',#2635,#2633,#2299,.T.);
#3315=EDGE_CURVE('',#2635,#2636,#225,.T.);
#3316=EDGE_CURVE('',#2636,#2634,#2300,.T.);
#3317=EDGE_CURVE('',#2637,#2635,#2301,.T.);
#3318=EDGE_CURVE('',#2637,#2638,#226,.T.);
#3319=EDGE_CURVE('',#2638,#2636,#2302,.T.);
#3320=EDGE_CURVE('',#2639,#2637,#227,.T.);
#3321=EDGE_CURVE('',#2639,#2640,#228,.T.);
#3322=EDGE_CURVE('',#2640,#2638,#229,.T.);
#3323=EDGE_CURVE('',#2641,#2639,#230,.T.);
#3324=EDGE_CURVE('',#2641,#2642,#231,.T.);
#3325=EDGE_CURVE('',#2642,#2640,#232,.T.);
#3326=EDGE_CURVE('',#2643,#2641,#233,.T.);
#3327=EDGE_CURVE('',#2643,#2644,#234,.T.);
#3328=EDGE_CURVE('',#2644,#2642,#235,.T.);
#3329=EDGE_CURVE('',#2645,#2643,#2303,.T.);
#3330=EDGE_CURVE('',#2645,#2646,#236,.T.);
#3331=EDGE_CURVE('',#2646,#2644,#2304,.T.);
#3332=EDGE_CURVE('',#2647,#2645,#2305,.T.);
#3333=EDGE_CURVE('',#2647,#2648,#237,.T.);
#3334=EDGE_CURVE('',#2648,#2646,#2306,.T.);
#3335=EDGE_CURVE('',#2609,#2647,#2307,.T.);
#3336=EDGE_CURVE('',#2610,#2648,#2308,.T.);
#3337=EDGE_CURVE('',#2649,#2650,#2309,.T.);
#3338=EDGE_CURVE('',#2649,#2651,#238,.T.);
#3339=EDGE_CURVE('',#2651,#2652,#2310,.T.);
#3340=EDGE_CURVE('',#2650,#2652,#239,.T.);
#3341=EDGE_CURVE('',#2650,#2653,#240,.T.);
#3342=EDGE_CURVE('',#2652,#2654,#241,.T.);
#3343=EDGE_CURVE('',#2653,#2654,#242,.T.);
#3344=EDGE_CURVE('',#2653,#2655,#2311,.T.);
#3345=EDGE_CURVE('',#2654,#2656,#2312,.T.);
#3346=EDGE_CURVE('',#2655,#2656,#243,.T.);
#3347=EDGE_CURVE('',#2655,#2657,#2313,.T.);
#3348=EDGE_CURVE('',#2656,#2658,#2314,.T.);
#3349=EDGE_CURVE('',#2657,#2658,#244,.T.);
#3350=EDGE_CURVE('',#2657,#2659,#2315,.T.);
#3351=EDGE_CURVE('',#2658,#2660,#2316,.T.);
#3352=EDGE_CURVE('',#2659,#2660,#245,.T.);
#3353=EDGE_CURVE('',#2659,#2661,#2317,.T.);
#3354=EDGE_CURVE('',#2660,#2662,#2318,.T.);
#3355=EDGE_CURVE('',#2661,#2662,#246,.T.);
#3356=EDGE_CURVE('',#2661,#2663,#247,.T.);
#3357=EDGE_CURVE('',#2662,#2664,#248,.T.);
#3358=EDGE_CURVE('',#2663,#2664,#249,.T.);
#3359=EDGE_CURVE('',#2663,#2665,#2319,.T.);
#3360=EDGE_CURVE('',#2664,#2666,#2320,.T.);
#3361=EDGE_CURVE('',#2665,#2666,#250,.T.);
#3362=EDGE_CURVE('',#2665,#2667,#2321,.T.);
#3363=EDGE_CURVE('',#2666,#2668,#2322,.T.);
#3364=EDGE_CURVE('',#2667,#2668,#251,.T.);
#3365=EDGE_CURVE('',#2667,#2669,#252,.T.);
#3366=EDGE_CURVE('',#2668,#2670,#253,.T.);
#3367=EDGE_CURVE('',#2669,#2670,#254,.T.);
#3368=EDGE_CURVE('',#2669,#2671,#255,.T.);
#3369=EDGE_CURVE('',#2670,#2672,#256,.T.);
#3370=EDGE_CURVE('',#2671,#2672,#257,.T.);
#3371=EDGE_CURVE('',#2671,#2673,#258,.T.);
#3372=EDGE_CURVE('',#2672,#2674,#259,.T.);
#3373=EDGE_CURVE('',#2673,#2674,#260,.T.);
#3374=EDGE_CURVE('',#2673,#2675,#2323,.T.);
#3375=EDGE_CURVE('',#2674,#2676,#2324,.T.);
#3376=EDGE_CURVE('',#2675,#2676,#261,.T.);
#3377=EDGE_CURVE('',#2675,#2677,#2325,.T.);
#3378=EDGE_CURVE('',#2676,#2678,#2326,.T.);
#3379=EDGE_CURVE('',#2677,#2678,#262,.T.);
#3380=EDGE_CURVE('',#2679,#2649,#2327,.T.);
#3381=EDGE_CURVE('',#2679,#2680,#263,.T.);
#3382=EDGE_CURVE('',#2680,#2651,#2328,.T.);
#3383=EDGE_CURVE('',#2681,#2679,#264,.T.);
#3384=EDGE_CURVE('',#2681,#2682,#265,.T.);
#3385=EDGE_CURVE('',#2682,#2680,#266,.T.);
#3386=EDGE_CURVE('',#2683,#2681,#267,.T.);
#3387=EDGE_CURVE('',#2683,#2684,#268,.T.);
#3388=EDGE_CURVE('',#2684,#2682,#269,.T.);
#3389=EDGE_CURVE('',#2685,#2683,#270,.T.);
#3390=EDGE_CURVE('',#2685,#2686,#271,.T.);
#3391=EDGE_CURVE('',#2686,#2684,#272,.T.);
#3392=EDGE_CURVE('',#2687,#2685,#2329,.T.);
#3393=EDGE_CURVE('',#2687,#2688,#273,.T.);
#3394=EDGE_CURVE('',#2688,#2686,#2330,.T.);
#3395=EDGE_CURVE('',#2689,#2687,#2331,.T.);
#3396=EDGE_CURVE('',#2689,#2690,#274,.T.);
#3397=EDGE_CURVE('',#2690,#2688,#2332,.T.);
#3398=EDGE_CURVE('',#2691,#2689,#275,.T.);
#3399=EDGE_CURVE('',#2691,#2692,#276,.T.);
#3400=EDGE_CURVE('',#2692,#2690,#277,.T.);
#3401=EDGE_CURVE('',#2693,#2691,#2333,.T.);
#3402=EDGE_CURVE('',#2693,#2694,#278,.T.);
#3403=EDGE_CURVE('',#2694,#2692,#2334,.T.);
#3404=EDGE_CURVE('',#2695,#2693,#2335,.T.);
#3405=EDGE_CURVE('',#2695,#2696,#279,.T.);
#3406=EDGE_CURVE('',#2696,#2694,#2336,.T.);
#3407=EDGE_CURVE('',#2697,#2695,#2337,.T.);
#3408=EDGE_CURVE('',#2697,#2698,#280,.T.);
#3409=EDGE_CURVE('',#2698,#2696,#2338,.T.);
#3410=EDGE_CURVE('',#2699,#2697,#2339,.T.);
#3411=EDGE_CURVE('',#2699,#2700,#281,.T.);
#3412=EDGE_CURVE('',#2700,#2698,#2340,.T.);
#3413=EDGE_CURVE('',#2677,#2699,#282,.T.);
#3414=EDGE_CURVE('',#2678,#2700,#283,.T.);
#3415=EDGE_CURVE('',#2701,#2702,#284,.T.);
#3416=EDGE_CURVE('',#2701,#2703,#285,.T.);
#3417=EDGE_CURVE('',#2703,#2704,#286,.T.);
#3418=EDGE_CURVE('',#2702,#2704,#287,.T.);
#3419=EDGE_CURVE('',#2702,#2705,#288,.T.);
#3420=EDGE_CURVE('',#2704,#2706,#289,.T.);
#3421=EDGE_CURVE('',#2705,#2706,#290,.T.);
#3422=EDGE_CURVE('',#2705,#2707,#291,.T.);
#3423=EDGE_CURVE('',#2706,#2708,#292,.T.);
#3424=EDGE_CURVE('',#2707,#2708,#293,.T.);
#3425=EDGE_CURVE('',#2707,#2709,#2341,.T.);
#3426=EDGE_CURVE('',#2708,#2710,#2342,.T.);
#3427=EDGE_CURVE('',#2709,#2710,#294,.T.);
#3428=EDGE_CURVE('',#2709,#2711,#295,.T.);
#3429=EDGE_CURVE('',#2710,#2712,#296,.T.);
#3430=EDGE_CURVE('',#2711,#2712,#297,.T.);
#3431=EDGE_CURVE('',#2711,#2713,#2343,.T.);
#3432=EDGE_CURVE('',#2712,#2714,#2344,.T.);
#3433=EDGE_CURVE('',#2713,#2714,#298,.T.);
#3434=EDGE_CURVE('',#2713,#2715,#299,.T.);
#3435=EDGE_CURVE('',#2714,#2716,#300,.T.);
#3436=EDGE_CURVE('',#2715,#2716,#301,.T.);
#3437=EDGE_CURVE('',#2715,#2717,#302,.T.);
#3438=EDGE_CURVE('',#2716,#2718,#303,.T.);
#3439=EDGE_CURVE('',#2717,#2718,#304,.T.);
#3440=EDGE_CURVE('',#2717,#2719,#305,.T.);
#3441=EDGE_CURVE('',#2718,#2720,#306,.T.);
#3442=EDGE_CURVE('',#2719,#2720,#307,.T.);
#3443=EDGE_CURVE('',#2719,#2721,#2345,.T.);
#3444=EDGE_CURVE('',#2720,#2722,#2346,.T.);
#3445=EDGE_CURVE('',#2721,#2722,#308,.T.);
#3446=EDGE_CURVE('',#2723,#2701,#309,.T.);
#3447=EDGE_CURVE('',#2723,#2724,#310,.T.);
#3448=EDGE_CURVE('',#2724,#2703,#311,.T.);
#3449=EDGE_CURVE('',#2725,#2723,#2347,.T.);
#3450=EDGE_CURVE('',#2725,#2726,#312,.T.);
#3451=EDGE_CURVE('',#2726,#2724,#2348,.T.);
#3452=EDGE_CURVE('',#2727,#2725,#313,.T.);
#3453=EDGE_CURVE('',#2727,#2728,#314,.T.);
#3454=EDGE_CURVE('',#2728,#2726,#315,.T.);
#3455=EDGE_CURVE('',#2729,#2727,#316,.T.);
#3456=EDGE_CURVE('',#2729,#2730,#317,.T.);
#3457=EDGE_CURVE('',#2730,#2728,#318,.T.);
#3458=EDGE_CURVE('',#2731,#2729,#319,.T.);
#3459=EDGE_CURVE('',#2731,#2732,#320,.T.);
#3460=EDGE_CURVE('',#2732,#2730,#321,.T.);
#3461=EDGE_CURVE('',#2733,#2731,#322,.T.);
#3462=EDGE_CURVE('',#2733,#2734,#323,.T.);
#3463=EDGE_CURVE('',#2734,#2732,#324,.T.);
#3464=EDGE_CURVE('',#2735,#2733,#325,.T.);
#3465=EDGE_CURVE('',#2735,#2736,#326,.T.);
#3466=EDGE_CURVE('',#2736,#2734,#327,.T.);
#3467=EDGE_CURVE('',#2737,#2735,#2349,.T.);
#3468=EDGE_CURVE('',#2737,#2738,#328,.T.);
#3469=EDGE_CURVE('',#2738,#2736,#2350,.T.);
#3470=EDGE_CURVE('',#2721,#2737,#329,.T.);
#3471=EDGE_CURVE('',#2722,#2738,#330,.T.);
#3472=EDGE_CURVE('',#2739,#2740,#331,.T.);
#3473=EDGE_CURVE('',#2739,#2741,#332,.T.);
#3474=EDGE_CURVE('',#2741,#2742,#333,.T.);
#3475=EDGE_CURVE('',#2740,#2742,#334,.T.);
#3476=EDGE_CURVE('',#2740,#2743,#335,.T.);
#3477=EDGE_CURVE('',#2742,#2744,#336,.T.);
#3478=EDGE_CURVE('',#2743,#2744,#337,.T.);
#3479=EDGE_CURVE('',#2743,#2745,#338,.T.);
#3480=EDGE_CURVE('',#2744,#2746,#339,.T.);
#3481=EDGE_CURVE('',#2745,#2746,#340,.T.);
#3482=EDGE_CURVE('',#2745,#2747,#341,.T.);
#3483=EDGE_CURVE('',#2746,#2748,#342,.T.);
#3484=EDGE_CURVE('',#2747,#2748,#343,.T.);
#3485=EDGE_CURVE('',#2749,#2739,#344,.T.);
#3486=EDGE_CURVE('',#2749,#2750,#345,.T.);
#3487=EDGE_CURVE('',#2750,#2741,#346,.T.);
#3488=EDGE_CURVE('',#2747,#2749,#347,.T.);
#3489=EDGE_CURVE('',#2748,#2750,#348,.T.);
#3490=EDGE_CURVE('',#2751,#2752,#2351,.T.);
#3491=EDGE_CURVE('',#2751,#2753,#349,.T.);
#3492=EDGE_CURVE('',#2753,#2754,#2352,.T.);
#3493=EDGE_CURVE('',#2752,#2754,#350,.T.);
#3494=EDGE_CURVE('',#2752,#2755,#2353,.T.);
#3495=EDGE_CURVE('',#2754,#2756,#2354,.T.);
#3496=EDGE_CURVE('',#2755,#2756,#351,.T.);
#3497=EDGE_CURVE('',#2755,#2757,#352,.T.);
#3498=EDGE_CURVE('',#2756,#2758,#353,.T.);
#3499=EDGE_CURVE('',#2757,#2758,#354,.T.);
#3500=EDGE_CURVE('',#2757,#2759,#355,.T.);
#3501=EDGE_CURVE('',#2758,#2760,#356,.T.);
#3502=EDGE_CURVE('',#2759,#2760,#357,.T.);
#3503=EDGE_CURVE('',#2759,#2761,#358,.T.);
#3504=EDGE_CURVE('',#2760,#2762,#359,.T.);
#3505=EDGE_CURVE('',#2761,#2762,#360,.T.);
#3506=EDGE_CURVE('',#2761,#2763,#361,.T.);
#3507=EDGE_CURVE('',#2762,#2764,#362,.T.);
#3508=EDGE_CURVE('',#2763,#2764,#363,.T.);
#3509=EDGE_CURVE('',#2763,#2765,#364,.T.);
#3510=EDGE_CURVE('',#2764,#2766,#365,.T.);
#3511=EDGE_CURVE('',#2765,#2766,#366,.T.);
#3512=EDGE_CURVE('',#2767,#2751,#367,.T.);
#3513=EDGE_CURVE('',#2767,#2768,#368,.T.);
#3514=EDGE_CURVE('',#2768,#2753,#369,.T.);
#3515=EDGE_CURVE('',#2769,#2767,#370,.T.);
#3516=EDGE_CURVE('',#2769,#2770,#371,.T.);
#3517=EDGE_CURVE('',#2770,#2768,#372,.T.);
#3518=EDGE_CURVE('',#2771,#2769,#373,.T.);
#3519=EDGE_CURVE('',#2771,#2772,#374,.T.);
#3520=EDGE_CURVE('',#2772,#2770,#375,.T.);
#3521=EDGE_CURVE('',#2773,#2771,#2355,.T.);
#3522=EDGE_CURVE('',#2773,#2774,#376,.T.);
#3523=EDGE_CURVE('',#2774,#2772,#2356,.T.);
#3524=EDGE_CURVE('',#2775,#2773,#2357,.T.);
#3525=EDGE_CURVE('',#2775,#2776,#377,.T.);
#3526=EDGE_CURVE('',#2776,#2774,#2358,.T.);
#3527=EDGE_CURVE('',#2765,#2775,#378,.T.);
#3528=EDGE_CURVE('',#2766,#2776,#379,.T.);
#3529=EDGE_CURVE('',#2777,#2778,#380,.T.);
#3530=EDGE_CURVE('',#2777,#2779,#381,.T.);
#3531=EDGE_CURVE('',#2779,#2780,#382,.T.);
#3532=EDGE_CURVE('',#2778,#2780,#383,.T.);
#3533=EDGE_CURVE('',#2778,#2781,#384,.T.);
#3534=EDGE_CURVE('',#2780,#2782,#385,.T.);
#3535=EDGE_CURVE('',#2781,#2782,#386,.T.);
#3536=EDGE_CURVE('',#2781,#2783,#387,.T.);
#3537=EDGE_CURVE('',#2782,#2784,#388,.T.);
#3538=EDGE_CURVE('',#2783,#2784,#389,.T.);
#3539=EDGE_CURVE('',#2783,#2777,#390,.T.);
#3540=EDGE_CURVE('',#2784,#2779,#391,.T.);
#3541=EDGE_CURVE('',#2785,#2786,#2359,.T.);
#3542=EDGE_CURVE('',#2785,#2787,#392,.T.);
#3543=EDGE_CURVE('',#2787,#2788,#2360,.T.);
#3544=EDGE_CURVE('',#2786,#2788,#393,.T.);
#3545=EDGE_CURVE('',#2786,#2789,#394,.T.);
#3546=EDGE_CURVE('',#2788,#2790,#395,.T.);
#3547=EDGE_CURVE('',#2789,#2790,#396,.T.);
#3548=EDGE_CURVE('',#2789,#2791,#2361,.T.);
#3549=EDGE_CURVE('',#2790,#2792,#2362,.T.);
#3550=EDGE_CURVE('',#2791,#2792,#397,.T.);
#3551=EDGE_CURVE('',#2791,#2785,#398,.T.);
#3552=EDGE_CURVE('',#2792,#2787,#399,.T.);
#3553=EDGE_CURVE('',#2793,#2794,#400,.T.);
#3554=EDGE_CURVE('',#2793,#2795,#401,.T.);
#3555=EDGE_CURVE('',#2795,#2796,#402,.T.);
#3556=EDGE_CURVE('',#2794,#2796,#403,.T.);
#3557=EDGE_CURVE('',#2794,#2797,#404,.T.);
#3558=EDGE_CURVE('',#2796,#2798,#405,.T.);
#3559=EDGE_CURVE('',#2797,#2798,#406,.T.);
#3560=EDGE_CURVE('',#2797,#2799,#407,.T.);
#3561=EDGE_CURVE('',#2798,#2800,#408,.T.);
#3562=EDGE_CURVE('',#2799,#2800,#409,.T.);
#3563=EDGE_CURVE('',#2799,#2801,#410,.T.);
#3564=EDGE_CURVE('',#2800,#2802,#411,.T.);
#3565=EDGE_CURVE('',#2801,#2802,#412,.T.);
#3566=EDGE_CURVE('',#2801,#2803,#413,.T.);
#3567=EDGE_CURVE('',#2802,#2804,#414,.T.);
#3568=EDGE_CURVE('',#2803,#2804,#415,.T.);
#3569=EDGE_CURVE('',#2803,#2805,#416,.T.);
#3570=EDGE_CURVE('',#2804,#2806,#417,.T.);
#3571=EDGE_CURVE('',#2805,#2806,#418,.T.);
#3572=EDGE_CURVE('',#2805,#2807,#419,.T.);
#3573=EDGE_CURVE('',#2806,#2808,#420,.T.);
#3574=EDGE_CURVE('',#2807,#2808,#421,.T.);
#3575=EDGE_CURVE('',#2807,#2809,#422,.T.);
#3576=EDGE_CURVE('',#2808,#2810,#423,.T.);
#3577=EDGE_CURVE('',#2809,#2810,#424,.T.);
#3578=EDGE_CURVE('',#2809,#2811,#425,.T.);
#3579=EDGE_CURVE('',#2810,#2812,#426,.T.);
#3580=EDGE_CURVE('',#2811,#2812,#427,.T.);
#3581=EDGE_CURVE('',#2811,#2813,#428,.T.);
#3582=EDGE_CURVE('',#2812,#2814,#429,.T.);
#3583=EDGE_CURVE('',#2813,#2814,#430,.T.);
#3584=EDGE_CURVE('',#2813,#2815,#431,.T.);
#3585=EDGE_CURVE('',#2814,#2816,#432,.T.);
#3586=EDGE_CURVE('',#2815,#2816,#433,.T.);
#3587=EDGE_CURVE('',#2817,#2793,#434,.T.);
#3588=EDGE_CURVE('',#2817,#2818,#435,.T.);
#3589=EDGE_CURVE('',#2818,#2795,#436,.T.);
#3590=EDGE_CURVE('',#2819,#2817,#437,.T.);
#3591=EDGE_CURVE('',#2819,#2820,#438,.T.);
#3592=EDGE_CURVE('',#2820,#2818,#439,.T.);
#3593=EDGE_CURVE('',#2821,#2819,#440,.T.);
#3594=EDGE_CURVE('',#2821,#2822,#441,.T.);
#3595=EDGE_CURVE('',#2822,#2820,#442,.T.);
#3596=EDGE_CURVE('',#2823,#2821,#443,.T.);
#3597=EDGE_CURVE('',#2823,#2824,#444,.T.);
#3598=EDGE_CURVE('',#2824,#2822,#445,.T.);
#3599=EDGE_CURVE('',#2825,#2823,#446,.T.);
#3600=EDGE_CURVE('',#2825,#2826,#447,.T.);
#3601=EDGE_CURVE('',#2826,#2824,#448,.T.);
#3602=EDGE_CURVE('',#2827,#2825,#449,.T.);
#3603=EDGE_CURVE('',#2827,#2828,#450,.T.);
#3604=EDGE_CURVE('',#2828,#2826,#451,.T.);
#3605=EDGE_CURVE('',#2829,#2827,#452,.T.);
#3606=EDGE_CURVE('',#2829,#2830,#453,.T.);
#3607=EDGE_CURVE('',#2830,#2828,#454,.T.);
#3608=EDGE_CURVE('',#2831,#2829,#455,.T.);
#3609=EDGE_CURVE('',#2831,#2832,#456,.T.);
#3610=EDGE_CURVE('',#2832,#2830,#457,.T.);
#3611=EDGE_CURVE('',#2815,#2831,#458,.T.);
#3612=EDGE_CURVE('',#2816,#2832,#459,.T.);
#3613=EDGE_CURVE('',#2833,#2834,#460,.T.);
#3614=EDGE_CURVE('',#2833,#2835,#461,.T.);
#3615=EDGE_CURVE('',#2835,#2836,#462,.T.);
#3616=EDGE_CURVE('',#2834,#2836,#463,.T.);
#3617=EDGE_CURVE('',#2834,#2837,#464,.T.);
#3618=EDGE_CURVE('',#2836,#2838,#465,.T.);
#3619=EDGE_CURVE('',#2837,#2838,#466,.T.);
#3620=EDGE_CURVE('',#2837,#2839,#467,.T.);
#3621=EDGE_CURVE('',#2838,#2840,#468,.T.);
#3622=EDGE_CURVE('',#2839,#2840,#469,.T.);
#3623=EDGE_CURVE('',#2839,#2833,#470,.T.);
#3624=EDGE_CURVE('',#2840,#2835,#471,.T.);
#3625=EDGE_CURVE('',#2841,#2842,#2363,.T.);
#3626=EDGE_CURVE('',#2841,#2843,#472,.T.);
#3627=EDGE_CURVE('',#2843,#2844,#2364,.T.);
#3628=EDGE_CURVE('',#2842,#2844,#473,.T.);
#3629=EDGE_CURVE('',#2842,#2845,#474,.T.);
#3630=EDGE_CURVE('',#2844,#2846,#475,.T.);
#3631=EDGE_CURVE('',#2845,#2846,#476,.T.);
#3632=EDGE_CURVE('',#2845,#2847,#477,.T.);
#3633=EDGE_CURVE('',#2846,#2848,#478,.T.);
#3634=EDGE_CURVE('',#2847,#2848,#479,.T.);
#3635=EDGE_CURVE('',#2847,#2849,#480,.T.);
#3636=EDGE_CURVE('',#2848,#2850,#481,.T.);
#3637=EDGE_CURVE('',#2849,#2850,#482,.T.);
#3638=EDGE_CURVE('',#2849,#2851,#2365,.T.);
#3639=EDGE_CURVE('',#2850,#2852,#2366,.T.);
#3640=EDGE_CURVE('',#2851,#2852,#483,.T.);
#3641=EDGE_CURVE('',#2851,#2853,#2367,.T.);
#3642=EDGE_CURVE('',#2852,#2854,#2368,.T.);
#3643=EDGE_CURVE('',#2853,#2854,#484,.T.);
#3644=EDGE_CURVE('',#2853,#2855,#485,.T.);
#3645=EDGE_CURVE('',#2854,#2856,#486,.T.);
#3646=EDGE_CURVE('',#2855,#2856,#487,.T.);
#3647=EDGE_CURVE('',#2857,#2841,#2369,.T.);
#3648=EDGE_CURVE('',#2857,#2858,#488,.T.);
#3649=EDGE_CURVE('',#2858,#2843,#2370,.T.);
#3650=EDGE_CURVE('',#2859,#2857,#489,.T.);
#3651=EDGE_CURVE('',#2859,#2860,#490,.T.);
#3652=EDGE_CURVE('',#2860,#2858,#491,.T.);
#3653=EDGE_CURVE('',#2861,#2859,#492,.T.);
#3654=EDGE_CURVE('',#2861,#2862,#493,.T.);
#3655=EDGE_CURVE('',#2862,#2860,#494,.T.);
#3656=EDGE_CURVE('',#2863,#2861,#495,.T.);
#3657=EDGE_CURVE('',#2863,#2864,#496,.T.);
#3658=EDGE_CURVE('',#2864,#2862,#497,.T.);
#3659=EDGE_CURVE('',#2855,#2863,#498,.T.);
#3660=EDGE_CURVE('',#2856,#2864,#499,.T.);
#3661=EDGE_CURVE('',#2865,#2866,#500,.T.);
#3662=EDGE_CURVE('',#2865,#2867,#501,.T.);
#3663=EDGE_CURVE('',#2867,#2868,#502,.T.);
#3664=EDGE_CURVE('',#2866,#2868,#503,.T.);
#3665=EDGE_CURVE('',#2866,#2869,#504,.T.);
#3666=EDGE_CURVE('',#2868,#2870,#505,.T.);
#3667=EDGE_CURVE('',#2869,#2870,#506,.T.);
#3668=EDGE_CURVE('',#2869,#2871,#507,.T.);
#3669=EDGE_CURVE('',#2870,#2872,#508,.T.);
#3670=EDGE_CURVE('',#2871,#2872,#509,.T.);
#3671=EDGE_CURVE('',#2871,#2865,#510,.T.);
#3672=EDGE_CURVE('',#2872,#2867,#511,.T.);
#3673=EDGE_CURVE('',#2873,#2874,#2371,.T.);
#3674=EDGE_CURVE('',#2873,#2875,#512,.T.);
#3675=EDGE_CURVE('',#2875,#2876,#2372,.T.);
#3676=EDGE_CURVE('',#2874,#2876,#513,.T.);
#3677=EDGE_CURVE('',#2874,#2877,#2373,.T.);
#3678=EDGE_CURVE('',#2876,#2878,#2374,.T.);
#3679=EDGE_CURVE('',#2877,#2878,#514,.T.);
#3680=EDGE_CURVE('',#2877,#2879,#2375,.T.);
#3681=EDGE_CURVE('',#2878,#2880,#2376,.T.);
#3682=EDGE_CURVE('',#2879,#2880,#515,.T.);
#3683=EDGE_CURVE('',#2879,#2881,#516,.T.);
#3684=EDGE_CURVE('',#2880,#2882,#517,.T.);
#3685=EDGE_CURVE('',#2881,#2882,#518,.T.);
#3686=EDGE_CURVE('',#2881,#2883,#2377,.T.);
#3687=EDGE_CURVE('',#2882,#2884,#2378,.T.);
#3688=EDGE_CURVE('',#2883,#2884,#519,.T.);
#3689=EDGE_CURVE('',#2883,#2885,#2379,.T.);
#3690=EDGE_CURVE('',#2884,#2886,#2380,.T.);
#3691=EDGE_CURVE('',#2885,#2886,#520,.T.);
#3692=EDGE_CURVE('',#2885,#2887,#521,.T.);
#3693=EDGE_CURVE('',#2886,#2888,#522,.T.);
#3694=EDGE_CURVE('',#2887,#2888,#523,.T.);
#3695=EDGE_CURVE('',#2887,#2889,#524,.T.);
#3696=EDGE_CURVE('',#2888,#2890,#525,.T.);
#3697=EDGE_CURVE('',#2889,#2890,#526,.T.);
#3698=EDGE_CURVE('',#2889,#2891,#527,.T.);
#3699=EDGE_CURVE('',#2890,#2892,#528,.T.);
#3700=EDGE_CURVE('',#2891,#2892,#529,.T.);
#3701=EDGE_CURVE('',#2891,#2893,#2381,.T.);
#3702=EDGE_CURVE('',#2892,#2894,#2382,.T.);
#3703=EDGE_CURVE('',#2893,#2894,#530,.T.);
#3704=EDGE_CURVE('',#2893,#2895,#2383,.T.);
#3705=EDGE_CURVE('',#2894,#2896,#2384,.T.);
#3706=EDGE_CURVE('',#2895,#2896,#531,.T.);
#3707=EDGE_CURVE('',#2895,#2897,#532,.T.);
#3708=EDGE_CURVE('',#2896,#2898,#533,.T.);
#3709=EDGE_CURVE('',#2897,#2898,#534,.T.);
#3710=EDGE_CURVE('',#2899,#2873,#2385,.T.);
#3711=EDGE_CURVE('',#2899,#2900,#535,.T.);
#3712=EDGE_CURVE('',#2900,#2875,#2386,.T.);
#3713=EDGE_CURVE('',#2901,#2899,#536,.T.);
#3714=EDGE_CURVE('',#2901,#2902,#537,.T.);
#3715=EDGE_CURVE('',#2902,#2900,#538,.T.);
#3716=EDGE_CURVE('',#2903,#2901,#2387,.T.);
#3717=EDGE_CURVE('',#2903,#2904,#539,.T.);
#3718=EDGE_CURVE('',#2904,#2902,#2388,.T.);
#3719=EDGE_CURVE('',#2905,#2903,#2389,.T.);
#3720=EDGE_CURVE('',#2905,#2906,#540,.T.);
#3721=EDGE_CURVE('',#2906,#2904,#2390,.T.);
#3722=EDGE_CURVE('',#2907,#2905,#541,.T.);
#3723=EDGE_CURVE('',#2907,#2908,#542,.T.);
#3724=EDGE_CURVE('',#2908,#2906,#543,.T.);
#3725=EDGE_CURVE('',#2909,#2907,#544,.T.);
#3726=EDGE_CURVE('',#2909,#2910,#545,.T.);
#3727=EDGE_CURVE('',#2910,#2908,#546,.T.);
#3728=EDGE_CURVE('',#2911,#2909,#547,.T.);
#3729=EDGE_CURVE('',#2911,#2912,#548,.T.);
#3730=EDGE_CURVE('',#2912,#2910,#549,.T.);
#3731=EDGE_CURVE('',#2913,#2911,#2391,.T.);
#3732=EDGE_CURVE('',#2913,#2914,#550,.T.);
#3733=EDGE_CURVE('',#2914,#2912,#2392,.T.);
#3734=EDGE_CURVE('',#2915,#2913,#2393,.T.);
#3735=EDGE_CURVE('',#2915,#2916,#551,.T.);
#3736=EDGE_CURVE('',#2916,#2914,#2394,.T.);
#3737=EDGE_CURVE('',#2897,#2915,#552,.T.);
#3738=EDGE_CURVE('',#2898,#2916,#553,.T.);
#3739=EDGE_CURVE('',#2917,#2918,#2395,.T.);
#3740=EDGE_CURVE('',#2917,#2919,#554,.T.);
#3741=EDGE_CURVE('',#2919,#2920,#2396,.T.);
#3742=EDGE_CURVE('',#2918,#2920,#555,.T.);
#3743=EDGE_CURVE('',#2918,#2921,#2397,.T.);
#3744=EDGE_CURVE('',#2920,#2922,#2398,.T.);
#3745=EDGE_CURVE('',#2921,#2922,#556,.T.);
#3746=EDGE_CURVE('',#2921,#2923,#2399,.T.);
#3747=EDGE_CURVE('',#2922,#2924,#2400,.T.);
#3748=EDGE_CURVE('',#2923,#2924,#557,.T.);
#3749=EDGE_CURVE('',#2923,#2925,#2401,.T.);
#3750=EDGE_CURVE('',#2924,#2926,#2402,.T.);
#3751=EDGE_CURVE('',#2925,#2926,#558,.T.);
#3752=EDGE_CURVE('',#2925,#2927,#559,.T.);
#3753=EDGE_CURVE('',#2926,#2928,#560,.T.);
#3754=EDGE_CURVE('',#2927,#2928,#561,.T.);
#3755=EDGE_CURVE('',#2927,#2929,#2403,.T.);
#3756=EDGE_CURVE('',#2928,#2930,#2404,.T.);
#3757=EDGE_CURVE('',#2929,#2930,#562,.T.);
#3758=EDGE_CURVE('',#2929,#2931,#2405,.T.);
#3759=EDGE_CURVE('',#2930,#2932,#2406,.T.);
#3760=EDGE_CURVE('',#2931,#2932,#563,.T.);
#3761=EDGE_CURVE('',#2931,#2933,#564,.T.);
#3762=EDGE_CURVE('',#2932,#2934,#565,.T.);
#3763=EDGE_CURVE('',#2933,#2934,#566,.T.);
#3764=EDGE_CURVE('',#2933,#2935,#567,.T.);
#3765=EDGE_CURVE('',#2934,#2936,#568,.T.);
#3766=EDGE_CURVE('',#2935,#2936,#569,.T.);
#3767=EDGE_CURVE('',#2935,#2937,#570,.T.);
#3768=EDGE_CURVE('',#2936,#2938,#571,.T.);
#3769=EDGE_CURVE('',#2937,#2938,#572,.T.);
#3770=EDGE_CURVE('',#2937,#2939,#2407,.T.);
#3771=EDGE_CURVE('',#2938,#2940,#2408,.T.);
#3772=EDGE_CURVE('',#2939,#2940,#573,.T.);
#3773=EDGE_CURVE('',#2939,#2941,#2409,.T.);
#3774=EDGE_CURVE('',#2940,#2942,#2410,.T.);
#3775=EDGE_CURVE('',#2941,#2942,#574,.T.);
#3776=EDGE_CURVE('',#2941,#2943,#575,.T.);
#3777=EDGE_CURVE('',#2942,#2944,#576,.T.);
#3778=EDGE_CURVE('',#2943,#2944,#577,.T.);
#3779=EDGE_CURVE('',#2943,#2945,#578,.T.);
#3780=EDGE_CURVE('',#2944,#2946,#579,.T.);
#3781=EDGE_CURVE('',#2945,#2946,#580,.T.);
#3782=EDGE_CURVE('',#2945,#2947,#2411,.T.);
#3783=EDGE_CURVE('',#2946,#2948,#2412,.T.);
#3784=EDGE_CURVE('',#2947,#2948,#581,.T.);
#3785=EDGE_CURVE('',#2947,#2949,#2413,.T.);
#3786=EDGE_CURVE('',#2948,#2950,#2414,.T.);
#3787=EDGE_CURVE('',#2949,#2950,#582,.T.);
#3788=EDGE_CURVE('',#2949,#2951,#2415,.T.);
#3789=EDGE_CURVE('',#2950,#2952,#2416,.T.);
#3790=EDGE_CURVE('',#2951,#2952,#583,.T.);
#3791=EDGE_CURVE('',#2951,#2953,#2417,.T.);
#3792=EDGE_CURVE('',#2952,#2954,#2418,.T.);
#3793=EDGE_CURVE('',#2953,#2954,#584,.T.);
#3794=EDGE_CURVE('',#2953,#2955,#585,.T.);
#3795=EDGE_CURVE('',#2954,#2956,#586,.T.);
#3796=EDGE_CURVE('',#2955,#2956,#587,.T.);
#3797=EDGE_CURVE('',#2957,#2917,#2419,.T.);
#3798=EDGE_CURVE('',#2957,#2958,#588,.T.);
#3799=EDGE_CURVE('',#2958,#2919,#2420,.T.);
#3800=EDGE_CURVE('',#2959,#2957,#2421,.T.);
#3801=EDGE_CURVE('',#2959,#2960,#589,.T.);
#3802=EDGE_CURVE('',#2960,#2958,#2422,.T.);
#3803=EDGE_CURVE('',#2961,#2959,#2423,.T.);
#3804=EDGE_CURVE('',#2961,#2962,#590,.T.);
#3805=EDGE_CURVE('',#2962,#2960,#2424,.T.);
#3806=EDGE_CURVE('',#2963,#2961,#2425,.T.);
#3807=EDGE_CURVE('',#2963,#2964,#591,.T.);
#3808=EDGE_CURVE('',#2964,#2962,#2426,.T.);
#3809=EDGE_CURVE('',#2965,#2963,#2427,.T.);
#3810=EDGE_CURVE('',#2965,#2966,#592,.T.);
#3811=EDGE_CURVE('',#2966,#2964,#2428,.T.);
#3812=EDGE_CURVE('',#2967,#2965,#2429,.T.);
#3813=EDGE_CURVE('',#2967,#2968,#593,.T.);
#3814=EDGE_CURVE('',#2968,#2966,#2430,.T.);
#3815=EDGE_CURVE('',#2969,#2967,#2431,.T.);
#3816=EDGE_CURVE('',#2969,#2970,#594,.T.);
#3817=EDGE_CURVE('',#2970,#2968,#2432,.T.);
#3818=EDGE_CURVE('',#2971,#2969,#2433,.T.);
#3819=EDGE_CURVE('',#2971,#2972,#595,.T.);
#3820=EDGE_CURVE('',#2972,#2970,#2434,.T.);
#3821=EDGE_CURVE('',#2973,#2971,#2435,.T.);
#3822=EDGE_CURVE('',#2973,#2974,#596,.T.);
#3823=EDGE_CURVE('',#2974,#2972,#2436,.T.);
#3824=EDGE_CURVE('',#2975,#2973,#597,.T.);
#3825=EDGE_CURVE('',#2975,#2976,#598,.T.);
#3826=EDGE_CURVE('',#2976,#2974,#599,.T.);
#3827=EDGE_CURVE('',#2977,#2975,#2437,.T.);
#3828=EDGE_CURVE('',#2977,#2978,#600,.T.);
#3829=EDGE_CURVE('',#2978,#2976,#2438,.T.);
#3830=EDGE_CURVE('',#2979,#2977,#2439,.T.);
#3831=EDGE_CURVE('',#2979,#2980,#601,.T.);
#3832=EDGE_CURVE('',#2980,#2978,#2440,.T.);
#3833=EDGE_CURVE('',#2981,#2979,#602,.T.);
#3834=EDGE_CURVE('',#2981,#2982,#603,.T.);
#3835=EDGE_CURVE('',#2982,#2980,#604,.T.);
#3836=EDGE_CURVE('',#2983,#2981,#605,.T.);
#3837=EDGE_CURVE('',#2983,#2984,#606,.T.);
#3838=EDGE_CURVE('',#2984,#2982,#607,.T.);
#3839=EDGE_CURVE('',#2985,#2983,#608,.T.);
#3840=EDGE_CURVE('',#2985,#2986,#609,.T.);
#3841=EDGE_CURVE('',#2986,#2984,#610,.T.);
#3842=EDGE_CURVE('',#2987,#2985,#2441,.T.);
#3843=EDGE_CURVE('',#2987,#2988,#611,.T.);
#3844=EDGE_CURVE('',#2988,#2986,#2442,.T.);
#3845=EDGE_CURVE('',#2989,#2987,#2443,.T.);
#3846=EDGE_CURVE('',#2989,#2990,#612,.T.);
#3847=EDGE_CURVE('',#2990,#2988,#2444,.T.);
#3848=EDGE_CURVE('',#2955,#2989,#613,.T.);
#3849=EDGE_CURVE('',#2956,#2990,#614,.T.);
#3850=EDGE_CURVE('',#2991,#2992,#2445,.T.);
#3851=EDGE_CURVE('',#2991,#2993,#615,.T.);
#3852=EDGE_CURVE('',#2993,#2994,#2446,.T.);
#3853=EDGE_CURVE('',#2992,#2994,#616,.T.);
#3854=EDGE_CURVE('',#2992,#2995,#2447,.T.);
#3855=EDGE_CURVE('',#2994,#2996,#2448,.T.);
#3856=EDGE_CURVE('',#2995,#2996,#617,.T.);
#3857=EDGE_CURVE('',#2995,#2997,#2449,.T.);
#3858=EDGE_CURVE('',#2996,#2998,#2450,.T.);
#3859=EDGE_CURVE('',#2997,#2998,#618,.T.);
#3860=EDGE_CURVE('',#2997,#2999,#619,.T.);
#3861=EDGE_CURVE('',#2998,#3000,#620,.T.);
#3862=EDGE_CURVE('',#2999,#3000,#621,.T.);
#3863=EDGE_CURVE('',#2999,#3001,#2451,.T.);
#3864=EDGE_CURVE('',#3000,#3002,#2452,.T.);
#3865=EDGE_CURVE('',#3001,#3002,#622,.T.);
#3866=EDGE_CURVE('',#3001,#3003,#2453,.T.);
#3867=EDGE_CURVE('',#3002,#3004,#2454,.T.);
#3868=EDGE_CURVE('',#3003,#3004,#623,.T.);
#3869=EDGE_CURVE('',#3003,#3005,#624,.T.);
#3870=EDGE_CURVE('',#3004,#3006,#625,.T.);
#3871=EDGE_CURVE('',#3005,#3006,#626,.T.);
#3872=EDGE_CURVE('',#3005,#3007,#627,.T.);
#3873=EDGE_CURVE('',#3006,#3008,#628,.T.);
#3874=EDGE_CURVE('',#3007,#3008,#629,.T.);
#3875=EDGE_CURVE('',#3007,#3009,#630,.T.);
#3876=EDGE_CURVE('',#3008,#3010,#631,.T.);
#3877=EDGE_CURVE('',#3009,#3010,#632,.T.);
#3878=EDGE_CURVE('',#3009,#3011,#2455,.T.);
#3879=EDGE_CURVE('',#3010,#3012,#2456,.T.);
#3880=EDGE_CURVE('',#3011,#3012,#633,.T.);
#3881=EDGE_CURVE('',#3011,#3013,#2457,.T.);
#3882=EDGE_CURVE('',#3012,#3014,#2458,.T.);
#3883=EDGE_CURVE('',#3013,#3014,#634,.T.);
#3884=EDGE_CURVE('',#3013,#3015,#635,.T.);
#3885=EDGE_CURVE('',#3014,#3016,#636,.T.);
#3886=EDGE_CURVE('',#3015,#3016,#637,.T.);
#3887=EDGE_CURVE('',#3017,#2991,#2459,.T.);
#3888=EDGE_CURVE('',#3017,#3018,#638,.T.);
#3889=EDGE_CURVE('',#3018,#2993,#2460,.T.);
#3890=EDGE_CURVE('',#3019,#3017,#639,.T.);
#3891=EDGE_CURVE('',#3019,#3020,#640,.T.);
#3892=EDGE_CURVE('',#3020,#3018,#641,.T.);
#3893=EDGE_CURVE('',#3021,#3019,#2461,.T.);
#3894=EDGE_CURVE('',#3021,#3022,#642,.T.);
#3895=EDGE_CURVE('',#3022,#3020,#2462,.T.);
#3896=EDGE_CURVE('',#3023,#3021,#2463,.T.);
#3897=EDGE_CURVE('',#3023,#3024,#643,.T.);
#3898=EDGE_CURVE('',#3024,#3022,#2464,.T.);
#3899=EDGE_CURVE('',#3025,#3023,#644,.T.);
#3900=EDGE_CURVE('',#3025,#3026,#645,.T.);
#3901=EDGE_CURVE('',#3026,#3024,#646,.T.);
#3902=EDGE_CURVE('',#3027,#3025,#647,.T.);
#3903=EDGE_CURVE('',#3027,#3028,#648,.T.);
#3904=EDGE_CURVE('',#3028,#3026,#649,.T.);
#3905=EDGE_CURVE('',#3029,#3027,#650,.T.);
#3906=EDGE_CURVE('',#3029,#3030,#651,.T.);
#3907=EDGE_CURVE('',#3030,#3028,#652,.T.);
#3908=EDGE_CURVE('',#3031,#3029,#2465,.T.);
#3909=EDGE_CURVE('',#3031,#3032,#653,.T.);
#3910=EDGE_CURVE('',#3032,#3030,#2466,.T.);
#3911=EDGE_CURVE('',#3033,#3031,#2467,.T.);
#3912=EDGE_CURVE('',#3033,#3034,#654,.T.);
#3913=EDGE_CURVE('',#3034,#3032,#2468,.T.);
#3914=EDGE_CURVE('',#3015,#3033,#655,.T.);
#3915=EDGE_CURVE('',#3016,#3034,#656,.T.);
#3916=EDGE_CURVE('',#3035,#3036,#657,.T.);
#3917=EDGE_CURVE('',#3035,#3037,#658,.T.);
#3918=EDGE_CURVE('',#3037,#3038,#659,.T.);
#3919=EDGE_CURVE('',#3036,#3038,#660,.T.);
#3920=EDGE_CURVE('',#3036,#3039,#661,.T.);
#3921=EDGE_CURVE('',#3038,#3040,#662,.T.);
#3922=EDGE_CURVE('',#3039,#3040,#663,.T.);
#3923=EDGE_CURVE('',#3039,#3041,#664,.T.);
#3924=EDGE_CURVE('',#3040,#3042,#665,.T.);
#3925=EDGE_CURVE('',#3041,#3042,#666,.T.);
#3926=EDGE_CURVE('',#3041,#3035,#667,.T.);
#3927=EDGE_CURVE('',#3042,#3037,#668,.T.);
#3928=EDGE_CURVE('',#3043,#3044,#669,.T.);
#3929=EDGE_CURVE('',#3043,#3045,#670,.T.);
#3930=EDGE_CURVE('',#3045,#3046,#671,.T.);
#3931=EDGE_CURVE('',#3044,#3046,#672,.T.);
#3932=EDGE_CURVE('',#3044,#3047,#673,.T.);
#3933=EDGE_CURVE('',#3046,#3048,#674,.T.);
#3934=EDGE_CURVE('',#3047,#3048,#675,.T.);
#3935=EDGE_CURVE('',#3047,#3049,#676,.T.);
#3936=EDGE_CURVE('',#3048,#3050,#677,.T.);
#3937=EDGE_CURVE('',#3049,#3050,#678,.T.);
#3938=EDGE_CURVE('',#3049,#3051,#679,.T.);
#3939=EDGE_CURVE('',#3050,#3052,#680,.T.);
#3940=EDGE_CURVE('',#3051,#3052,#681,.T.);
#3941=EDGE_CURVE('',#3053,#3043,#682,.T.);
#3942=EDGE_CURVE('',#3053,#3054,#683,.T.);
#3943=EDGE_CURVE('',#3054,#3045,#684,.T.);
#3944=EDGE_CURVE('',#3051,#3053,#685,.T.);
#3945=EDGE_CURVE('',#3052,#3054,#686,.T.);
#3946=EDGE_CURVE('',#3055,#2492,#687,.T.);
#3947=EDGE_CURVE('',#3056,#3055,#688,.T.);
#3948=EDGE_CURVE('',#2485,#3056,#689,.T.);
#3949=EDGE_CURVE('',#3056,#3057,#72,.T.);
#3950=EDGE_CURVE('',#3057,#2486,#690,.T.);
#3951=EDGE_CURVE('',#3058,#3057,#691,.T.);
#3952=EDGE_CURVE('',#2487,#3058,#692,.T.);
#3953=EDGE_CURVE('',#3059,#3055,#73,.T.);
#3954=EDGE_CURVE('',#3059,#3060,#693,.T.);
#3955=EDGE_CURVE('',#3061,#3060,#74,.T.);
#3956=EDGE_CURVE('',#3061,#3062,#694,.T.);
#3957=EDGE_CURVE('',#3058,#3062,#75,.T.);
#3958=EDGE_CURVE('',#3063,#3063,#76,.T.);
#3959=EDGE_CURVE('',#3064,#3064,#77,.T.);
#3960=EDGE_CURVE('',#3065,#3065,#78,.T.);
#3961=EDGE_CURVE('',#3066,#3066,#79,.T.);
#3962=EDGE_CURVE('',#3062,#2488,#695,.T.);
#3963=EDGE_CURVE('',#2489,#3061,#696,.T.);
#3964=EDGE_CURVE('',#2491,#3059,#697,.T.);
#3965=EDGE_CURVE('',#3060,#2490,#698,.T.);
#3966=EDGE_CURVE('',#3067,#3068,#699,.T.);
#3967=EDGE_CURVE('',#2483,#3067,#700,.T.);
#3968=EDGE_CURVE('',#3068,#2482,#701,.T.);
#3969=EDGE_CURVE('',#3067,#2493,#702,.T.);
#3970=EDGE_CURVE('',#3069,#3069,#80,.T.);
#3971=EDGE_CURVE('',#3069,#3065,#703,.T.);
#3972=EDGE_CURVE('',#3070,#3070,#81,.T.);
#3973=EDGE_CURVE('',#3070,#3064,#704,.T.);
#3974=EDGE_CURVE('',#3071,#3071,#82,.T.);
#3975=EDGE_CURVE('',#3071,#3063,#705,.T.);
#3976=EDGE_CURVE('',#3072,#3072,#83,.T.);
#3977=EDGE_CURVE('',#3072,#3066,#706,.T.);
#3978=EDGE_CURVE('',#3068,#2494,#707,.T.);
#3979=EDGE_CURVE('',#2497,#3073,#708,.T.);
#3980=EDGE_CURVE('',#3073,#3073,#84,.T.);
#3981=EDGE_CURVE('',#2496,#3074,#709,.T.);
#3982=EDGE_CURVE('',#3074,#3074,#85,.T.);
#3983=EDGE_CURVE('',#2498,#3075,#710,.T.);
#3984=EDGE_CURVE('',#3075,#3075,#86,.T.);
#3985=EDGE_CURVE('',#2495,#3076,#711,.T.);
#3986=EDGE_CURVE('',#3076,#3076,#87,.T.);
#3987=ORIENTED_EDGE('',*,*,#3077,.T.);
#3988=ORIENTED_EDGE('',*,*,#3078,.T.);
#3989=ORIENTED_EDGE('',*,*,#3079,.T.);
#3990=ORIENTED_EDGE('',*,*,#3080,.T.);
#3991=ORIENTED_EDGE('',*,*,#3078,.F.);
#3992=ORIENTED_EDGE('',*,*,#3081,.F.);
#3993=ORIENTED_EDGE('',*,*,#3082,.F.);
#3994=ORIENTED_EDGE('',*,*,#3083,.F.);
#3995=ORIENTED_EDGE('',*,*,#3084,.T.);
#3996=ORIENTED_EDGE('',*,*,#3085,.T.);
#3997=ORIENTED_EDGE('',*,*,#3086,.T.);
#3998=ORIENTED_EDGE('',*,*,#3087,.T.);
#3999=ORIENTED_EDGE('',*,*,#3085,.F.);
#4000=ORIENTED_EDGE('',*,*,#3088,.F.);
#4001=ORIENTED_EDGE('',*,*,#3089,.F.);
#4002=ORIENTED_EDGE('',*,*,#3090,.F.);
#4003=ORIENTED_EDGE('',*,*,#3091,.T.);
#4004=ORIENTED_EDGE('',*,*,#3079,.F.);
#4005=ORIENTED_EDGE('',*,*,#3083,.T.);
#4006=ORIENTED_EDGE('',*,*,#3092,.F.);
#4007=ORIENTED_EDGE('',*,*,#3093,.F.);
#4008=ORIENTED_EDGE('',*,*,#3094,.T.);
#4009=ORIENTED_EDGE('',*,*,#3095,.T.);
#4010=ORIENTED_EDGE('',*,*,#3096,.F.);
#4011=ORIENTED_EDGE('',*,*,#3088,.T.);
#4012=ORIENTED_EDGE('',*,*,#3084,.F.);
#4013=ORIENTED_EDGE('',*,*,#3082,.T.);
#4014=ORIENTED_EDGE('',*,*,#3097,.T.);
#4015=ORIENTED_EDGE('',*,*,#3098,.F.);
#4016=ORIENTED_EDGE('',*,*,#3099,.T.);
#4017=ORIENTED_EDGE('',*,*,#3100,.F.);
#4018=ORIENTED_EDGE('',*,*,#3101,.T.);
#4019=ORIENTED_EDGE('',*,*,#3102,.F.);
#4020=ORIENTED_EDGE('',*,*,#3103,.T.);
#4021=ORIENTED_EDGE('',*,*,#3104,.F.);
#4022=ORIENTED_EDGE('',*,*,#3105,.T.);
#4023=ORIENTED_EDGE('',*,*,#3089,.T.);
#4024=ORIENTED_EDGE('',*,*,#3096,.T.);
#4025=ORIENTED_EDGE('',*,*,#3106,.T.);
#4026=ORIENTED_EDGE('',*,*,#3107,.T.);
#4027=ORIENTED_EDGE('',*,*,#3108,.T.);
#4028=ORIENTED_EDGE('',*,*,#3092,.T.);
#4029=ORIENTED_EDGE('',*,*,#3109,.T.);
#4030=ORIENTED_EDGE('',*,*,#3110,.T.);
#4031=ORIENTED_EDGE('',*,*,#3111,.T.);
#4032=ORIENTED_EDGE('',*,*,#3112,.T.);
#4033=ORIENTED_EDGE('',*,*,#3080,.F.);
#4034=ORIENTED_EDGE('',*,*,#3091,.F.);
#4035=ORIENTED_EDGE('',*,*,#3087,.F.);
#4036=ORIENTED_EDGE('',*,*,#3113,.F.);
#4037=ORIENTED_EDGE('',*,*,#3114,.F.);
#4038=ORIENTED_EDGE('',*,*,#3115,.F.);
#4039=ORIENTED_EDGE('',*,*,#3116,.F.);
#4040=ORIENTED_EDGE('',*,*,#3117,.F.);
#4041=ORIENTED_EDGE('',*,*,#3118,.F.);
#4042=ORIENTED_EDGE('',*,*,#3119,.T.);
#4043=ORIENTED_EDGE('',*,*,#3120,.T.);
#4044=ORIENTED_EDGE('',*,*,#3121,.F.);
#4045=ORIENTED_EDGE('',*,*,#3122,.F.);
#4046=ORIENTED_EDGE('',*,*,#3121,.T.);
#4047=ORIENTED_EDGE('',*,*,#3123,.T.);
#4048=ORIENTED_EDGE('',*,*,#3124,.F.);
#4049=ORIENTED_EDGE('',*,*,#3125,.F.);
#4050=ORIENTED_EDGE('',*,*,#3124,.T.);
#4051=ORIENTED_EDGE('',*,*,#3126,.T.);
#4052=ORIENTED_EDGE('',*,*,#3127,.F.);
#4053=ORIENTED_EDGE('',*,*,#3128,.F.);
#4054=ORIENTED_EDGE('',*,*,#3127,.T.);
#4055=ORIENTED_EDGE('',*,*,#3129,.T.);
#4056=ORIENTED_EDGE('',*,*,#3130,.F.);
#4057=ORIENTED_EDGE('',*,*,#3131,.F.);
#4058=ORIENTED_EDGE('',*,*,#3132,.T.);
#4059=ORIENTED_EDGE('',*,*,#3133,.T.);
#4060=ORIENTED_EDGE('',*,*,#3119,.F.);
#4061=ORIENTED_EDGE('',*,*,#3134,.F.);
#4062=ORIENTED_EDGE('',*,*,#3130,.T.);
#4063=ORIENTED_EDGE('',*,*,#3135,.T.);
#4064=ORIENTED_EDGE('',*,*,#3132,.F.);
#4065=ORIENTED_EDGE('',*,*,#3135,.F.);
#4066=ORIENTED_EDGE('',*,*,#3129,.F.);
#4067=ORIENTED_EDGE('',*,*,#3126,.F.);
#4068=ORIENTED_EDGE('',*,*,#3123,.F.);
#4069=ORIENTED_EDGE('',*,*,#3120,.F.);
#4070=ORIENTED_EDGE('',*,*,#3133,.F.);
#4071=ORIENTED_EDGE('',*,*,#3136,.F.);
#4072=ORIENTED_EDGE('',*,*,#3137,.T.);
#4073=ORIENTED_EDGE('',*,*,#3138,.T.);
#4074=ORIENTED_EDGE('',*,*,#3139,.F.);
#4075=ORIENTED_EDGE('',*,*,#3140,.F.);
#4076=ORIENTED_EDGE('',*,*,#3139,.T.);
#4077=ORIENTED_EDGE('',*,*,#3141,.T.);
#4078=ORIENTED_EDGE('',*,*,#3142,.F.);
#4079=ORIENTED_EDGE('',*,*,#3143,.F.);
#4080=ORIENTED_EDGE('',*,*,#3142,.T.);
#4081=ORIENTED_EDGE('',*,*,#3144,.T.);
#4082=ORIENTED_EDGE('',*,*,#3145,.F.);
#4083=ORIENTED_EDGE('',*,*,#3146,.F.);
#4084=ORIENTED_EDGE('',*,*,#3145,.T.);
#4085=ORIENTED_EDGE('',*,*,#3147,.T.);
#4086=ORIENTED_EDGE('',*,*,#3148,.F.);
#4087=ORIENTED_EDGE('',*,*,#3149,.F.);
#4088=ORIENTED_EDGE('',*,*,#3148,.T.);
#4089=ORIENTED_EDGE('',*,*,#3150,.T.);
#4090=ORIENTED_EDGE('',*,*,#3151,.F.);
#4091=ORIENTED_EDGE('',*,*,#3152,.F.);
#4092=ORIENTED_EDGE('',*,*,#3151,.T.);
#4093=ORIENTED_EDGE('',*,*,#3153,.T.);
#4094=ORIENTED_EDGE('',*,*,#3154,.F.);
#4095=ORIENTED_EDGE('',*,*,#3155,.F.);
#4096=ORIENTED_EDGE('',*,*,#3154,.T.);
#4097=ORIENTED_EDGE('',*,*,#3156,.T.);
#4098=ORIENTED_EDGE('',*,*,#3157,.F.);
#4099=ORIENTED_EDGE('',*,*,#3158,.F.);
#4100=ORIENTED_EDGE('',*,*,#3157,.T.);
#4101=ORIENTED_EDGE('',*,*,#3159,.T.);
#4102=ORIENTED_EDGE('',*,*,#3160,.F.);
#4103=ORIENTED_EDGE('',*,*,#3161,.F.);
#4104=ORIENTED_EDGE('',*,*,#3160,.T.);
#4105=ORIENTED_EDGE('',*,*,#3162,.T.);
#4106=ORIENTED_EDGE('',*,*,#3163,.F.);
#4107=ORIENTED_EDGE('',*,*,#3164,.F.);
#4108=ORIENTED_EDGE('',*,*,#3163,.T.);
#4109=ORIENTED_EDGE('',*,*,#3165,.T.);
#4110=ORIENTED_EDGE('',*,*,#3166,.F.);
#4111=ORIENTED_EDGE('',*,*,#3167,.F.);
#4112=ORIENTED_EDGE('',*,*,#3166,.T.);
#4113=ORIENTED_EDGE('',*,*,#3168,.T.);
#4114=ORIENTED_EDGE('',*,*,#3169,.F.);
#4115=ORIENTED_EDGE('',*,*,#3170,.F.);
#4116=ORIENTED_EDGE('',*,*,#3169,.T.);
#4117=ORIENTED_EDGE('',*,*,#3171,.T.);
#4118=ORIENTED_EDGE('',*,*,#3172,.F.);
#4119=ORIENTED_EDGE('',*,*,#3173,.F.);
#4120=ORIENTED_EDGE('',*,*,#3172,.T.);
#4121=ORIENTED_EDGE('',*,*,#3174,.T.);
#4122=ORIENTED_EDGE('',*,*,#3175,.F.);
#4123=ORIENTED_EDGE('',*,*,#3176,.F.);
#4124=ORIENTED_EDGE('',*,*,#3175,.T.);
#4125=ORIENTED_EDGE('',*,*,#3177,.T.);
#4126=ORIENTED_EDGE('',*,*,#3178,.F.);
#4127=ORIENTED_EDGE('',*,*,#3179,.F.);
#4128=ORIENTED_EDGE('',*,*,#3180,.T.);
#4129=ORIENTED_EDGE('',*,*,#3181,.T.);
#4130=ORIENTED_EDGE('',*,*,#3137,.F.);
#4131=ORIENTED_EDGE('',*,*,#3182,.F.);
#4132=ORIENTED_EDGE('',*,*,#3183,.T.);
#4133=ORIENTED_EDGE('',*,*,#3184,.T.);
#4134=ORIENTED_EDGE('',*,*,#3180,.F.);
#4135=ORIENTED_EDGE('',*,*,#3185,.F.);
#4136=ORIENTED_EDGE('',*,*,#3186,.T.);
#4137=ORIENTED_EDGE('',*,*,#3187,.T.);
#4138=ORIENTED_EDGE('',*,*,#3183,.F.);
#4139=ORIENTED_EDGE('',*,*,#3188,.F.);
#4140=ORIENTED_EDGE('',*,*,#3189,.T.);
#4141=ORIENTED_EDGE('',*,*,#3190,.T.);
#4142=ORIENTED_EDGE('',*,*,#3186,.F.);
#4143=ORIENTED_EDGE('',*,*,#3191,.F.);
#4144=ORIENTED_EDGE('',*,*,#3192,.T.);
#4145=ORIENTED_EDGE('',*,*,#3193,.T.);
#4146=ORIENTED_EDGE('',*,*,#3189,.F.);
#4147=ORIENTED_EDGE('',*,*,#3194,.F.);
#4148=ORIENTED_EDGE('',*,*,#3195,.T.);
#4149=ORIENTED_EDGE('',*,*,#3196,.T.);
#4150=ORIENTED_EDGE('',*,*,#3192,.F.);
#4151=ORIENTED_EDGE('',*,*,#3197,.F.);
#4152=ORIENTED_EDGE('',*,*,#3198,.T.);
#4153=ORIENTED_EDGE('',*,*,#3199,.T.);
#4154=ORIENTED_EDGE('',*,*,#3195,.F.);
#4155=ORIENTED_EDGE('',*,*,#3200,.F.);
#4156=ORIENTED_EDGE('',*,*,#3201,.T.);
#4157=ORIENTED_EDGE('',*,*,#3202,.T.);
#4158=ORIENTED_EDGE('',*,*,#3198,.F.);
#4159=ORIENTED_EDGE('',*,*,#3203,.F.);
#4160=ORIENTED_EDGE('',*,*,#3204,.T.);
#4161=ORIENTED_EDGE('',*,*,#3205,.T.);
#4162=ORIENTED_EDGE('',*,*,#3201,.F.);
#4163=ORIENTED_EDGE('',*,*,#3206,.F.);
#4164=ORIENTED_EDGE('',*,*,#3207,.T.);
#4165=ORIENTED_EDGE('',*,*,#3208,.T.);
#4166=ORIENTED_EDGE('',*,*,#3204,.F.);
#4167=ORIENTED_EDGE('',*,*,#3209,.F.);
#4168=ORIENTED_EDGE('',*,*,#3210,.T.);
#4169=ORIENTED_EDGE('',*,*,#3211,.T.);
#4170=ORIENTED_EDGE('',*,*,#3207,.F.);
#4171=ORIENTED_EDGE('',*,*,#3212,.F.);
#4172=ORIENTED_EDGE('',*,*,#3178,.T.);
#4173=ORIENTED_EDGE('',*,*,#3213,.T.);
#4174=ORIENTED_EDGE('',*,*,#3210,.F.);
#4175=ORIENTED_EDGE('',*,*,#3213,.F.);
#4176=ORIENTED_EDGE('',*,*,#3177,.F.);
#4177=ORIENTED_EDGE('',*,*,#3174,.F.);
#4178=ORIENTED_EDGE('',*,*,#3171,.F.);
#4179=ORIENTED_EDGE('',*,*,#3168,.F.);
#4180=ORIENTED_EDGE('',*,*,#3165,.F.);
#4181=ORIENTED_EDGE('',*,*,#3162,.F.);
#4182=ORIENTED_EDGE('',*,*,#3159,.F.);
#4183=ORIENTED_EDGE('',*,*,#3156,.F.);
#4184=ORIENTED_EDGE('',*,*,#3153,.F.);
#4185=ORIENTED_EDGE('',*,*,#3150,.F.);
#4186=ORIENTED_EDGE('',*,*,#3147,.F.);
#4187=ORIENTED_EDGE('',*,*,#3144,.F.);
#4188=ORIENTED_EDGE('',*,*,#3141,.F.);
#4189=ORIENTED_EDGE('',*,*,#3138,.F.);
#4190=ORIENTED_EDGE('',*,*,#3181,.F.);
#4191=ORIENTED_EDGE('',*,*,#3184,.F.);
#4192=ORIENTED_EDGE('',*,*,#3187,.F.);
#4193=ORIENTED_EDGE('',*,*,#3190,.F.);
#4194=ORIENTED_EDGE('',*,*,#3193,.F.);
#4195=ORIENTED_EDGE('',*,*,#3196,.F.);
#4196=ORIENTED_EDGE('',*,*,#3199,.F.);
#4197=ORIENTED_EDGE('',*,*,#3202,.F.);
#4198=ORIENTED_EDGE('',*,*,#3205,.F.);
#4199=ORIENTED_EDGE('',*,*,#3208,.F.);
#4200=ORIENTED_EDGE('',*,*,#3211,.F.);
#4201=ORIENTED_EDGE('',*,*,#3214,.F.);
#4202=ORIENTED_EDGE('',*,*,#3215,.T.);
#4203=ORIENTED_EDGE('',*,*,#3216,.T.);
#4204=ORIENTED_EDGE('',*,*,#3217,.F.);
#4205=ORIENTED_EDGE('',*,*,#3218,.F.);
#4206=ORIENTED_EDGE('',*,*,#3217,.T.);
#4207=ORIENTED_EDGE('',*,*,#3219,.T.);
#4208=ORIENTED_EDGE('',*,*,#3220,.F.);
#4209=ORIENTED_EDGE('',*,*,#3221,.F.);
#4210=ORIENTED_EDGE('',*,*,#3220,.T.);
#4211=ORIENTED_EDGE('',*,*,#3222,.T.);
#4212=ORIENTED_EDGE('',*,*,#3223,.F.);
#4213=ORIENTED_EDGE('',*,*,#3224,.F.);
#4214=ORIENTED_EDGE('',*,*,#3223,.T.);
#4215=ORIENTED_EDGE('',*,*,#3225,.T.);
#4216=ORIENTED_EDGE('',*,*,#3226,.F.);
#4217=ORIENTED_EDGE('',*,*,#3227,.F.);
#4218=ORIENTED_EDGE('',*,*,#3226,.T.);
#4219=ORIENTED_EDGE('',*,*,#3228,.T.);
#4220=ORIENTED_EDGE('',*,*,#3229,.F.);
#4221=ORIENTED_EDGE('',*,*,#3230,.F.);
#4222=ORIENTED_EDGE('',*,*,#3229,.T.);
#4223=ORIENTED_EDGE('',*,*,#3231,.T.);
#4224=ORIENTED_EDGE('',*,*,#3232,.F.);
#4225=ORIENTED_EDGE('',*,*,#3233,.F.);
#4226=ORIENTED_EDGE('',*,*,#3232,.T.);
#4227=ORIENTED_EDGE('',*,*,#3234,.T.);
#4228=ORIENTED_EDGE('',*,*,#3235,.F.);
#4229=ORIENTED_EDGE('',*,*,#3236,.F.);
#4230=ORIENTED_EDGE('',*,*,#3235,.T.);
#4231=ORIENTED_EDGE('',*,*,#3237,.T.);
#4232=ORIENTED_EDGE('',*,*,#3238,.F.);
#4233=ORIENTED_EDGE('',*,*,#3239,.F.);
#4234=ORIENTED_EDGE('',*,*,#3238,.T.);
#4235=ORIENTED_EDGE('',*,*,#3240,.T.);
#4236=ORIENTED_EDGE('',*,*,#3241,.F.);
#4237=ORIENTED_EDGE('',*,*,#3242,.F.);
#4238=ORIENTED_EDGE('',*,*,#3241,.T.);
#4239=ORIENTED_EDGE('',*,*,#3243,.T.);
#4240=ORIENTED_EDGE('',*,*,#3244,.F.);
#4241=ORIENTED_EDGE('',*,*,#3245,.F.);
#4242=ORIENTED_EDGE('',*,*,#3244,.T.);
#4243=ORIENTED_EDGE('',*,*,#3246,.T.);
#4244=ORIENTED_EDGE('',*,*,#3247,.F.);
#4245=ORIENTED_EDGE('',*,*,#3248,.F.);
#4246=ORIENTED_EDGE('',*,*,#3247,.T.);
#4247=ORIENTED_EDGE('',*,*,#3249,.T.);
#4248=ORIENTED_EDGE('',*,*,#3250,.F.);
#4249=ORIENTED_EDGE('',*,*,#3251,.F.);
#4250=ORIENTED_EDGE('',*,*,#3250,.T.);
#4251=ORIENTED_EDGE('',*,*,#3252,.T.);
#4252=ORIENTED_EDGE('',*,*,#3253,.F.);
#4253=ORIENTED_EDGE('',*,*,#3254,.F.);
#4254=ORIENTED_EDGE('',*,*,#3253,.T.);
#4255=ORIENTED_EDGE('',*,*,#3255,.T.);
#4256=ORIENTED_EDGE('',*,*,#3256,.F.);
#4257=ORIENTED_EDGE('',*,*,#3257,.F.);
#4258=ORIENTED_EDGE('',*,*,#3256,.T.);
#4259=ORIENTED_EDGE('',*,*,#3258,.T.);
#4260=ORIENTED_EDGE('',*,*,#3259,.F.);
#4261=ORIENTED_EDGE('',*,*,#3260,.F.);
#4262=ORIENTED_EDGE('',*,*,#3259,.T.);
#4263=ORIENTED_EDGE('',*,*,#3261,.T.);
#4264=ORIENTED_EDGE('',*,*,#3262,.F.);
#4265=ORIENTED_EDGE('',*,*,#3263,.F.);
#4266=ORIENTED_EDGE('',*,*,#3262,.T.);
#4267=ORIENTED_EDGE('',*,*,#3264,.T.);
#4268=ORIENTED_EDGE('',*,*,#3265,.F.);
#4269=ORIENTED_EDGE('',*,*,#3266,.F.);
#4270=ORIENTED_EDGE('',*,*,#3265,.T.);
#4271=ORIENTED_EDGE('',*,*,#3267,.T.);
#4272=ORIENTED_EDGE('',*,*,#3268,.F.);
#4273=ORIENTED_EDGE('',*,*,#3269,.F.);
#4274=ORIENTED_EDGE('',*,*,#3268,.T.);
#4275=ORIENTED_EDGE('',*,*,#3270,.T.);
#4276=ORIENTED_EDGE('',*,*,#3271,.F.);
#4277=ORIENTED_EDGE('',*,*,#3272,.F.);
#4278=ORIENTED_EDGE('',*,*,#3271,.T.);
#4279=ORIENTED_EDGE('',*,*,#3273,.T.);
#4280=ORIENTED_EDGE('',*,*,#3274,.F.);
#4281=ORIENTED_EDGE('',*,*,#3275,.F.);
#4282=ORIENTED_EDGE('',*,*,#3274,.T.);
#4283=ORIENTED_EDGE('',*,*,#3276,.T.);
#4284=ORIENTED_EDGE('',*,*,#3277,.F.);
#4285=ORIENTED_EDGE('',*,*,#3278,.F.);
#4286=ORIENTED_EDGE('',*,*,#3279,.T.);
#4287=ORIENTED_EDGE('',*,*,#3280,.T.);
#4288=ORIENTED_EDGE('',*,*,#3215,.F.);
#4289=ORIENTED_EDGE('',*,*,#3281,.F.);
#4290=ORIENTED_EDGE('',*,*,#3282,.T.);
#4291=ORIENTED_EDGE('',*,*,#3283,.T.);
#4292=ORIENTED_EDGE('',*,*,#3279,.F.);
#4293=ORIENTED_EDGE('',*,*,#3284,.F.);
#4294=ORIENTED_EDGE('',*,*,#3285,.T.);
#4295=ORIENTED_EDGE('',*,*,#3286,.T.);
#4296=ORIENTED_EDGE('',*,*,#3282,.F.);
#4297=ORIENTED_EDGE('',*,*,#3287,.F.);
#4298=ORIENTED_EDGE('',*,*,#3288,.T.);
#4299=ORIENTED_EDGE('',*,*,#3289,.T.);
#4300=ORIENTED_EDGE('',*,*,#3285,.F.);
#4301=ORIENTED_EDGE('',*,*,#3290,.F.);
#4302=ORIENTED_EDGE('',*,*,#3291,.T.);
#4303=ORIENTED_EDGE('',*,*,#3292,.T.);
#4304=ORIENTED_EDGE('',*,*,#3288,.F.);
#4305=ORIENTED_EDGE('',*,*,#3293,.F.);
#4306=ORIENTED_EDGE('',*,*,#3294,.T.);
#4307=ORIENTED_EDGE('',*,*,#3295,.T.);
#4308=ORIENTED_EDGE('',*,*,#3291,.F.);
#4309=ORIENTED_EDGE('',*,*,#3296,.F.);
#4310=ORIENTED_EDGE('',*,*,#3297,.T.);
#4311=ORIENTED_EDGE('',*,*,#3298,.T.);
#4312=ORIENTED_EDGE('',*,*,#3294,.F.);
#4313=ORIENTED_EDGE('',*,*,#3299,.F.);
#4314=ORIENTED_EDGE('',*,*,#3300,.T.);
#4315=ORIENTED_EDGE('',*,*,#3301,.T.);
#4316=ORIENTED_EDGE('',*,*,#3297,.F.);
#4317=ORIENTED_EDGE('',*,*,#3302,.F.);
#4318=ORIENTED_EDGE('',*,*,#3303,.T.);
#4319=ORIENTED_EDGE('',*,*,#3304,.T.);
#4320=ORIENTED_EDGE('',*,*,#3300,.F.);
#4321=ORIENTED_EDGE('',*,*,#3305,.F.);
#4322=ORIENTED_EDGE('',*,*,#3306,.T.);
#4323=ORIENTED_EDGE('',*,*,#3307,.T.);
#4324=ORIENTED_EDGE('',*,*,#3303,.F.);
#4325=ORIENTED_EDGE('',*,*,#3308,.F.);
#4326=ORIENTED_EDGE('',*,*,#3309,.T.);
#4327=ORIENTED_EDGE('',*,*,#3310,.T.);
#4328=ORIENTED_EDGE('',*,*,#3306,.F.);
#4329=ORIENTED_EDGE('',*,*,#3311,.F.);
#4330=ORIENTED_EDGE('',*,*,#3312,.T.);
#4331=ORIENTED_EDGE('',*,*,#3313,.T.);
#4332=ORIENTED_EDGE('',*,*,#3309,.F.);
#4333=ORIENTED_EDGE('',*,*,#3314,.F.);
#4334=ORIENTED_EDGE('',*,*,#3315,.T.);
#4335=ORIENTED_EDGE('',*,*,#3316,.T.);
#4336=ORIENTED_EDGE('',*,*,#3312,.F.);
#4337=ORIENTED_EDGE('',*,*,#3317,.F.);
#4338=ORIENTED_EDGE('',*,*,#3318,.T.);
#4339=ORIENTED_EDGE('',*,*,#3319,.T.);
#4340=ORIENTED_EDGE('',*,*,#3315,.F.);
#4341=ORIENTED_EDGE('',*,*,#3320,.F.);
#4342=ORIENTED_EDGE('',*,*,#3321,.T.);
#4343=ORIENTED_EDGE('',*,*,#3322,.T.);
#4344=ORIENTED_EDGE('',*,*,#3318,.F.);
#4345=ORIENTED_EDGE('',*,*,#3323,.F.);
#4346=ORIENTED_EDGE('',*,*,#3324,.T.);
#4347=ORIENTED_EDGE('',*,*,#3325,.T.);
#4348=ORIENTED_EDGE('',*,*,#3321,.F.);
#4349=ORIENTED_EDGE('',*,*,#3326,.F.);
#4350=ORIENTED_EDGE('',*,*,#3327,.T.);
#4351=ORIENTED_EDGE('',*,*,#3328,.T.);
#4352=ORIENTED_EDGE('',*,*,#3324,.F.);
#4353=ORIENTED_EDGE('',*,*,#3329,.F.);
#4354=ORIENTED_EDGE('',*,*,#3330,.T.);
#4355=ORIENTED_EDGE('',*,*,#3331,.T.);
#4356=ORIENTED_EDGE('',*,*,#3327,.F.);
#4357=ORIENTED_EDGE('',*,*,#3332,.F.);
#4358=ORIENTED_EDGE('',*,*,#3333,.T.);
#4359=ORIENTED_EDGE('',*,*,#3334,.T.);
#4360=ORIENTED_EDGE('',*,*,#3330,.F.);
#4361=ORIENTED_EDGE('',*,*,#3335,.F.);
#4362=ORIENTED_EDGE('',*,*,#3277,.T.);
#4363=ORIENTED_EDGE('',*,*,#3336,.T.);
#4364=ORIENTED_EDGE('',*,*,#3333,.F.);
#4365=ORIENTED_EDGE('',*,*,#3336,.F.);
#4366=ORIENTED_EDGE('',*,*,#3276,.F.);
#4367=ORIENTED_EDGE('',*,*,#3273,.F.);
#4368=ORIENTED_EDGE('',*,*,#3270,.F.);
#4369=ORIENTED_EDGE('',*,*,#3267,.F.);
#4370=ORIENTED_EDGE('',*,*,#3264,.F.);
#4371=ORIENTED_EDGE('',*,*,#3261,.F.);
#4372=ORIENTED_EDGE('',*,*,#3258,.F.);
#4373=ORIENTED_EDGE('',*,*,#3255,.F.);
#4374=ORIENTED_EDGE('',*,*,#3252,.F.);
#4375=ORIENTED_EDGE('',*,*,#3249,.F.);
#4376=ORIENTED_EDGE('',*,*,#3246,.F.);
#4377=ORIENTED_EDGE('',*,*,#3243,.F.);
#4378=ORIENTED_EDGE('',*,*,#3240,.F.);
#4379=ORIENTED_EDGE('',*,*,#3237,.F.);
#4380=ORIENTED_EDGE('',*,*,#3234,.F.);
#4381=ORIENTED_EDGE('',*,*,#3231,.F.);
#4382=ORIENTED_EDGE('',*,*,#3228,.F.);
#4383=ORIENTED_EDGE('',*,*,#3225,.F.);
#4384=ORIENTED_EDGE('',*,*,#3222,.F.);
#4385=ORIENTED_EDGE('',*,*,#3219,.F.);
#4386=ORIENTED_EDGE('',*,*,#3216,.F.);
#4387=ORIENTED_EDGE('',*,*,#3280,.F.);
#4388=ORIENTED_EDGE('',*,*,#3283,.F.);
#4389=ORIENTED_EDGE('',*,*,#3286,.F.);
#4390=ORIENTED_EDGE('',*,*,#3289,.F.);
#4391=ORIENTED_EDGE('',*,*,#3292,.F.);
#4392=ORIENTED_EDGE('',*,*,#3295,.F.);
#4393=ORIENTED_EDGE('',*,*,#3298,.F.);
#4394=ORIENTED_EDGE('',*,*,#3301,.F.);
#4395=ORIENTED_EDGE('',*,*,#3304,.F.);
#4396=ORIENTED_EDGE('',*,*,#3307,.F.);
#4397=ORIENTED_EDGE('',*,*,#3310,.F.);
#4398=ORIENTED_EDGE('',*,*,#3313,.F.);
#4399=ORIENTED_EDGE('',*,*,#3316,.F.);
#4400=ORIENTED_EDGE('',*,*,#3319,.F.);
#4401=ORIENTED_EDGE('',*,*,#3322,.F.);
#4402=ORIENTED_EDGE('',*,*,#3325,.F.);
#4403=ORIENTED_EDGE('',*,*,#3328,.F.);
#4404=ORIENTED_EDGE('',*,*,#3331,.F.);
#4405=ORIENTED_EDGE('',*,*,#3334,.F.);
#4406=ORIENTED_EDGE('',*,*,#3337,.F.);
#4407=ORIENTED_EDGE('',*,*,#3338,.T.);
#4408=ORIENTED_EDGE('',*,*,#3339,.T.);
#4409=ORIENTED_EDGE('',*,*,#3340,.F.);
#4410=ORIENTED_EDGE('',*,*,#3341,.F.);
#4411=ORIENTED_EDGE('',*,*,#3340,.T.);
#4412=ORIENTED_EDGE('',*,*,#3342,.T.);
#4413=ORIENTED_EDGE('',*,*,#3343,.F.);
#4414=ORIENTED_EDGE('',*,*,#3344,.F.);
#4415=ORIENTED_EDGE('',*,*,#3343,.T.);
#4416=ORIENTED_EDGE('',*,*,#3345,.T.);
#4417=ORIENTED_EDGE('',*,*,#3346,.F.);
#4418=ORIENTED_EDGE('',*,*,#3347,.F.);
#4419=ORIENTED_EDGE('',*,*,#3346,.T.);
#4420=ORIENTED_EDGE('',*,*,#3348,.T.);
#4421=ORIENTED_EDGE('',*,*,#3349,.F.);
#4422=ORIENTED_EDGE('',*,*,#3350,.F.);
#4423=ORIENTED_EDGE('',*,*,#3349,.T.);
#4424=ORIENTED_EDGE('',*,*,#3351,.T.);
#4425=ORIENTED_EDGE('',*,*,#3352,.F.);
#4426=ORIENTED_EDGE('',*,*,#3353,.F.);
#4427=ORIENTED_EDGE('',*,*,#3352,.T.);
#4428=ORIENTED_EDGE('',*,*,#3354,.T.);
#4429=ORIENTED_EDGE('',*,*,#3355,.F.);
#4430=ORIENTED_EDGE('',*,*,#3356,.F.);
#4431=ORIENTED_EDGE('',*,*,#3355,.T.);
#4432=ORIENTED_EDGE('',*,*,#3357,.T.);
#4433=ORIENTED_EDGE('',*,*,#3358,.F.);
#4434=ORIENTED_EDGE('',*,*,#3359,.F.);
#4435=ORIENTED_EDGE('',*,*,#3358,.T.);
#4436=ORIENTED_EDGE('',*,*,#3360,.T.);
#4437=ORIENTED_EDGE('',*,*,#3361,.F.);
#4438=ORIENTED_EDGE('',*,*,#3362,.F.);
#4439=ORIENTED_EDGE('',*,*,#3361,.T.);
#4440=ORIENTED_EDGE('',*,*,#3363,.T.);
#4441=ORIENTED_EDGE('',*,*,#3364,.F.);
#4442=ORIENTED_EDGE('',*,*,#3365,.F.);
#4443=ORIENTED_EDGE('',*,*,#3364,.T.);
#4444=ORIENTED_EDGE('',*,*,#3366,.T.);
#4445=ORIENTED_EDGE('',*,*,#3367,.F.);
#4446=ORIENTED_EDGE('',*,*,#3368,.F.);
#4447=ORIENTED_EDGE('',*,*,#3367,.T.);
#4448=ORIENTED_EDGE('',*,*,#3369,.T.);
#4449=ORIENTED_EDGE('',*,*,#3370,.F.);
#4450=ORIENTED_EDGE('',*,*,#3371,.F.);
#4451=ORIENTED_EDGE('',*,*,#3370,.T.);
#4452=ORIENTED_EDGE('',*,*,#3372,.T.);
#4453=ORIENTED_EDGE('',*,*,#3373,.F.);
#4454=ORIENTED_EDGE('',*,*,#3374,.F.);
#4455=ORIENTED_EDGE('',*,*,#3373,.T.);
#4456=ORIENTED_EDGE('',*,*,#3375,.T.);
#4457=ORIENTED_EDGE('',*,*,#3376,.F.);
#4458=ORIENTED_EDGE('',*,*,#3377,.F.);
#4459=ORIENTED_EDGE('',*,*,#3376,.T.);
#4460=ORIENTED_EDGE('',*,*,#3378,.T.);
#4461=ORIENTED_EDGE('',*,*,#3379,.F.);
#4462=ORIENTED_EDGE('',*,*,#3380,.F.);
#4463=ORIENTED_EDGE('',*,*,#3381,.T.);
#4464=ORIENTED_EDGE('',*,*,#3382,.T.);
#4465=ORIENTED_EDGE('',*,*,#3338,.F.);
#4466=ORIENTED_EDGE('',*,*,#3383,.F.);
#4467=ORIENTED_EDGE('',*,*,#3384,.T.);
#4468=ORIENTED_EDGE('',*,*,#3385,.T.);
#4469=ORIENTED_EDGE('',*,*,#3381,.F.);
#4470=ORIENTED_EDGE('',*,*,#3386,.F.);
#4471=ORIENTED_EDGE('',*,*,#3387,.T.);
#4472=ORIENTED_EDGE('',*,*,#3388,.T.);
#4473=ORIENTED_EDGE('',*,*,#3384,.F.);
#4474=ORIENTED_EDGE('',*,*,#3389,.F.);
#4475=ORIENTED_EDGE('',*,*,#3390,.T.);
#4476=ORIENTED_EDGE('',*,*,#3391,.T.);
#4477=ORIENTED_EDGE('',*,*,#3387,.F.);
#4478=ORIENTED_EDGE('',*,*,#3392,.F.);
#4479=ORIENTED_EDGE('',*,*,#3393,.T.);
#4480=ORIENTED_EDGE('',*,*,#3394,.T.);
#4481=ORIENTED_EDGE('',*,*,#3390,.F.);
#4482=ORIENTED_EDGE('',*,*,#3395,.F.);
#4483=ORIENTED_EDGE('',*,*,#3396,.T.);
#4484=ORIENTED_EDGE('',*,*,#3397,.T.);
#4485=ORIENTED_EDGE('',*,*,#3393,.F.);
#4486=ORIENTED_EDGE('',*,*,#3398,.F.);
#4487=ORIENTED_EDGE('',*,*,#3399,.T.);
#4488=ORIENTED_EDGE('',*,*,#3400,.T.);
#4489=ORIENTED_EDGE('',*,*,#3396,.F.);
#4490=ORIENTED_EDGE('',*,*,#3401,.F.);
#4491=ORIENTED_EDGE('',*,*,#3402,.T.);
#4492=ORIENTED_EDGE('',*,*,#3403,.T.);
#4493=ORIENTED_EDGE('',*,*,#3399,.F.);
#4494=ORIENTED_EDGE('',*,*,#3404,.F.);
#4495=ORIENTED_EDGE('',*,*,#3405,.T.);
#4496=ORIENTED_EDGE('',*,*,#3406,.T.);
#4497=ORIENTED_EDGE('',*,*,#3402,.F.);
#4498=ORIENTED_EDGE('',*,*,#3407,.F.);
#4499=ORIENTED_EDGE('',*,*,#3408,.T.);
#4500=ORIENTED_EDGE('',*,*,#3409,.T.);
#4501=ORIENTED_EDGE('',*,*,#3405,.F.);
#4502=ORIENTED_EDGE('',*,*,#3410,.F.);
#4503=ORIENTED_EDGE('',*,*,#3411,.T.);
#4504=ORIENTED_EDGE('',*,*,#3412,.T.);
#4505=ORIENTED_EDGE('',*,*,#3408,.F.);
#4506=ORIENTED_EDGE('',*,*,#3413,.F.);
#4507=ORIENTED_EDGE('',*,*,#3379,.T.);
#4508=ORIENTED_EDGE('',*,*,#3414,.T.);
#4509=ORIENTED_EDGE('',*,*,#3411,.F.);
#4510=ORIENTED_EDGE('',*,*,#3414,.F.);
#4511=ORIENTED_EDGE('',*,*,#3378,.F.);
#4512=ORIENTED_EDGE('',*,*,#3375,.F.);
#4513=ORIENTED_EDGE('',*,*,#3372,.F.);
#4514=ORIENTED_EDGE('',*,*,#3369,.F.);
#4515=ORIENTED_EDGE('',*,*,#3366,.F.);
#4516=ORIENTED_EDGE('',*,*,#3363,.F.);
#4517=ORIENTED_EDGE('',*,*,#3360,.F.);
#4518=ORIENTED_EDGE('',*,*,#3357,.F.);
#4519=ORIENTED_EDGE('',*,*,#3354,.F.);
#4520=ORIENTED_EDGE('',*,*,#3351,.F.);
#4521=ORIENTED_EDGE('',*,*,#3348,.F.);
#4522=ORIENTED_EDGE('',*,*,#3345,.F.);
#4523=ORIENTED_EDGE('',*,*,#3342,.F.);
#4524=ORIENTED_EDGE('',*,*,#3339,.F.);
#4525=ORIENTED_EDGE('',*,*,#3382,.F.);
#4526=ORIENTED_EDGE('',*,*,#3385,.F.);
#4527=ORIENTED_EDGE('',*,*,#3388,.F.);
#4528=ORIENTED_EDGE('',*,*,#3391,.F.);
#4529=ORIENTED_EDGE('',*,*,#3394,.F.);
#4530=ORIENTED_EDGE('',*,*,#3397,.F.);
#4531=ORIENTED_EDGE('',*,*,#3400,.F.);
#4532=ORIENTED_EDGE('',*,*,#3403,.F.);
#4533=ORIENTED_EDGE('',*,*,#3406,.F.);
#4534=ORIENTED_EDGE('',*,*,#3409,.F.);
#4535=ORIENTED_EDGE('',*,*,#3412,.F.);
#4536=ORIENTED_EDGE('',*,*,#3415,.F.);
#4537=ORIENTED_EDGE('',*,*,#3416,.T.);
#4538=ORIENTED_EDGE('',*,*,#3417,.T.);
#4539=ORIENTED_EDGE('',*,*,#3418,.F.);
#4540=ORIENTED_EDGE('',*,*,#3419,.F.);
#4541=ORIENTED_EDGE('',*,*,#3418,.T.);
#4542=ORIENTED_EDGE('',*,*,#3420,.T.);
#4543=ORIENTED_EDGE('',*,*,#3421,.F.);
#4544=ORIENTED_EDGE('',*,*,#3422,.F.);
#4545=ORIENTED_EDGE('',*,*,#3421,.T.);
#4546=ORIENTED_EDGE('',*,*,#3423,.T.);
#4547=ORIENTED_EDGE('',*,*,#3424,.F.);
#4548=ORIENTED_EDGE('',*,*,#3425,.F.);
#4549=ORIENTED_EDGE('',*,*,#3424,.T.);
#4550=ORIENTED_EDGE('',*,*,#3426,.T.);
#4551=ORIENTED_EDGE('',*,*,#3427,.F.);
#4552=ORIENTED_EDGE('',*,*,#3428,.F.);
#4553=ORIENTED_EDGE('',*,*,#3427,.T.);
#4554=ORIENTED_EDGE('',*,*,#3429,.T.);
#4555=ORIENTED_EDGE('',*,*,#3430,.F.);
#4556=ORIENTED_EDGE('',*,*,#3431,.F.);
#4557=ORIENTED_EDGE('',*,*,#3430,.T.);
#4558=ORIENTED_EDGE('',*,*,#3432,.T.);
#4559=ORIENTED_EDGE('',*,*,#3433,.F.);
#4560=ORIENTED_EDGE('',*,*,#3434,.F.);
#4561=ORIENTED_EDGE('',*,*,#3433,.T.);
#4562=ORIENTED_EDGE('',*,*,#3435,.T.);
#4563=ORIENTED_EDGE('',*,*,#3436,.F.);
#4564=ORIENTED_EDGE('',*,*,#3437,.F.);
#4565=ORIENTED_EDGE('',*,*,#3436,.T.);
#4566=ORIENTED_EDGE('',*,*,#3438,.T.);
#4567=ORIENTED_EDGE('',*,*,#3439,.F.);
#4568=ORIENTED_EDGE('',*,*,#3440,.F.);
#4569=ORIENTED_EDGE('',*,*,#3439,.T.);
#4570=ORIENTED_EDGE('',*,*,#3441,.T.);
#4571=ORIENTED_EDGE('',*,*,#3442,.F.);
#4572=ORIENTED_EDGE('',*,*,#3443,.F.);
#4573=ORIENTED_EDGE('',*,*,#3442,.T.);
#4574=ORIENTED_EDGE('',*,*,#3444,.T.);
#4575=ORIENTED_EDGE('',*,*,#3445,.F.);
#4576=ORIENTED_EDGE('',*,*,#3446,.F.);
#4577=ORIENTED_EDGE('',*,*,#3447,.T.);
#4578=ORIENTED_EDGE('',*,*,#3448,.T.);
#4579=ORIENTED_EDGE('',*,*,#3416,.F.);
#4580=ORIENTED_EDGE('',*,*,#3449,.F.);
#4581=ORIENTED_EDGE('',*,*,#3450,.T.);
#4582=ORIENTED_EDGE('',*,*,#3451,.T.);
#4583=ORIENTED_EDGE('',*,*,#3447,.F.);
#4584=ORIENTED_EDGE('',*,*,#3452,.F.);
#4585=ORIENTED_EDGE('',*,*,#3453,.T.);
#4586=ORIENTED_EDGE('',*,*,#3454,.T.);
#4587=ORIENTED_EDGE('',*,*,#3450,.F.);
#4588=ORIENTED_EDGE('',*,*,#3455,.F.);
#4589=ORIENTED_EDGE('',*,*,#3456,.T.);
#4590=ORIENTED_EDGE('',*,*,#3457,.T.);
#4591=ORIENTED_EDGE('',*,*,#3453,.F.);
#4592=ORIENTED_EDGE('',*,*,#3458,.F.);
#4593=ORIENTED_EDGE('',*,*,#3459,.T.);
#4594=ORIENTED_EDGE('',*,*,#3460,.T.);
#4595=ORIENTED_EDGE('',*,*,#3456,.F.);
#4596=ORIENTED_EDGE('',*,*,#3461,.F.);
#4597=ORIENTED_EDGE('',*,*,#3462,.T.);
#4598=ORIENTED_EDGE('',*,*,#3463,.T.);
#4599=ORIENTED_EDGE('',*,*,#3459,.F.);
#4600=ORIENTED_EDGE('',*,*,#3464,.F.);
#4601=ORIENTED_EDGE('',*,*,#3465,.T.);
#4602=ORIENTED_EDGE('',*,*,#3466,.T.);
#4603=ORIENTED_EDGE('',*,*,#3462,.F.);
#4604=ORIENTED_EDGE('',*,*,#3467,.F.);
#4605=ORIENTED_EDGE('',*,*,#3468,.T.);
#4606=ORIENTED_EDGE('',*,*,#3469,.T.);
#4607=ORIENTED_EDGE('',*,*,#3465,.F.);
#4608=ORIENTED_EDGE('',*,*,#3470,.F.);
#4609=ORIENTED_EDGE('',*,*,#3445,.T.);
#4610=ORIENTED_EDGE('',*,*,#3471,.T.);
#4611=ORIENTED_EDGE('',*,*,#3468,.F.);
#4612=ORIENTED_EDGE('',*,*,#3471,.F.);
#4613=ORIENTED_EDGE('',*,*,#3444,.F.);
#4614=ORIENTED_EDGE('',*,*,#3441,.F.);
#4615=ORIENTED_EDGE('',*,*,#3438,.F.);
#4616=ORIENTED_EDGE('',*,*,#3435,.F.);
#4617=ORIENTED_EDGE('',*,*,#3432,.F.);
#4618=ORIENTED_EDGE('',*,*,#3429,.F.);
#4619=ORIENTED_EDGE('',*,*,#3426,.F.);
#4620=ORIENTED_EDGE('',*,*,#3423,.F.);
#4621=ORIENTED_EDGE('',*,*,#3420,.F.);
#4622=ORIENTED_EDGE('',*,*,#3417,.F.);
#4623=ORIENTED_EDGE('',*,*,#3448,.F.);
#4624=ORIENTED_EDGE('',*,*,#3451,.F.);
#4625=ORIENTED_EDGE('',*,*,#3454,.F.);
#4626=ORIENTED_EDGE('',*,*,#3457,.F.);
#4627=ORIENTED_EDGE('',*,*,#3460,.F.);
#4628=ORIENTED_EDGE('',*,*,#3463,.F.);
#4629=ORIENTED_EDGE('',*,*,#3466,.F.);
#4630=ORIENTED_EDGE('',*,*,#3469,.F.);
#4631=ORIENTED_EDGE('',*,*,#3472,.F.);
#4632=ORIENTED_EDGE('',*,*,#3473,.T.);
#4633=ORIENTED_EDGE('',*,*,#3474,.T.);
#4634=ORIENTED_EDGE('',*,*,#3475,.F.);
#4635=ORIENTED_EDGE('',*,*,#3476,.F.);
#4636=ORIENTED_EDGE('',*,*,#3475,.T.);
#4637=ORIENTED_EDGE('',*,*,#3477,.T.);
#4638=ORIENTED_EDGE('',*,*,#3478,.F.);
#4639=ORIENTED_EDGE('',*,*,#3479,.F.);
#4640=ORIENTED_EDGE('',*,*,#3478,.T.);
#4641=ORIENTED_EDGE('',*,*,#3480,.T.);
#4642=ORIENTED_EDGE('',*,*,#3481,.F.);
#4643=ORIENTED_EDGE('',*,*,#3482,.F.);
#4644=ORIENTED_EDGE('',*,*,#3481,.T.);
#4645=ORIENTED_EDGE('',*,*,#3483,.T.);
#4646=ORIENTED_EDGE('',*,*,#3484,.F.);
#4647=ORIENTED_EDGE('',*,*,#3485,.F.);
#4648=ORIENTED_EDGE('',*,*,#3486,.T.);
#4649=ORIENTED_EDGE('',*,*,#3487,.T.);
#4650=ORIENTED_EDGE('',*,*,#3473,.F.);
#4651=ORIENTED_EDGE('',*,*,#3488,.F.);
#4652=ORIENTED_EDGE('',*,*,#3484,.T.);
#4653=ORIENTED_EDGE('',*,*,#3489,.T.);
#4654=ORIENTED_EDGE('',*,*,#3486,.F.);
#4655=ORIENTED_EDGE('',*,*,#3489,.F.);
#4656=ORIENTED_EDGE('',*,*,#3483,.F.);
#4657=ORIENTED_EDGE('',*,*,#3480,.F.);
#4658=ORIENTED_EDGE('',*,*,#3477,.F.);
#4659=ORIENTED_EDGE('',*,*,#3474,.F.);
#4660=ORIENTED_EDGE('',*,*,#3487,.F.);
#4661=ORIENTED_EDGE('',*,*,#3490,.F.);
#4662=ORIENTED_EDGE('',*,*,#3491,.T.);
#4663=ORIENTED_EDGE('',*,*,#3492,.T.);
#4664=ORIENTED_EDGE('',*,*,#3493,.F.);
#4665=ORIENTED_EDGE('',*,*,#3494,.F.);
#4666=ORIENTED_EDGE('',*,*,#3493,.T.);
#4667=ORIENTED_EDGE('',*,*,#3495,.T.);
#4668=ORIENTED_EDGE('',*,*,#3496,.F.);
#4669=ORIENTED_EDGE('',*,*,#3497,.F.);
#4670=ORIENTED_EDGE('',*,*,#3496,.T.);
#4671=ORIENTED_EDGE('',*,*,#3498,.T.);
#4672=ORIENTED_EDGE('',*,*,#3499,.F.);
#4673=ORIENTED_EDGE('',*,*,#3500,.F.);
#4674=ORIENTED_EDGE('',*,*,#3499,.T.);
#4675=ORIENTED_EDGE('',*,*,#3501,.T.);
#4676=ORIENTED_EDGE('',*,*,#3502,.F.);
#4677=ORIENTED_EDGE('',*,*,#3503,.F.);
#4678=ORIENTED_EDGE('',*,*,#3502,.T.);
#4679=ORIENTED_EDGE('',*,*,#3504,.T.);
#4680=ORIENTED_EDGE('',*,*,#3505,.F.);
#4681=ORIENTED_EDGE('',*,*,#3506,.F.);
#4682=ORIENTED_EDGE('',*,*,#3505,.T.);
#4683=ORIENTED_EDGE('',*,*,#3507,.T.);
#4684=ORIENTED_EDGE('',*,*,#3508,.F.);
#4685=ORIENTED_EDGE('',*,*,#3509,.F.);
#4686=ORIENTED_EDGE('',*,*,#3508,.T.);
#4687=ORIENTED_EDGE('',*,*,#3510,.T.);
#4688=ORIENTED_EDGE('',*,*,#3511,.F.);
#4689=ORIENTED_EDGE('',*,*,#3512,.F.);
#4690=ORIENTED_EDGE('',*,*,#3513,.T.);
#4691=ORIENTED_EDGE('',*,*,#3514,.T.);
#4692=ORIENTED_EDGE('',*,*,#3491,.F.);
#4693=ORIENTED_EDGE('',*,*,#3515,.F.);
#4694=ORIENTED_EDGE('',*,*,#3516,.T.);
#4695=ORIENTED_EDGE('',*,*,#3517,.T.);
#4696=ORIENTED_EDGE('',*,*,#3513,.F.);
#4697=ORIENTED_EDGE('',*,*,#3518,.F.);
#4698=ORIENTED_EDGE('',*,*,#3519,.T.);
#4699=ORIENTED_EDGE('',*,*,#3520,.T.);
#4700=ORIENTED_EDGE('',*,*,#3516,.F.);
#4701=ORIENTED_EDGE('',*,*,#3521,.F.);
#4702=ORIENTED_EDGE('',*,*,#3522,.T.);
#4703=ORIENTED_EDGE('',*,*,#3523,.T.);
#4704=ORIENTED_EDGE('',*,*,#3519,.F.);
#4705=ORIENTED_EDGE('',*,*,#3524,.F.);
#4706=ORIENTED_EDGE('',*,*,#3525,.T.);
#4707=ORIENTED_EDGE('',*,*,#3526,.T.);
#4708=ORIENTED_EDGE('',*,*,#3522,.F.);
#4709=ORIENTED_EDGE('',*,*,#3527,.F.);
#4710=ORIENTED_EDGE('',*,*,#3511,.T.);
#4711=ORIENTED_EDGE('',*,*,#3528,.T.);
#4712=ORIENTED_EDGE('',*,*,#3525,.F.);
#4713=ORIENTED_EDGE('',*,*,#3528,.F.);
#4714=ORIENTED_EDGE('',*,*,#3510,.F.);
#4715=ORIENTED_EDGE('',*,*,#3507,.F.);
#4716=ORIENTED_EDGE('',*,*,#3504,.F.);
#4717=ORIENTED_EDGE('',*,*,#3501,.F.);
#4718=ORIENTED_EDGE('',*,*,#3498,.F.);
#4719=ORIENTED_EDGE('',*,*,#3495,.F.);
#4720=ORIENTED_EDGE('',*,*,#3492,.F.);
#4721=ORIENTED_EDGE('',*,*,#3514,.F.);
#4722=ORIENTED_EDGE('',*,*,#3517,.F.);
#4723=ORIENTED_EDGE('',*,*,#3520,.F.);
#4724=ORIENTED_EDGE('',*,*,#3523,.F.);
#4725=ORIENTED_EDGE('',*,*,#3526,.F.);
#4726=ORIENTED_EDGE('',*,*,#3529,.F.);
#4727=ORIENTED_EDGE('',*,*,#3530,.T.);
#4728=ORIENTED_EDGE('',*,*,#3531,.T.);
#4729=ORIENTED_EDGE('',*,*,#3532,.F.);
#4730=ORIENTED_EDGE('',*,*,#3533,.F.);
#4731=ORIENTED_EDGE('',*,*,#3532,.T.);
#4732=ORIENTED_EDGE('',*,*,#3534,.T.);
#4733=ORIENTED_EDGE('',*,*,#3535,.F.);
#4734=ORIENTED_EDGE('',*,*,#3536,.F.);
#4735=ORIENTED_EDGE('',*,*,#3535,.T.);
#4736=ORIENTED_EDGE('',*,*,#3537,.T.);
#4737=ORIENTED_EDGE('',*,*,#3538,.F.);
#4738=ORIENTED_EDGE('',*,*,#3539,.F.);
#4739=ORIENTED_EDGE('',*,*,#3538,.T.);
#4740=ORIENTED_EDGE('',*,*,#3540,.T.);
#4741=ORIENTED_EDGE('',*,*,#3530,.F.);
#4742=ORIENTED_EDGE('',*,*,#3540,.F.);
#4743=ORIENTED_EDGE('',*,*,#3537,.F.);
#4744=ORIENTED_EDGE('',*,*,#3534,.F.);
#4745=ORIENTED_EDGE('',*,*,#3531,.F.);
#4746=ORIENTED_EDGE('',*,*,#3541,.F.);
#4747=ORIENTED_EDGE('',*,*,#3542,.T.);
#4748=ORIENTED_EDGE('',*,*,#3543,.T.);
#4749=ORIENTED_EDGE('',*,*,#3544,.F.);
#4750=ORIENTED_EDGE('',*,*,#3545,.F.);
#4751=ORIENTED_EDGE('',*,*,#3544,.T.);
#4752=ORIENTED_EDGE('',*,*,#3546,.T.);
#4753=ORIENTED_EDGE('',*,*,#3547,.F.);
#4754=ORIENTED_EDGE('',*,*,#3548,.F.);
#4755=ORIENTED_EDGE('',*,*,#3547,.T.);
#4756=ORIENTED_EDGE('',*,*,#3549,.T.);
#4757=ORIENTED_EDGE('',*,*,#3550,.F.);
#4758=ORIENTED_EDGE('',*,*,#3551,.F.);
#4759=ORIENTED_EDGE('',*,*,#3550,.T.);
#4760=ORIENTED_EDGE('',*,*,#3552,.T.);
#4761=ORIENTED_EDGE('',*,*,#3542,.F.);
#4762=ORIENTED_EDGE('',*,*,#3552,.F.);
#4763=ORIENTED_EDGE('',*,*,#3549,.F.);
#4764=ORIENTED_EDGE('',*,*,#3546,.F.);
#4765=ORIENTED_EDGE('',*,*,#3543,.F.);
#4766=ORIENTED_EDGE('',*,*,#3553,.F.);
#4767=ORIENTED_EDGE('',*,*,#3554,.T.);
#4768=ORIENTED_EDGE('',*,*,#3555,.T.);
#4769=ORIENTED_EDGE('',*,*,#3556,.F.);
#4770=ORIENTED_EDGE('',*,*,#3557,.F.);
#4771=ORIENTED_EDGE('',*,*,#3556,.T.);
#4772=ORIENTED_EDGE('',*,*,#3558,.T.);
#4773=ORIENTED_EDGE('',*,*,#3559,.F.);
#4774=ORIENTED_EDGE('',*,*,#3560,.F.);
#4775=ORIENTED_EDGE('',*,*,#3559,.T.);
#4776=ORIENTED_EDGE('',*,*,#3561,.T.);
#4777=ORIENTED_EDGE('',*,*,#3562,.F.);
#4778=ORIENTED_EDGE('',*,*,#3563,.F.);
#4779=ORIENTED_EDGE('',*,*,#3562,.T.);
#4780=ORIENTED_EDGE('',*,*,#3564,.T.);
#4781=ORIENTED_EDGE('',*,*,#3565,.F.);
#4782=ORIENTED_EDGE('',*,*,#3566,.F.);
#4783=ORIENTED_EDGE('',*,*,#3565,.T.);
#4784=ORIENTED_EDGE('',*,*,#3567,.T.);
#4785=ORIENTED_EDGE('',*,*,#3568,.F.);
#4786=ORIENTED_EDGE('',*,*,#3569,.F.);
#4787=ORIENTED_EDGE('',*,*,#3568,.T.);
#4788=ORIENTED_EDGE('',*,*,#3570,.T.);
#4789=ORIENTED_EDGE('',*,*,#3571,.F.);
#4790=ORIENTED_EDGE('',*,*,#3572,.F.);
#4791=ORIENTED_EDGE('',*,*,#3571,.T.);
#4792=ORIENTED_EDGE('',*,*,#3573,.T.);
#4793=ORIENTED_EDGE('',*,*,#3574,.F.);
#4794=ORIENTED_EDGE('',*,*,#3575,.F.);
#4795=ORIENTED_EDGE('',*,*,#3574,.T.);
#4796=ORIENTED_EDGE('',*,*,#3576,.T.);
#4797=ORIENTED_EDGE('',*,*,#3577,.F.);
#4798=ORIENTED_EDGE('',*,*,#3578,.F.);
#4799=ORIENTED_EDGE('',*,*,#3577,.T.);
#4800=ORIENTED_EDGE('',*,*,#3579,.T.);
#4801=ORIENTED_EDGE('',*,*,#3580,.F.);
#4802=ORIENTED_EDGE('',*,*,#3581,.F.);
#4803=ORIENTED_EDGE('',*,*,#3580,.T.);
#4804=ORIENTED_EDGE('',*,*,#3582,.T.);
#4805=ORIENTED_EDGE('',*,*,#3583,.F.);
#4806=ORIENTED_EDGE('',*,*,#3584,.F.);
#4807=ORIENTED_EDGE('',*,*,#3583,.T.);
#4808=ORIENTED_EDGE('',*,*,#3585,.T.);
#4809=ORIENTED_EDGE('',*,*,#3586,.F.);
#4810=ORIENTED_EDGE('',*,*,#3587,.F.);
#4811=ORIENTED_EDGE('',*,*,#3588,.T.);
#4812=ORIENTED_EDGE('',*,*,#3589,.T.);
#4813=ORIENTED_EDGE('',*,*,#3554,.F.);
#4814=ORIENTED_EDGE('',*,*,#3590,.F.);
#4815=ORIENTED_EDGE('',*,*,#3591,.T.);
#4816=ORIENTED_EDGE('',*,*,#3592,.T.);
#4817=ORIENTED_EDGE('',*,*,#3588,.F.);
#4818=ORIENTED_EDGE('',*,*,#3593,.F.);
#4819=ORIENTED_EDGE('',*,*,#3594,.T.);
#4820=ORIENTED_EDGE('',*,*,#3595,.T.);
#4821=ORIENTED_EDGE('',*,*,#3591,.F.);
#4822=ORIENTED_EDGE('',*,*,#3596,.F.);
#4823=ORIENTED_EDGE('',*,*,#3597,.T.);
#4824=ORIENTED_EDGE('',*,*,#3598,.T.);
#4825=ORIENTED_EDGE('',*,*,#3594,.F.);
#4826=ORIENTED_EDGE('',*,*,#3599,.F.);
#4827=ORIENTED_EDGE('',*,*,#3600,.T.);
#4828=ORIENTED_EDGE('',*,*,#3601,.T.);
#4829=ORIENTED_EDGE('',*,*,#3597,.F.);
#4830=ORIENTED_EDGE('',*,*,#3602,.F.);
#4831=ORIENTED_EDGE('',*,*,#3603,.T.);
#4832=ORIENTED_EDGE('',*,*,#3604,.T.);
#4833=ORIENTED_EDGE('',*,*,#3600,.F.);
#4834=ORIENTED_EDGE('',*,*,#3605,.F.);
#4835=ORIENTED_EDGE('',*,*,#3606,.T.);
#4836=ORIENTED_EDGE('',*,*,#3607,.T.);
#4837=ORIENTED_EDGE('',*,*,#3603,.F.);
#4838=ORIENTED_EDGE('',*,*,#3608,.F.);
#4839=ORIENTED_EDGE('',*,*,#3609,.T.);
#4840=ORIENTED_EDGE('',*,*,#3610,.T.);
#4841=ORIENTED_EDGE('',*,*,#3606,.F.);
#4842=ORIENTED_EDGE('',*,*,#3611,.F.);
#4843=ORIENTED_EDGE('',*,*,#3586,.T.);
#4844=ORIENTED_EDGE('',*,*,#3612,.T.);
#4845=ORIENTED_EDGE('',*,*,#3609,.F.);
#4846=ORIENTED_EDGE('',*,*,#3612,.F.);
#4847=ORIENTED_EDGE('',*,*,#3585,.F.);
#4848=ORIENTED_EDGE('',*,*,#3582,.F.);
#4849=ORIENTED_EDGE('',*,*,#3579,.F.);
#4850=ORIENTED_EDGE('',*,*,#3576,.F.);
#4851=ORIENTED_EDGE('',*,*,#3573,.F.);
#4852=ORIENTED_EDGE('',*,*,#3570,.F.);
#4853=ORIENTED_EDGE('',*,*,#3567,.F.);
#4854=ORIENTED_EDGE('',*,*,#3564,.F.);
#4855=ORIENTED_EDGE('',*,*,#3561,.F.);
#4856=ORIENTED_EDGE('',*,*,#3558,.F.);
#4857=ORIENTED_EDGE('',*,*,#3555,.F.);
#4858=ORIENTED_EDGE('',*,*,#3589,.F.);
#4859=ORIENTED_EDGE('',*,*,#3592,.F.);
#4860=ORIENTED_EDGE('',*,*,#3595,.F.);
#4861=ORIENTED_EDGE('',*,*,#3598,.F.);
#4862=ORIENTED_EDGE('',*,*,#3601,.F.);
#4863=ORIENTED_EDGE('',*,*,#3604,.F.);
#4864=ORIENTED_EDGE('',*,*,#3607,.F.);
#4865=ORIENTED_EDGE('',*,*,#3610,.F.);
#4866=ORIENTED_EDGE('',*,*,#3613,.F.);
#4867=ORIENTED_EDGE('',*,*,#3614,.T.);
#4868=ORIENTED_EDGE('',*,*,#3615,.T.);
#4869=ORIENTED_EDGE('',*,*,#3616,.F.);
#4870=ORIENTED_EDGE('',*,*,#3617,.F.);
#4871=ORIENTED_EDGE('',*,*,#3616,.T.);
#4872=ORIENTED_EDGE('',*,*,#3618,.T.);
#4873=ORIENTED_EDGE('',*,*,#3619,.F.);
#4874=ORIENTED_EDGE('',*,*,#3620,.F.);
#4875=ORIENTED_EDGE('',*,*,#3619,.T.);
#4876=ORIENTED_EDGE('',*,*,#3621,.T.);
#4877=ORIENTED_EDGE('',*,*,#3622,.F.);
#4878=ORIENTED_EDGE('',*,*,#3623,.F.);
#4879=ORIENTED_EDGE('',*,*,#3622,.T.);
#4880=ORIENTED_EDGE('',*,*,#3624,.T.);
#4881=ORIENTED_EDGE('',*,*,#3614,.F.);
#4882=ORIENTED_EDGE('',*,*,#3624,.F.);
#4883=ORIENTED_EDGE('',*,*,#3621,.F.);
#4884=ORIENTED_EDGE('',*,*,#3618,.F.);
#4885=ORIENTED_EDGE('',*,*,#3615,.F.);
#4886=ORIENTED_EDGE('',*,*,#3625,.F.);
#4887=ORIENTED_EDGE('',*,*,#3626,.T.);
#4888=ORIENTED_EDGE('',*,*,#3627,.T.);
#4889=ORIENTED_EDGE('',*,*,#3628,.F.);
#4890=ORIENTED_EDGE('',*,*,#3629,.F.);
#4891=ORIENTED_EDGE('',*,*,#3628,.T.);
#4892=ORIENTED_EDGE('',*,*,#3630,.T.);
#4893=ORIENTED_EDGE('',*,*,#3631,.F.);
#4894=ORIENTED_EDGE('',*,*,#3632,.F.);
#4895=ORIENTED_EDGE('',*,*,#3631,.T.);
#4896=ORIENTED_EDGE('',*,*,#3633,.T.);
#4897=ORIENTED_EDGE('',*,*,#3634,.F.);
#4898=ORIENTED_EDGE('',*,*,#3635,.F.);
#4899=ORIENTED_EDGE('',*,*,#3634,.T.);
#4900=ORIENTED_EDGE('',*,*,#3636,.T.);
#4901=ORIENTED_EDGE('',*,*,#3637,.F.);
#4902=ORIENTED_EDGE('',*,*,#3638,.F.);
#4903=ORIENTED_EDGE('',*,*,#3637,.T.);
#4904=ORIENTED_EDGE('',*,*,#3639,.T.);
#4905=ORIENTED_EDGE('',*,*,#3640,.F.);
#4906=ORIENTED_EDGE('',*,*,#3641,.F.);
#4907=ORIENTED_EDGE('',*,*,#3640,.T.);
#4908=ORIENTED_EDGE('',*,*,#3642,.T.);
#4909=ORIENTED_EDGE('',*,*,#3643,.F.);
#4910=ORIENTED_EDGE('',*,*,#3644,.F.);
#4911=ORIENTED_EDGE('',*,*,#3643,.T.);
#4912=ORIENTED_EDGE('',*,*,#3645,.T.);
#4913=ORIENTED_EDGE('',*,*,#3646,.F.);
#4914=ORIENTED_EDGE('',*,*,#3647,.F.);
#4915=ORIENTED_EDGE('',*,*,#3648,.T.);
#4916=ORIENTED_EDGE('',*,*,#3649,.T.);
#4917=ORIENTED_EDGE('',*,*,#3626,.F.);
#4918=ORIENTED_EDGE('',*,*,#3650,.F.);
#4919=ORIENTED_EDGE('',*,*,#3651,.T.);
#4920=ORIENTED_EDGE('',*,*,#3652,.T.);
#4921=ORIENTED_EDGE('',*,*,#3648,.F.);
#4922=ORIENTED_EDGE('',*,*,#3653,.F.);
#4923=ORIENTED_EDGE('',*,*,#3654,.T.);
#4924=ORIENTED_EDGE('',*,*,#3655,.T.);
#4925=ORIENTED_EDGE('',*,*,#3651,.F.);
#4926=ORIENTED_EDGE('',*,*,#3656,.F.);
#4927=ORIENTED_EDGE('',*,*,#3657,.T.);
#4928=ORIENTED_EDGE('',*,*,#3658,.T.);
#4929=ORIENTED_EDGE('',*,*,#3654,.F.);
#4930=ORIENTED_EDGE('',*,*,#3659,.F.);
#4931=ORIENTED_EDGE('',*,*,#3646,.T.);
#4932=ORIENTED_EDGE('',*,*,#3660,.T.);
#4933=ORIENTED_EDGE('',*,*,#3657,.F.);
#4934=ORIENTED_EDGE('',*,*,#3660,.F.);
#4935=ORIENTED_EDGE('',*,*,#3645,.F.);
#4936=ORIENTED_EDGE('',*,*,#3642,.F.);
#4937=ORIENTED_EDGE('',*,*,#3639,.F.);
#4938=ORIENTED_EDGE('',*,*,#3636,.F.);
#4939=ORIENTED_EDGE('',*,*,#3633,.F.);
#4940=ORIENTED_EDGE('',*,*,#3630,.F.);
#4941=ORIENTED_EDGE('',*,*,#3627,.F.);
#4942=ORIENTED_EDGE('',*,*,#3649,.F.);
#4943=ORIENTED_EDGE('',*,*,#3652,.F.);
#4944=ORIENTED_EDGE('',*,*,#3655,.F.);
#4945=ORIENTED_EDGE('',*,*,#3658,.F.);
#4946=ORIENTED_EDGE('',*,*,#3661,.F.);
#4947=ORIENTED_EDGE('',*,*,#3662,.T.);
#4948=ORIENTED_EDGE('',*,*,#3663,.T.);
#4949=ORIENTED_EDGE('',*,*,#3664,.F.);
#4950=ORIENTED_EDGE('',*,*,#3665,.F.);
#4951=ORIENTED_EDGE('',*,*,#3664,.T.);
#4952=ORIENTED_EDGE('',*,*,#3666,.T.);
#4953=ORIENTED_EDGE('',*,*,#3667,.F.);
#4954=ORIENTED_EDGE('',*,*,#3668,.F.);
#4955=ORIENTED_EDGE('',*,*,#3667,.T.);
#4956=ORIENTED_EDGE('',*,*,#3669,.T.);
#4957=ORIENTED_EDGE('',*,*,#3670,.F.);
#4958=ORIENTED_EDGE('',*,*,#3671,.F.);
#4959=ORIENTED_EDGE('',*,*,#3670,.T.);
#4960=ORIENTED_EDGE('',*,*,#3672,.T.);
#4961=ORIENTED_EDGE('',*,*,#3662,.F.);
#4962=ORIENTED_EDGE('',*,*,#3672,.F.);
#4963=ORIENTED_EDGE('',*,*,#3669,.F.);
#4964=ORIENTED_EDGE('',*,*,#3666,.F.);
#4965=ORIENTED_EDGE('',*,*,#3663,.F.);
#4966=ORIENTED_EDGE('',*,*,#3673,.F.);
#4967=ORIENTED_EDGE('',*,*,#3674,.T.);
#4968=ORIENTED_EDGE('',*,*,#3675,.T.);
#4969=ORIENTED_EDGE('',*,*,#3676,.F.);
#4970=ORIENTED_EDGE('',*,*,#3677,.F.);
#4971=ORIENTED_EDGE('',*,*,#3676,.T.);
#4972=ORIENTED_EDGE('',*,*,#3678,.T.);
#4973=ORIENTED_EDGE('',*,*,#3679,.F.);
#4974=ORIENTED_EDGE('',*,*,#3680,.F.);
#4975=ORIENTED_EDGE('',*,*,#3679,.T.);
#4976=ORIENTED_EDGE('',*,*,#3681,.T.);
#4977=ORIENTED_EDGE('',*,*,#3682,.F.);
#4978=ORIENTED_EDGE('',*,*,#3683,.F.);
#4979=ORIENTED_EDGE('',*,*,#3682,.T.);
#4980=ORIENTED_EDGE('',*,*,#3684,.T.);
#4981=ORIENTED_EDGE('',*,*,#3685,.F.);
#4982=ORIENTED_EDGE('',*,*,#3686,.F.);
#4983=ORIENTED_EDGE('',*,*,#3685,.T.);
#4984=ORIENTED_EDGE('',*,*,#3687,.T.);
#4985=ORIENTED_EDGE('',*,*,#3688,.F.);
#4986=ORIENTED_EDGE('',*,*,#3689,.F.);
#4987=ORIENTED_EDGE('',*,*,#3688,.T.);
#4988=ORIENTED_EDGE('',*,*,#3690,.T.);
#4989=ORIENTED_EDGE('',*,*,#3691,.F.);
#4990=ORIENTED_EDGE('',*,*,#3692,.F.);
#4991=ORIENTED_EDGE('',*,*,#3691,.T.);
#4992=ORIENTED_EDGE('',*,*,#3693,.T.);
#4993=ORIENTED_EDGE('',*,*,#3694,.F.);
#4994=ORIENTED_EDGE('',*,*,#3695,.F.);
#4995=ORIENTED_EDGE('',*,*,#3694,.T.);
#4996=ORIENTED_EDGE('',*,*,#3696,.T.);
#4997=ORIENTED_EDGE('',*,*,#3697,.F.);
#4998=ORIENTED_EDGE('',*,*,#3698,.F.);
#4999=ORIENTED_EDGE('',*,*,#3697,.T.);
#5000=ORIENTED_EDGE('',*,*,#3699,.T.);
#5001=ORIENTED_EDGE('',*,*,#3700,.F.);
#5002=ORIENTED_EDGE('',*,*,#3701,.F.);
#5003=ORIENTED_EDGE('',*,*,#3700,.T.);
#5004=ORIENTED_EDGE('',*,*,#3702,.T.);
#5005=ORIENTED_EDGE('',*,*,#3703,.F.);
#5006=ORIENTED_EDGE('',*,*,#3704,.F.);
#5007=ORIENTED_EDGE('',*,*,#3703,.T.);
#5008=ORIENTED_EDGE('',*,*,#3705,.T.);
#5009=ORIENTED_EDGE('',*,*,#3706,.F.);
#5010=ORIENTED_EDGE('',*,*,#3707,.F.);
#5011=ORIENTED_EDGE('',*,*,#3706,.T.);
#5012=ORIENTED_EDGE('',*,*,#3708,.T.);
#5013=ORIENTED_EDGE('',*,*,#3709,.F.);
#5014=ORIENTED_EDGE('',*,*,#3710,.F.);
#5015=ORIENTED_EDGE('',*,*,#3711,.T.);
#5016=ORIENTED_EDGE('',*,*,#3712,.T.);
#5017=ORIENTED_EDGE('',*,*,#3674,.F.);
#5018=ORIENTED_EDGE('',*,*,#3713,.F.);
#5019=ORIENTED_EDGE('',*,*,#3714,.T.);
#5020=ORIENTED_EDGE('',*,*,#3715,.T.);
#5021=ORIENTED_EDGE('',*,*,#3711,.F.);
#5022=ORIENTED_EDGE('',*,*,#3716,.F.);
#5023=ORIENTED_EDGE('',*,*,#3717,.T.);
#5024=ORIENTED_EDGE('',*,*,#3718,.T.);
#5025=ORIENTED_EDGE('',*,*,#3714,.F.);
#5026=ORIENTED_EDGE('',*,*,#3719,.F.);
#5027=ORIENTED_EDGE('',*,*,#3720,.T.);
#5028=ORIENTED_EDGE('',*,*,#3721,.T.);
#5029=ORIENTED_EDGE('',*,*,#3717,.F.);
#5030=ORIENTED_EDGE('',*,*,#3722,.F.);
#5031=ORIENTED_EDGE('',*,*,#3723,.T.);
#5032=ORIENTED_EDGE('',*,*,#3724,.T.);
#5033=ORIENTED_EDGE('',*,*,#3720,.F.);
#5034=ORIENTED_EDGE('',*,*,#3725,.F.);
#5035=ORIENTED_EDGE('',*,*,#3726,.T.);
#5036=ORIENTED_EDGE('',*,*,#3727,.T.);
#5037=ORIENTED_EDGE('',*,*,#3723,.F.);
#5038=ORIENTED_EDGE('',*,*,#3728,.F.);
#5039=ORIENTED_EDGE('',*,*,#3729,.T.);
#5040=ORIENTED_EDGE('',*,*,#3730,.T.);
#5041=ORIENTED_EDGE('',*,*,#3726,.F.);
#5042=ORIENTED_EDGE('',*,*,#3731,.F.);
#5043=ORIENTED_EDGE('',*,*,#3732,.T.);
#5044=ORIENTED_EDGE('',*,*,#3733,.T.);
#5045=ORIENTED_EDGE('',*,*,#3729,.F.);
#5046=ORIENTED_EDGE('',*,*,#3734,.F.);
#5047=ORIENTED_EDGE('',*,*,#3735,.T.);
#5048=ORIENTED_EDGE('',*,*,#3736,.T.);
#5049=ORIENTED_EDGE('',*,*,#3732,.F.);
#5050=ORIENTED_EDGE('',*,*,#3737,.F.);
#5051=ORIENTED_EDGE('',*,*,#3709,.T.);
#5052=ORIENTED_EDGE('',*,*,#3738,.T.);
#5053=ORIENTED_EDGE('',*,*,#3735,.F.);
#5054=ORIENTED_EDGE('',*,*,#3738,.F.);
#5055=ORIENTED_EDGE('',*,*,#3708,.F.);
#5056=ORIENTED_EDGE('',*,*,#3705,.F.);
#5057=ORIENTED_EDGE('',*,*,#3702,.F.);
#5058=ORIENTED_EDGE('',*,*,#3699,.F.);
#5059=ORIENTED_EDGE('',*,*,#3696,.F.);
#5060=ORIENTED_EDGE('',*,*,#3693,.F.);
#5061=ORIENTED_EDGE('',*,*,#3690,.F.);
#5062=ORIENTED_EDGE('',*,*,#3687,.F.);
#5063=ORIENTED_EDGE('',*,*,#3684,.F.);
#5064=ORIENTED_EDGE('',*,*,#3681,.F.);
#5065=ORIENTED_EDGE('',*,*,#3678,.F.);
#5066=ORIENTED_EDGE('',*,*,#3675,.F.);
#5067=ORIENTED_EDGE('',*,*,#3712,.F.);
#5068=ORIENTED_EDGE('',*,*,#3715,.F.);
#5069=ORIENTED_EDGE('',*,*,#3718,.F.);
#5070=ORIENTED_EDGE('',*,*,#3721,.F.);
#5071=ORIENTED_EDGE('',*,*,#3724,.F.);
#5072=ORIENTED_EDGE('',*,*,#3727,.F.);
#5073=ORIENTED_EDGE('',*,*,#3730,.F.);
#5074=ORIENTED_EDGE('',*,*,#3733,.F.);
#5075=ORIENTED_EDGE('',*,*,#3736,.F.);
#5076=ORIENTED_EDGE('',*,*,#3739,.F.);
#5077=ORIENTED_EDGE('',*,*,#3740,.T.);
#5078=ORIENTED_EDGE('',*,*,#3741,.T.);
#5079=ORIENTED_EDGE('',*,*,#3742,.F.);
#5080=ORIENTED_EDGE('',*,*,#3743,.F.);
#5081=ORIENTED_EDGE('',*,*,#3742,.T.);
#5082=ORIENTED_EDGE('',*,*,#3744,.T.);
#5083=ORIENTED_EDGE('',*,*,#3745,.F.);
#5084=ORIENTED_EDGE('',*,*,#3746,.F.);
#5085=ORIENTED_EDGE('',*,*,#3745,.T.);
#5086=ORIENTED_EDGE('',*,*,#3747,.T.);
#5087=ORIENTED_EDGE('',*,*,#3748,.F.);
#5088=ORIENTED_EDGE('',*,*,#3749,.F.);
#5089=ORIENTED_EDGE('',*,*,#3748,.T.);
#5090=ORIENTED_EDGE('',*,*,#3750,.T.);
#5091=ORIENTED_EDGE('',*,*,#3751,.F.);
#5092=ORIENTED_EDGE('',*,*,#3752,.F.);
#5093=ORIENTED_EDGE('',*,*,#3751,.T.);
#5094=ORIENTED_EDGE('',*,*,#3753,.T.);
#5095=ORIENTED_EDGE('',*,*,#3754,.F.);
#5096=ORIENTED_EDGE('',*,*,#3755,.F.);
#5097=ORIENTED_EDGE('',*,*,#3754,.T.);
#5098=ORIENTED_EDGE('',*,*,#3756,.T.);
#5099=ORIENTED_EDGE('',*,*,#3757,.F.);
#5100=ORIENTED_EDGE('',*,*,#3758,.F.);
#5101=ORIENTED_EDGE('',*,*,#3757,.T.);
#5102=ORIENTED_EDGE('',*,*,#3759,.T.);
#5103=ORIENTED_EDGE('',*,*,#3760,.F.);
#5104=ORIENTED_EDGE('',*,*,#3761,.F.);
#5105=ORIENTED_EDGE('',*,*,#3760,.T.);
#5106=ORIENTED_EDGE('',*,*,#3762,.T.);
#5107=ORIENTED_EDGE('',*,*,#3763,.F.);
#5108=ORIENTED_EDGE('',*,*,#3764,.F.);
#5109=ORIENTED_EDGE('',*,*,#3763,.T.);
#5110=ORIENTED_EDGE('',*,*,#3765,.T.);
#5111=ORIENTED_EDGE('',*,*,#3766,.F.);
#5112=ORIENTED_EDGE('',*,*,#3767,.F.);
#5113=ORIENTED_EDGE('',*,*,#3766,.T.);
#5114=ORIENTED_EDGE('',*,*,#3768,.T.);
#5115=ORIENTED_EDGE('',*,*,#3769,.F.);
#5116=ORIENTED_EDGE('',*,*,#3770,.F.);
#5117=ORIENTED_EDGE('',*,*,#3769,.T.);
#5118=ORIENTED_EDGE('',*,*,#3771,.T.);
#5119=ORIENTED_EDGE('',*,*,#3772,.F.);
#5120=ORIENTED_EDGE('',*,*,#3773,.F.);
#5121=ORIENTED_EDGE('',*,*,#3772,.T.);
#5122=ORIENTED_EDGE('',*,*,#3774,.T.);
#5123=ORIENTED_EDGE('',*,*,#3775,.F.);
#5124=ORIENTED_EDGE('',*,*,#3776,.F.);
#5125=ORIENTED_EDGE('',*,*,#3775,.T.);
#5126=ORIENTED_EDGE('',*,*,#3777,.T.);
#5127=ORIENTED_EDGE('',*,*,#3778,.F.);
#5128=ORIENTED_EDGE('',*,*,#3779,.F.);
#5129=ORIENTED_EDGE('',*,*,#3778,.T.);
#5130=ORIENTED_EDGE('',*,*,#3780,.T.);
#5131=ORIENTED_EDGE('',*,*,#3781,.F.);
#5132=ORIENTED_EDGE('',*,*,#3782,.F.);
#5133=ORIENTED_EDGE('',*,*,#3781,.T.);
#5134=ORIENTED_EDGE('',*,*,#3783,.T.);
#5135=ORIENTED_EDGE('',*,*,#3784,.F.);
#5136=ORIENTED_EDGE('',*,*,#3785,.F.);
#5137=ORIENTED_EDGE('',*,*,#3784,.T.);
#5138=ORIENTED_EDGE('',*,*,#3786,.T.);
#5139=ORIENTED_EDGE('',*,*,#3787,.F.);
#5140=ORIENTED_EDGE('',*,*,#3788,.F.);
#5141=ORIENTED_EDGE('',*,*,#3787,.T.);
#5142=ORIENTED_EDGE('',*,*,#3789,.T.);
#5143=ORIENTED_EDGE('',*,*,#3790,.F.);
#5144=ORIENTED_EDGE('',*,*,#3791,.F.);
#5145=ORIENTED_EDGE('',*,*,#3790,.T.);
#5146=ORIENTED_EDGE('',*,*,#3792,.T.);
#5147=ORIENTED_EDGE('',*,*,#3793,.F.);
#5148=ORIENTED_EDGE('',*,*,#3794,.F.);
#5149=ORIENTED_EDGE('',*,*,#3793,.T.);
#5150=ORIENTED_EDGE('',*,*,#3795,.T.);
#5151=ORIENTED_EDGE('',*,*,#3796,.F.);
#5152=ORIENTED_EDGE('',*,*,#3797,.F.);
#5153=ORIENTED_EDGE('',*,*,#3798,.T.);
#5154=ORIENTED_EDGE('',*,*,#3799,.T.);
#5155=ORIENTED_EDGE('',*,*,#3740,.F.);
#5156=ORIENTED_EDGE('',*,*,#3800,.F.);
#5157=ORIENTED_EDGE('',*,*,#3801,.T.);
#5158=ORIENTED_EDGE('',*,*,#3802,.T.);
#5159=ORIENTED_EDGE('',*,*,#3798,.F.);
#5160=ORIENTED_EDGE('',*,*,#3803,.F.);
#5161=ORIENTED_EDGE('',*,*,#3804,.T.);
#5162=ORIENTED_EDGE('',*,*,#3805,.T.);
#5163=ORIENTED_EDGE('',*,*,#3801,.F.);
#5164=ORIENTED_EDGE('',*,*,#3806,.F.);
#5165=ORIENTED_EDGE('',*,*,#3807,.T.);
#5166=ORIENTED_EDGE('',*,*,#3808,.T.);
#5167=ORIENTED_EDGE('',*,*,#3804,.F.);
#5168=ORIENTED_EDGE('',*,*,#3809,.F.);
#5169=ORIENTED_EDGE('',*,*,#3810,.T.);
#5170=ORIENTED_EDGE('',*,*,#3811,.T.);
#5171=ORIENTED_EDGE('',*,*,#3807,.F.);
#5172=ORIENTED_EDGE('',*,*,#3812,.F.);
#5173=ORIENTED_EDGE('',*,*,#3813,.T.);
#5174=ORIENTED_EDGE('',*,*,#3814,.T.);
#5175=ORIENTED_EDGE('',*,*,#3810,.F.);
#5176=ORIENTED_EDGE('',*,*,#3815,.F.);
#5177=ORIENTED_EDGE('',*,*,#3816,.T.);
#5178=ORIENTED_EDGE('',*,*,#3817,.T.);
#5179=ORIENTED_EDGE('',*,*,#3813,.F.);
#5180=ORIENTED_EDGE('',*,*,#3818,.F.);
#5181=ORIENTED_EDGE('',*,*,#3819,.T.);
#5182=ORIENTED_EDGE('',*,*,#3820,.T.);
#5183=ORIENTED_EDGE('',*,*,#3816,.F.);
#5184=ORIENTED_EDGE('',*,*,#3821,.F.);
#5185=ORIENTED_EDGE('',*,*,#3822,.T.);
#5186=ORIENTED_EDGE('',*,*,#3823,.T.);
#5187=ORIENTED_EDGE('',*,*,#3819,.F.);
#5188=ORIENTED_EDGE('',*,*,#3824,.F.);
#5189=ORIENTED_EDGE('',*,*,#3825,.T.);
#5190=ORIENTED_EDGE('',*,*,#3826,.T.);
#5191=ORIENTED_EDGE('',*,*,#3822,.F.);
#5192=ORIENTED_EDGE('',*,*,#3827,.F.);
#5193=ORIENTED_EDGE('',*,*,#3828,.T.);
#5194=ORIENTED_EDGE('',*,*,#3829,.T.);
#5195=ORIENTED_EDGE('',*,*,#3825,.F.);
#5196=ORIENTED_EDGE('',*,*,#3830,.F.);
#5197=ORIENTED_EDGE('',*,*,#3831,.T.);
#5198=ORIENTED_EDGE('',*,*,#3832,.T.);
#5199=ORIENTED_EDGE('',*,*,#3828,.F.);
#5200=ORIENTED_EDGE('',*,*,#3833,.F.);
#5201=ORIENTED_EDGE('',*,*,#3834,.T.);
#5202=ORIENTED_EDGE('',*,*,#3835,.T.);
#5203=ORIENTED_EDGE('',*,*,#3831,.F.);
#5204=ORIENTED_EDGE('',*,*,#3836,.F.);
#5205=ORIENTED_EDGE('',*,*,#3837,.T.);
#5206=ORIENTED_EDGE('',*,*,#3838,.T.);
#5207=ORIENTED_EDGE('',*,*,#3834,.F.);
#5208=ORIENTED_EDGE('',*,*,#3839,.F.);
#5209=ORIENTED_EDGE('',*,*,#3840,.T.);
#5210=ORIENTED_EDGE('',*,*,#3841,.T.);
#5211=ORIENTED_EDGE('',*,*,#3837,.F.);
#5212=ORIENTED_EDGE('',*,*,#3842,.F.);
#5213=ORIENTED_EDGE('',*,*,#3843,.T.);
#5214=ORIENTED_EDGE('',*,*,#3844,.T.);
#5215=ORIENTED_EDGE('',*,*,#3840,.F.);
#5216=ORIENTED_EDGE('',*,*,#3845,.F.);
#5217=ORIENTED_EDGE('',*,*,#3846,.T.);
#5218=ORIENTED_EDGE('',*,*,#3847,.T.);
#5219=ORIENTED_EDGE('',*,*,#3843,.F.);
#5220=ORIENTED_EDGE('',*,*,#3848,.F.);
#5221=ORIENTED_EDGE('',*,*,#3796,.T.);
#5222=ORIENTED_EDGE('',*,*,#3849,.T.);
#5223=ORIENTED_EDGE('',*,*,#3846,.F.);
#5224=ORIENTED_EDGE('',*,*,#3849,.F.);
#5225=ORIENTED_EDGE('',*,*,#3795,.F.);
#5226=ORIENTED_EDGE('',*,*,#3792,.F.);
#5227=ORIENTED_EDGE('',*,*,#3789,.F.);
#5228=ORIENTED_EDGE('',*,*,#3786,.F.);
#5229=ORIENTED_EDGE('',*,*,#3783,.F.);
#5230=ORIENTED_EDGE('',*,*,#3780,.F.);
#5231=ORIENTED_EDGE('',*,*,#3777,.F.);
#5232=ORIENTED_EDGE('',*,*,#3774,.F.);
#5233=ORIENTED_EDGE('',*,*,#3771,.F.);
#5234=ORIENTED_EDGE('',*,*,#3768,.F.);
#5235=ORIENTED_EDGE('',*,*,#3765,.F.);
#5236=ORIENTED_EDGE('',*,*,#3762,.F.);
#5237=ORIENTED_EDGE('',*,*,#3759,.F.);
#5238=ORIENTED_EDGE('',*,*,#3756,.F.);
#5239=ORIENTED_EDGE('',*,*,#3753,.F.);
#5240=ORIENTED_EDGE('',*,*,#3750,.F.);
#5241=ORIENTED_EDGE('',*,*,#3747,.F.);
#5242=ORIENTED_EDGE('',*,*,#3744,.F.);
#5243=ORIENTED_EDGE('',*,*,#3741,.F.);
#5244=ORIENTED_EDGE('',*,*,#3799,.F.);
#5245=ORIENTED_EDGE('',*,*,#3802,.F.);
#5246=ORIENTED_EDGE('',*,*,#3805,.F.);
#5247=ORIENTED_EDGE('',*,*,#3808,.F.);
#5248=ORIENTED_EDGE('',*,*,#3811,.F.);
#5249=ORIENTED_EDGE('',*,*,#3814,.F.);
#5250=ORIENTED_EDGE('',*,*,#3817,.F.);
#5251=ORIENTED_EDGE('',*,*,#3820,.F.);
#5252=ORIENTED_EDGE('',*,*,#3823,.F.);
#5253=ORIENTED_EDGE('',*,*,#3826,.F.);
#5254=ORIENTED_EDGE('',*,*,#3829,.F.);
#5255=ORIENTED_EDGE('',*,*,#3832,.F.);
#5256=ORIENTED_EDGE('',*,*,#3835,.F.);
#5257=ORIENTED_EDGE('',*,*,#3838,.F.);
#5258=ORIENTED_EDGE('',*,*,#3841,.F.);
#5259=ORIENTED_EDGE('',*,*,#3844,.F.);
#5260=ORIENTED_EDGE('',*,*,#3847,.F.);
#5261=ORIENTED_EDGE('',*,*,#3850,.F.);
#5262=ORIENTED_EDGE('',*,*,#3851,.T.);
#5263=ORIENTED_EDGE('',*,*,#3852,.T.);
#5264=ORIENTED_EDGE('',*,*,#3853,.F.);
#5265=ORIENTED_EDGE('',*,*,#3854,.F.);
#5266=ORIENTED_EDGE('',*,*,#3853,.T.);
#5267=ORIENTED_EDGE('',*,*,#3855,.T.);
#5268=ORIENTED_EDGE('',*,*,#3856,.F.);
#5269=ORIENTED_EDGE('',*,*,#3857,.F.);
#5270=ORIENTED_EDGE('',*,*,#3856,.T.);
#5271=ORIENTED_EDGE('',*,*,#3858,.T.);
#5272=ORIENTED_EDGE('',*,*,#3859,.F.);
#5273=ORIENTED_EDGE('',*,*,#3860,.F.);
#5274=ORIENTED_EDGE('',*,*,#3859,.T.);
#5275=ORIENTED_EDGE('',*,*,#3861,.T.);
#5276=ORIENTED_EDGE('',*,*,#3862,.F.);
#5277=ORIENTED_EDGE('',*,*,#3863,.F.);
#5278=ORIENTED_EDGE('',*,*,#3862,.T.);
#5279=ORIENTED_EDGE('',*,*,#3864,.T.);
#5280=ORIENTED_EDGE('',*,*,#3865,.F.);
#5281=ORIENTED_EDGE('',*,*,#3866,.F.);
#5282=ORIENTED_EDGE('',*,*,#3865,.T.);
#5283=ORIENTED_EDGE('',*,*,#3867,.T.);
#5284=ORIENTED_EDGE('',*,*,#3868,.F.);
#5285=ORIENTED_EDGE('',*,*,#3869,.F.);
#5286=ORIENTED_EDGE('',*,*,#3868,.T.);
#5287=ORIENTED_EDGE('',*,*,#3870,.T.);
#5288=ORIENTED_EDGE('',*,*,#3871,.F.);
#5289=ORIENTED_EDGE('',*,*,#3872,.F.);
#5290=ORIENTED_EDGE('',*,*,#3871,.T.);
#5291=ORIENTED_EDGE('',*,*,#3873,.T.);
#5292=ORIENTED_EDGE('',*,*,#3874,.F.);
#5293=ORIENTED_EDGE('',*,*,#3875,.F.);
#5294=ORIENTED_EDGE('',*,*,#3874,.T.);
#5295=ORIENTED_EDGE('',*,*,#3876,.T.);
#5296=ORIENTED_EDGE('',*,*,#3877,.F.);
#5297=ORIENTED_EDGE('',*,*,#3878,.F.);
#5298=ORIENTED_EDGE('',*,*,#3877,.T.);
#5299=ORIENTED_EDGE('',*,*,#3879,.T.);
#5300=ORIENTED_EDGE('',*,*,#3880,.F.);
#5301=ORIENTED_EDGE('',*,*,#3881,.F.);
#5302=ORIENTED_EDGE('',*,*,#3880,.T.);
#5303=ORIENTED_EDGE('',*,*,#3882,.T.);
#5304=ORIENTED_EDGE('',*,*,#3883,.F.);
#5305=ORIENTED_EDGE('',*,*,#3884,.F.);
#5306=ORIENTED_EDGE('',*,*,#3883,.T.);
#5307=ORIENTED_EDGE('',*,*,#3885,.T.);
#5308=ORIENTED_EDGE('',*,*,#3886,.F.);
#5309=ORIENTED_EDGE('',*,*,#3887,.F.);
#5310=ORIENTED_EDGE('',*,*,#3888,.T.);
#5311=ORIENTED_EDGE('',*,*,#3889,.T.);
#5312=ORIENTED_EDGE('',*,*,#3851,.F.);
#5313=ORIENTED_EDGE('',*,*,#3890,.F.);
#5314=ORIENTED_EDGE('',*,*,#3891,.T.);
#5315=ORIENTED_EDGE('',*,*,#3892,.T.);
#5316=ORIENTED_EDGE('',*,*,#3888,.F.);
#5317=ORIENTED_EDGE('',*,*,#3893,.F.);
#5318=ORIENTED_EDGE('',*,*,#3894,.T.);
#5319=ORIENTED_EDGE('',*,*,#3895,.T.);
#5320=ORIENTED_EDGE('',*,*,#3891,.F.);
#5321=ORIENTED_EDGE('',*,*,#3896,.F.);
#5322=ORIENTED_EDGE('',*,*,#3897,.T.);
#5323=ORIENTED_EDGE('',*,*,#3898,.T.);
#5324=ORIENTED_EDGE('',*,*,#3894,.F.);
#5325=ORIENTED_EDGE('',*,*,#3899,.F.);
#5326=ORIENTED_EDGE('',*,*,#3900,.T.);
#5327=ORIENTED_EDGE('',*,*,#3901,.T.);
#5328=ORIENTED_EDGE('',*,*,#3897,.F.);
#5329=ORIENTED_EDGE('',*,*,#3902,.F.);
#5330=ORIENTED_EDGE('',*,*,#3903,.T.);
#5331=ORIENTED_EDGE('',*,*,#3904,.T.);
#5332=ORIENTED_EDGE('',*,*,#3900,.F.);
#5333=ORIENTED_EDGE('',*,*,#3905,.F.);
#5334=ORIENTED_EDGE('',*,*,#3906,.T.);
#5335=ORIENTED_EDGE('',*,*,#3907,.T.);
#5336=ORIENTED_EDGE('',*,*,#3903,.F.);
#5337=ORIENTED_EDGE('',*,*,#3908,.F.);
#5338=ORIENTED_EDGE('',*,*,#3909,.T.);
#5339=ORIENTED_EDGE('',*,*,#3910,.T.);
#5340=ORIENTED_EDGE('',*,*,#3906,.F.);
#5341=ORIENTED_EDGE('',*,*,#3911,.F.);
#5342=ORIENTED_EDGE('',*,*,#3912,.T.);
#5343=ORIENTED_EDGE('',*,*,#3913,.T.);
#5344=ORIENTED_EDGE('',*,*,#3909,.F.);
#5345=ORIENTED_EDGE('',*,*,#3914,.F.);
#5346=ORIENTED_EDGE('',*,*,#3886,.T.);
#5347=ORIENTED_EDGE('',*,*,#3915,.T.);
#5348=ORIENTED_EDGE('',*,*,#3912,.F.);
#5349=ORIENTED_EDGE('',*,*,#3915,.F.);
#5350=ORIENTED_EDGE('',*,*,#3885,.F.);
#5351=ORIENTED_EDGE('',*,*,#3882,.F.);
#5352=ORIENTED_EDGE('',*,*,#3879,.F.);
#5353=ORIENTED_EDGE('',*,*,#3876,.F.);
#5354=ORIENTED_EDGE('',*,*,#3873,.F.);
#5355=ORIENTED_EDGE('',*,*,#3870,.F.);
#5356=ORIENTED_EDGE('',*,*,#3867,.F.);
#5357=ORIENTED_EDGE('',*,*,#3864,.F.);
#5358=ORIENTED_EDGE('',*,*,#3861,.F.);
#5359=ORIENTED_EDGE('',*,*,#3858,.F.);
#5360=ORIENTED_EDGE('',*,*,#3855,.F.);
#5361=ORIENTED_EDGE('',*,*,#3852,.F.);
#5362=ORIENTED_EDGE('',*,*,#3889,.F.);
#5363=ORIENTED_EDGE('',*,*,#3892,.F.);
#5364=ORIENTED_EDGE('',*,*,#3895,.F.);
#5365=ORIENTED_EDGE('',*,*,#3898,.F.);
#5366=ORIENTED_EDGE('',*,*,#3901,.F.);
#5367=ORIENTED_EDGE('',*,*,#3904,.F.);
#5368=ORIENTED_EDGE('',*,*,#3907,.F.);
#5369=ORIENTED_EDGE('',*,*,#3910,.F.);
#5370=ORIENTED_EDGE('',*,*,#3913,.F.);
#5371=ORIENTED_EDGE('',*,*,#3916,.F.);
#5372=ORIENTED_EDGE('',*,*,#3917,.T.);
#5373=ORIENTED_EDGE('',*,*,#3918,.T.);
#5374=ORIENTED_EDGE('',*,*,#3919,.F.);
#5375=ORIENTED_EDGE('',*,*,#3920,.F.);
#5376=ORIENTED_EDGE('',*,*,#3919,.T.);
#5377=ORIENTED_EDGE('',*,*,#3921,.T.);
#5378=ORIENTED_EDGE('',*,*,#3922,.F.);
#5379=ORIENTED_EDGE('',*,*,#3923,.F.);
#5380=ORIENTED_EDGE('',*,*,#3922,.T.);
#5381=ORIENTED_EDGE('',*,*,#3924,.T.);
#5382=ORIENTED_EDGE('',*,*,#3925,.F.);
#5383=ORIENTED_EDGE('',*,*,#3926,.F.);
#5384=ORIENTED_EDGE('',*,*,#3925,.T.);
#5385=ORIENTED_EDGE('',*,*,#3927,.T.);
#5386=ORIENTED_EDGE('',*,*,#3917,.F.);
#5387=ORIENTED_EDGE('',*,*,#3927,.F.);
#5388=ORIENTED_EDGE('',*,*,#3924,.F.);
#5389=ORIENTED_EDGE('',*,*,#3921,.F.);
#5390=ORIENTED_EDGE('',*,*,#3918,.F.);
#5391=ORIENTED_EDGE('',*,*,#3928,.F.);
#5392=ORIENTED_EDGE('',*,*,#3929,.T.);
#5393=ORIENTED_EDGE('',*,*,#3930,.T.);
#5394=ORIENTED_EDGE('',*,*,#3931,.F.);
#5395=ORIENTED_EDGE('',*,*,#3932,.F.);
#5396=ORIENTED_EDGE('',*,*,#3931,.T.);
#5397=ORIENTED_EDGE('',*,*,#3933,.T.);
#5398=ORIENTED_EDGE('',*,*,#3934,.F.);
#5399=ORIENTED_EDGE('',*,*,#3935,.F.);
#5400=ORIENTED_EDGE('',*,*,#3934,.T.);
#5401=ORIENTED_EDGE('',*,*,#3936,.T.);
#5402=ORIENTED_EDGE('',*,*,#3937,.F.);
#5403=ORIENTED_EDGE('',*,*,#3938,.F.);
#5404=ORIENTED_EDGE('',*,*,#3937,.T.);
#5405=ORIENTED_EDGE('',*,*,#3939,.T.);
#5406=ORIENTED_EDGE('',*,*,#3940,.F.);
#5407=ORIENTED_EDGE('',*,*,#3941,.F.);
#5408=ORIENTED_EDGE('',*,*,#3942,.T.);
#5409=ORIENTED_EDGE('',*,*,#3943,.T.);
#5410=ORIENTED_EDGE('',*,*,#3929,.F.);
#5411=ORIENTED_EDGE('',*,*,#3944,.F.);
#5412=ORIENTED_EDGE('',*,*,#3940,.T.);
#5413=ORIENTED_EDGE('',*,*,#3945,.T.);
#5414=ORIENTED_EDGE('',*,*,#3942,.F.);
#5415=ORIENTED_EDGE('',*,*,#3945,.F.);
#5416=ORIENTED_EDGE('',*,*,#3939,.F.);
#5417=ORIENTED_EDGE('',*,*,#3936,.F.);
#5418=ORIENTED_EDGE('',*,*,#3933,.F.);
#5419=ORIENTED_EDGE('',*,*,#3930,.F.);
#5420=ORIENTED_EDGE('',*,*,#3943,.F.);
#5421=ORIENTED_EDGE('',*,*,#3113,.T.);
#5422=ORIENTED_EDGE('',*,*,#3086,.F.);
#5423=ORIENTED_EDGE('',*,*,#3090,.T.);
#5424=ORIENTED_EDGE('',*,*,#3105,.F.);
#5425=ORIENTED_EDGE('',*,*,#3946,.F.);
#5426=ORIENTED_EDGE('',*,*,#3947,.F.);
#5427=ORIENTED_EDGE('',*,*,#3948,.F.);
#5428=ORIENTED_EDGE('',*,*,#3097,.F.);
#5429=ORIENTED_EDGE('',*,*,#3081,.T.);
#5430=ORIENTED_EDGE('',*,*,#3077,.F.);
#5431=ORIENTED_EDGE('',*,*,#3098,.T.);
#5432=ORIENTED_EDGE('',*,*,#3948,.T.);
#5433=ORIENTED_EDGE('',*,*,#3949,.T.);
#5434=ORIENTED_EDGE('',*,*,#3950,.T.);
#5435=ORIENTED_EDGE('',*,*,#3950,.F.);
#5436=ORIENTED_EDGE('',*,*,#3951,.F.);
#5437=ORIENTED_EDGE('',*,*,#3952,.F.);
#5438=ORIENTED_EDGE('',*,*,#3099,.F.);
#5439=ORIENTED_EDGE('',*,*,#3949,.F.);
#5440=ORIENTED_EDGE('',*,*,#3947,.T.);
#5441=ORIENTED_EDGE('',*,*,#3953,.F.);
#5442=ORIENTED_EDGE('',*,*,#3954,.T.);
#5443=ORIENTED_EDGE('',*,*,#3955,.F.);
#5444=ORIENTED_EDGE('',*,*,#3956,.T.);
#5445=ORIENTED_EDGE('',*,*,#3957,.F.);
#5446=ORIENTED_EDGE('',*,*,#3951,.T.);
#5447=ORIENTED_EDGE('',*,*,#3958,.F.);
#5448=ORIENTED_EDGE('',*,*,#3959,.F.);
#5449=ORIENTED_EDGE('',*,*,#3960,.F.);
#5450=ORIENTED_EDGE('',*,*,#3961,.F.);
#5451=ORIENTED_EDGE('',*,*,#3100,.T.);
#5452=ORIENTED_EDGE('',*,*,#3952,.T.);
#5453=ORIENTED_EDGE('',*,*,#3957,.T.);
#5454=ORIENTED_EDGE('',*,*,#3962,.T.);
#5455=ORIENTED_EDGE('',*,*,#3962,.F.);
#5456=ORIENTED_EDGE('',*,*,#3956,.F.);
#5457=ORIENTED_EDGE('',*,*,#3963,.F.);
#5458=ORIENTED_EDGE('',*,*,#3101,.F.);
#5459=ORIENTED_EDGE('',*,*,#3104,.T.);
#5460=ORIENTED_EDGE('',*,*,#3964,.T.);
#5461=ORIENTED_EDGE('',*,*,#3953,.T.);
#5462=ORIENTED_EDGE('',*,*,#3946,.T.);
#5463=ORIENTED_EDGE('',*,*,#3102,.T.);
#5464=ORIENTED_EDGE('',*,*,#3963,.T.);
#5465=ORIENTED_EDGE('',*,*,#3955,.T.);
#5466=ORIENTED_EDGE('',*,*,#3965,.T.);
#5467=ORIENTED_EDGE('',*,*,#3966,.F.);
#5468=ORIENTED_EDGE('',*,*,#3967,.F.);
#5469=ORIENTED_EDGE('',*,*,#3094,.F.);
#5470=ORIENTED_EDGE('',*,*,#3968,.F.);
#5471=ORIENTED_EDGE('',*,*,#3128,.T.);
#5472=ORIENTED_EDGE('',*,*,#3134,.T.);
#5473=ORIENTED_EDGE('',*,*,#3131,.T.);
#5474=ORIENTED_EDGE('',*,*,#3118,.T.);
#5475=ORIENTED_EDGE('',*,*,#3122,.T.);
#5476=ORIENTED_EDGE('',*,*,#3125,.T.);
#5477=ORIENTED_EDGE('',*,*,#3176,.T.);
#5478=ORIENTED_EDGE('',*,*,#3212,.T.);
#5479=ORIENTED_EDGE('',*,*,#3209,.T.);
#5480=ORIENTED_EDGE('',*,*,#3206,.T.);
#5481=ORIENTED_EDGE('',*,*,#3203,.T.);
#5482=ORIENTED_EDGE('',*,*,#3200,.T.);
#5483=ORIENTED_EDGE('',*,*,#3197,.T.);
#5484=ORIENTED_EDGE('',*,*,#3194,.T.);
#5485=ORIENTED_EDGE('',*,*,#3191,.T.);
#5486=ORIENTED_EDGE('',*,*,#3188,.T.);
#5487=ORIENTED_EDGE('',*,*,#3185,.T.);
#5488=ORIENTED_EDGE('',*,*,#3182,.T.);
#5489=ORIENTED_EDGE('',*,*,#3179,.T.);
#5490=ORIENTED_EDGE('',*,*,#3136,.T.);
#5491=ORIENTED_EDGE('',*,*,#3140,.T.);
#5492=ORIENTED_EDGE('',*,*,#3143,.T.);
#5493=ORIENTED_EDGE('',*,*,#3146,.T.);
#5494=ORIENTED_EDGE('',*,*,#3149,.T.);
#5495=ORIENTED_EDGE('',*,*,#3152,.T.);
#5496=ORIENTED_EDGE('',*,*,#3155,.T.);
#5497=ORIENTED_EDGE('',*,*,#3158,.T.);
#5498=ORIENTED_EDGE('',*,*,#3161,.T.);
#5499=ORIENTED_EDGE('',*,*,#3164,.T.);
#5500=ORIENTED_EDGE('',*,*,#3167,.T.);
#5501=ORIENTED_EDGE('',*,*,#3170,.T.);
#5502=ORIENTED_EDGE('',*,*,#3173,.T.);
#5503=ORIENTED_EDGE('',*,*,#3275,.T.);
#5504=ORIENTED_EDGE('',*,*,#3335,.T.);
#5505=ORIENTED_EDGE('',*,*,#3332,.T.);
#5506=ORIENTED_EDGE('',*,*,#3329,.T.);
#5507=ORIENTED_EDGE('',*,*,#3326,.T.);
#5508=ORIENTED_EDGE('',*,*,#3323,.T.);
#5509=ORIENTED_EDGE('',*,*,#3320,.T.);
#5510=ORIENTED_EDGE('',*,*,#3317,.T.);
#5511=ORIENTED_EDGE('',*,*,#3314,.T.);
#5512=ORIENTED_EDGE('',*,*,#3311,.T.);
#5513=ORIENTED_EDGE('',*,*,#3308,.T.);
#5514=ORIENTED_EDGE('',*,*,#3305,.T.);
#5515=ORIENTED_EDGE('',*,*,#3302,.T.);
#5516=ORIENTED_EDGE('',*,*,#3299,.T.);
#5517=ORIENTED_EDGE('',*,*,#3296,.T.);
#5518=ORIENTED_EDGE('',*,*,#3293,.T.);
#5519=ORIENTED_EDGE('',*,*,#3290,.T.);
#5520=ORIENTED_EDGE('',*,*,#3287,.T.);
#5521=ORIENTED_EDGE('',*,*,#3284,.T.);
#5522=ORIENTED_EDGE('',*,*,#3281,.T.);
#5523=ORIENTED_EDGE('',*,*,#3278,.T.);
#5524=ORIENTED_EDGE('',*,*,#3214,.T.);
#5525=ORIENTED_EDGE('',*,*,#3218,.T.);
#5526=ORIENTED_EDGE('',*,*,#3221,.T.);
#5527=ORIENTED_EDGE('',*,*,#3224,.T.);
#5528=ORIENTED_EDGE('',*,*,#3227,.T.);
#5529=ORIENTED_EDGE('',*,*,#3230,.T.);
#5530=ORIENTED_EDGE('',*,*,#3233,.T.);
#5531=ORIENTED_EDGE('',*,*,#3236,.T.);
#5532=ORIENTED_EDGE('',*,*,#3239,.T.);
#5533=ORIENTED_EDGE('',*,*,#3242,.T.);
#5534=ORIENTED_EDGE('',*,*,#3245,.T.);
#5535=ORIENTED_EDGE('',*,*,#3248,.T.);
#5536=ORIENTED_EDGE('',*,*,#3251,.T.);
#5537=ORIENTED_EDGE('',*,*,#3254,.T.);
#5538=ORIENTED_EDGE('',*,*,#3257,.T.);
#5539=ORIENTED_EDGE('',*,*,#3260,.T.);
#5540=ORIENTED_EDGE('',*,*,#3263,.T.);
#5541=ORIENTED_EDGE('',*,*,#3266,.T.);
#5542=ORIENTED_EDGE('',*,*,#3269,.T.);
#5543=ORIENTED_EDGE('',*,*,#3272,.T.);
#5544=ORIENTED_EDGE('',*,*,#3377,.T.);
#5545=ORIENTED_EDGE('',*,*,#3413,.T.);
#5546=ORIENTED_EDGE('',*,*,#3410,.T.);
#5547=ORIENTED_EDGE('',*,*,#3407,.T.);
#5548=ORIENTED_EDGE('',*,*,#3404,.T.);
#5549=ORIENTED_EDGE('',*,*,#3401,.T.);
#5550=ORIENTED_EDGE('',*,*,#3398,.T.);
#5551=ORIENTED_EDGE('',*,*,#3395,.T.);
#5552=ORIENTED_EDGE('',*,*,#3392,.T.);
#5553=ORIENTED_EDGE('',*,*,#3389,.T.);
#5554=ORIENTED_EDGE('',*,*,#3386,.T.);
#5555=ORIENTED_EDGE('',*,*,#3383,.T.);
#5556=ORIENTED_EDGE('',*,*,#3380,.T.);
#5557=ORIENTED_EDGE('',*,*,#3337,.T.);
#5558=ORIENTED_EDGE('',*,*,#3341,.T.);
#5559=ORIENTED_EDGE('',*,*,#3344,.T.);
#5560=ORIENTED_EDGE('',*,*,#3347,.T.);
#5561=ORIENTED_EDGE('',*,*,#3350,.T.);
#5562=ORIENTED_EDGE('',*,*,#3353,.T.);
#5563=ORIENTED_EDGE('',*,*,#3356,.T.);
#5564=ORIENTED_EDGE('',*,*,#3359,.T.);
#5565=ORIENTED_EDGE('',*,*,#3362,.T.);
#5566=ORIENTED_EDGE('',*,*,#3365,.T.);
#5567=ORIENTED_EDGE('',*,*,#3368,.T.);
#5568=ORIENTED_EDGE('',*,*,#3371,.T.);
#5569=ORIENTED_EDGE('',*,*,#3374,.T.);
#5570=ORIENTED_EDGE('',*,*,#3443,.T.);
#5571=ORIENTED_EDGE('',*,*,#3470,.T.);
#5572=ORIENTED_EDGE('',*,*,#3467,.T.);
#5573=ORIENTED_EDGE('',*,*,#3464,.T.);
#5574=ORIENTED_EDGE('',*,*,#3461,.T.);
#5575=ORIENTED_EDGE('',*,*,#3458,.T.);
#5576=ORIENTED_EDGE('',*,*,#3455,.T.);
#5577=ORIENTED_EDGE('',*,*,#3452,.T.);
#5578=ORIENTED_EDGE('',*,*,#3449,.T.);
#5579=ORIENTED_EDGE('',*,*,#3446,.T.);
#5580=ORIENTED_EDGE('',*,*,#3415,.T.);
#5581=ORIENTED_EDGE('',*,*,#3419,.T.);
#5582=ORIENTED_EDGE('',*,*,#3422,.T.);
#5583=ORIENTED_EDGE('',*,*,#3425,.T.);
#5584=ORIENTED_EDGE('',*,*,#3428,.T.);
#5585=ORIENTED_EDGE('',*,*,#3431,.T.);
#5586=ORIENTED_EDGE('',*,*,#3434,.T.);
#5587=ORIENTED_EDGE('',*,*,#3437,.T.);
#5588=ORIENTED_EDGE('',*,*,#3440,.T.);
#5589=ORIENTED_EDGE('',*,*,#3482,.T.);
#5590=ORIENTED_EDGE('',*,*,#3488,.T.);
#5591=ORIENTED_EDGE('',*,*,#3485,.T.);
#5592=ORIENTED_EDGE('',*,*,#3472,.T.);
#5593=ORIENTED_EDGE('',*,*,#3476,.T.);
#5594=ORIENTED_EDGE('',*,*,#3479,.T.);
#5595=ORIENTED_EDGE('',*,*,#3509,.T.);
#5596=ORIENTED_EDGE('',*,*,#3527,.T.);
#5597=ORIENTED_EDGE('',*,*,#3524,.T.);
#5598=ORIENTED_EDGE('',*,*,#3521,.T.);
#5599=ORIENTED_EDGE('',*,*,#3518,.T.);
#5600=ORIENTED_EDGE('',*,*,#3515,.T.);
#5601=ORIENTED_EDGE('',*,*,#3512,.T.);
#5602=ORIENTED_EDGE('',*,*,#3490,.T.);
#5603=ORIENTED_EDGE('',*,*,#3494,.T.);
#5604=ORIENTED_EDGE('',*,*,#3497,.T.);
#5605=ORIENTED_EDGE('',*,*,#3500,.T.);
#5606=ORIENTED_EDGE('',*,*,#3503,.T.);
#5607=ORIENTED_EDGE('',*,*,#3506,.T.);
#5608=ORIENTED_EDGE('',*,*,#3536,.T.);
#5609=ORIENTED_EDGE('',*,*,#3539,.T.);
#5610=ORIENTED_EDGE('',*,*,#3529,.T.);
#5611=ORIENTED_EDGE('',*,*,#3533,.T.);
#5612=ORIENTED_EDGE('',*,*,#3548,.T.);
#5613=ORIENTED_EDGE('',*,*,#3551,.T.);
#5614=ORIENTED_EDGE('',*,*,#3541,.T.);
#5615=ORIENTED_EDGE('',*,*,#3545,.T.);
#5616=ORIENTED_EDGE('',*,*,#3584,.T.);
#5617=ORIENTED_EDGE('',*,*,#3611,.T.);
#5618=ORIENTED_EDGE('',*,*,#3608,.T.);
#5619=ORIENTED_EDGE('',*,*,#3605,.T.);
#5620=ORIENTED_EDGE('',*,*,#3602,.T.);
#5621=ORIENTED_EDGE('',*,*,#3599,.T.);
#5622=ORIENTED_EDGE('',*,*,#3596,.T.);
#5623=ORIENTED_EDGE('',*,*,#3593,.T.);
#5624=ORIENTED_EDGE('',*,*,#3590,.T.);
#5625=ORIENTED_EDGE('',*,*,#3587,.T.);
#5626=ORIENTED_EDGE('',*,*,#3553,.T.);
#5627=ORIENTED_EDGE('',*,*,#3557,.T.);
#5628=ORIENTED_EDGE('',*,*,#3560,.T.);
#5629=ORIENTED_EDGE('',*,*,#3563,.T.);
#5630=ORIENTED_EDGE('',*,*,#3566,.T.);
#5631=ORIENTED_EDGE('',*,*,#3569,.T.);
#5632=ORIENTED_EDGE('',*,*,#3572,.T.);
#5633=ORIENTED_EDGE('',*,*,#3575,.T.);
#5634=ORIENTED_EDGE('',*,*,#3578,.T.);
#5635=ORIENTED_EDGE('',*,*,#3581,.T.);
#5636=ORIENTED_EDGE('',*,*,#3620,.T.);
#5637=ORIENTED_EDGE('',*,*,#3623,.T.);
#5638=ORIENTED_EDGE('',*,*,#3613,.T.);
#5639=ORIENTED_EDGE('',*,*,#3617,.T.);
#5640=ORIENTED_EDGE('',*,*,#3644,.T.);
#5641=ORIENTED_EDGE('',*,*,#3659,.T.);
#5642=ORIENTED_EDGE('',*,*,#3656,.T.);
#5643=ORIENTED_EDGE('',*,*,#3653,.T.);
#5644=ORIENTED_EDGE('',*,*,#3650,.T.);
#5645=ORIENTED_EDGE('',*,*,#3647,.T.);
#5646=ORIENTED_EDGE('',*,*,#3625,.T.);
#5647=ORIENTED_EDGE('',*,*,#3629,.T.);
#5648=ORIENTED_EDGE('',*,*,#3632,.T.);
#5649=ORIENTED_EDGE('',*,*,#3635,.T.);
#5650=ORIENTED_EDGE('',*,*,#3638,.T.);
#5651=ORIENTED_EDGE('',*,*,#3641,.T.);
#5652=ORIENTED_EDGE('',*,*,#3668,.T.);
#5653=ORIENTED_EDGE('',*,*,#3671,.T.);
#5654=ORIENTED_EDGE('',*,*,#3661,.T.);
#5655=ORIENTED_EDGE('',*,*,#3665,.T.);
#5656=ORIENTED_EDGE('',*,*,#3707,.T.);
#5657=ORIENTED_EDGE('',*,*,#3737,.T.);
#5658=ORIENTED_EDGE('',*,*,#3734,.T.);
#5659=ORIENTED_EDGE('',*,*,#3731,.T.);
#5660=ORIENTED_EDGE('',*,*,#3728,.T.);
#5661=ORIENTED_EDGE('',*,*,#3725,.T.);
#5662=ORIENTED_EDGE('',*,*,#3722,.T.);
#5663=ORIENTED_EDGE('',*,*,#3719,.T.);
#5664=ORIENTED_EDGE('',*,*,#3716,.T.);
#5665=ORIENTED_EDGE('',*,*,#3713,.T.);
#5666=ORIENTED_EDGE('',*,*,#3710,.T.);
#5667=ORIENTED_EDGE('',*,*,#3673,.T.);
#5668=ORIENTED_EDGE('',*,*,#3677,.T.);
#5669=ORIENTED_EDGE('',*,*,#3680,.T.);
#5670=ORIENTED_EDGE('',*,*,#3683,.T.);
#5671=ORIENTED_EDGE('',*,*,#3686,.T.);
#5672=ORIENTED_EDGE('',*,*,#3689,.T.);
#5673=ORIENTED_EDGE('',*,*,#3692,.T.);
#5674=ORIENTED_EDGE('',*,*,#3695,.T.);
#5675=ORIENTED_EDGE('',*,*,#3698,.T.);
#5676=ORIENTED_EDGE('',*,*,#3701,.T.);
#5677=ORIENTED_EDGE('',*,*,#3704,.T.);
#5678=ORIENTED_EDGE('',*,*,#3794,.T.);
#5679=ORIENTED_EDGE('',*,*,#3848,.T.);
#5680=ORIENTED_EDGE('',*,*,#3845,.T.);
#5681=ORIENTED_EDGE('',*,*,#3842,.T.);
#5682=ORIENTED_EDGE('',*,*,#3839,.T.);
#5683=ORIENTED_EDGE('',*,*,#3836,.T.);
#5684=ORIENTED_EDGE('',*,*,#3833,.T.);
#5685=ORIENTED_EDGE('',*,*,#3830,.T.);
#5686=ORIENTED_EDGE('',*,*,#3827,.T.);
#5687=ORIENTED_EDGE('',*,*,#3824,.T.);
#5688=ORIENTED_EDGE('',*,*,#3821,.T.);
#5689=ORIENTED_EDGE('',*,*,#3818,.T.);
#5690=ORIENTED_EDGE('',*,*,#3815,.T.);
#5691=ORIENTED_EDGE('',*,*,#3812,.T.);
#5692=ORIENTED_EDGE('',*,*,#3809,.T.);
#5693=ORIENTED_EDGE('',*,*,#3806,.T.);
#5694=ORIENTED_EDGE('',*,*,#3803,.T.);
#5695=ORIENTED_EDGE('',*,*,#3800,.T.);
#5696=ORIENTED_EDGE('',*,*,#3797,.T.);
#5697=ORIENTED_EDGE('',*,*,#3739,.T.);
#5698=ORIENTED_EDGE('',*,*,#3743,.T.);
#5699=ORIENTED_EDGE('',*,*,#3746,.T.);
#5700=ORIENTED_EDGE('',*,*,#3749,.T.);
#5701=ORIENTED_EDGE('',*,*,#3752,.T.);
#5702=ORIENTED_EDGE('',*,*,#3755,.T.);
#5703=ORIENTED_EDGE('',*,*,#3758,.T.);
#5704=ORIENTED_EDGE('',*,*,#3761,.T.);
#5705=ORIENTED_EDGE('',*,*,#3764,.T.);
#5706=ORIENTED_EDGE('',*,*,#3767,.T.);
#5707=ORIENTED_EDGE('',*,*,#3770,.T.);
#5708=ORIENTED_EDGE('',*,*,#3773,.T.);
#5709=ORIENTED_EDGE('',*,*,#3776,.T.);
#5710=ORIENTED_EDGE('',*,*,#3779,.T.);
#5711=ORIENTED_EDGE('',*,*,#3782,.T.);
#5712=ORIENTED_EDGE('',*,*,#3785,.T.);
#5713=ORIENTED_EDGE('',*,*,#3788,.T.);
#5714=ORIENTED_EDGE('',*,*,#3791,.T.);
#5715=ORIENTED_EDGE('',*,*,#3884,.T.);
#5716=ORIENTED_EDGE('',*,*,#3914,.T.);
#5717=ORIENTED_EDGE('',*,*,#3911,.T.);
#5718=ORIENTED_EDGE('',*,*,#3908,.T.);
#5719=ORIENTED_EDGE('',*,*,#3905,.T.);
#5720=ORIENTED_EDGE('',*,*,#3902,.T.);
#5721=ORIENTED_EDGE('',*,*,#3899,.T.);
#5722=ORIENTED_EDGE('',*,*,#3896,.T.);
#5723=ORIENTED_EDGE('',*,*,#3893,.T.);
#5724=ORIENTED_EDGE('',*,*,#3890,.T.);
#5725=ORIENTED_EDGE('',*,*,#3887,.T.);
#5726=ORIENTED_EDGE('',*,*,#3850,.T.);
#5727=ORIENTED_EDGE('',*,*,#3854,.T.);
#5728=ORIENTED_EDGE('',*,*,#3857,.T.);
#5729=ORIENTED_EDGE('',*,*,#3860,.T.);
#5730=ORIENTED_EDGE('',*,*,#3863,.T.);
#5731=ORIENTED_EDGE('',*,*,#3866,.T.);
#5732=ORIENTED_EDGE('',*,*,#3869,.T.);
#5733=ORIENTED_EDGE('',*,*,#3872,.T.);
#5734=ORIENTED_EDGE('',*,*,#3875,.T.);
#5735=ORIENTED_EDGE('',*,*,#3878,.T.);
#5736=ORIENTED_EDGE('',*,*,#3881,.T.);
#5737=ORIENTED_EDGE('',*,*,#3923,.T.);
#5738=ORIENTED_EDGE('',*,*,#3926,.T.);
#5739=ORIENTED_EDGE('',*,*,#3916,.T.);
#5740=ORIENTED_EDGE('',*,*,#3920,.T.);
#5741=ORIENTED_EDGE('',*,*,#3938,.T.);
#5742=ORIENTED_EDGE('',*,*,#3944,.T.);
#5743=ORIENTED_EDGE('',*,*,#3941,.T.);
#5744=ORIENTED_EDGE('',*,*,#3928,.T.);
#5745=ORIENTED_EDGE('',*,*,#3932,.T.);
#5746=ORIENTED_EDGE('',*,*,#3935,.T.);
#5747=ORIENTED_EDGE('',*,*,#3967,.T.);
#5748=ORIENTED_EDGE('',*,*,#3969,.T.);
#5749=ORIENTED_EDGE('',*,*,#3106,.F.);
#5750=ORIENTED_EDGE('',*,*,#3095,.F.);
#5751=ORIENTED_EDGE('',*,*,#3970,.T.);
#5752=ORIENTED_EDGE('',*,*,#3971,.T.);
#5753=ORIENTED_EDGE('',*,*,#3960,.T.);
#5754=ORIENTED_EDGE('',*,*,#3971,.F.);
#5755=ORIENTED_EDGE('',*,*,#3972,.T.);
#5756=ORIENTED_EDGE('',*,*,#3973,.T.);
#5757=ORIENTED_EDGE('',*,*,#3959,.T.);
#5758=ORIENTED_EDGE('',*,*,#3973,.F.);
#5759=ORIENTED_EDGE('',*,*,#3974,.T.);
#5760=ORIENTED_EDGE('',*,*,#3975,.T.);
#5761=ORIENTED_EDGE('',*,*,#3958,.T.);
#5762=ORIENTED_EDGE('',*,*,#3975,.F.);
#5763=ORIENTED_EDGE('',*,*,#3976,.T.);
#5764=ORIENTED_EDGE('',*,*,#3977,.T.);
#5765=ORIENTED_EDGE('',*,*,#3961,.T.);
#5766=ORIENTED_EDGE('',*,*,#3977,.F.);
#5767=ORIENTED_EDGE('',*,*,#3968,.T.);
#5768=ORIENTED_EDGE('',*,*,#3093,.T.);
#5769=ORIENTED_EDGE('',*,*,#3108,.F.);
#5770=ORIENTED_EDGE('',*,*,#3978,.F.);
#5771=ORIENTED_EDGE('',*,*,#3117,.T.);
#5772=ORIENTED_EDGE('',*,*,#3116,.T.);
#5773=ORIENTED_EDGE('',*,*,#3115,.T.);
#5774=ORIENTED_EDGE('',*,*,#3114,.T.);
#5775=ORIENTED_EDGE('',*,*,#3966,.T.);
#5776=ORIENTED_EDGE('',*,*,#3978,.T.);
#5777=ORIENTED_EDGE('',*,*,#3107,.F.);
#5778=ORIENTED_EDGE('',*,*,#3969,.F.);
#5779=ORIENTED_EDGE('',*,*,#3964,.F.);
#5780=ORIENTED_EDGE('',*,*,#3103,.F.);
#5781=ORIENTED_EDGE('',*,*,#3965,.F.);
#5782=ORIENTED_EDGE('',*,*,#3954,.F.);
#5783=ORIENTED_EDGE('',*,*,#3111,.F.);
#5784=ORIENTED_EDGE('',*,*,#3979,.T.);
#5785=ORIENTED_EDGE('',*,*,#3980,.T.);
#5786=ORIENTED_EDGE('',*,*,#3979,.F.);
#5787=ORIENTED_EDGE('',*,*,#3976,.F.);
#5788=ORIENTED_EDGE('',*,*,#3980,.F.);
#5789=ORIENTED_EDGE('',*,*,#3110,.F.);
#5790=ORIENTED_EDGE('',*,*,#3981,.T.);
#5791=ORIENTED_EDGE('',*,*,#3982,.T.);
#5792=ORIENTED_EDGE('',*,*,#3981,.F.);
#5793=ORIENTED_EDGE('',*,*,#3974,.F.);
#5794=ORIENTED_EDGE('',*,*,#3982,.F.);
#5795=ORIENTED_EDGE('',*,*,#3112,.F.);
#5796=ORIENTED_EDGE('',*,*,#3983,.T.);
#5797=ORIENTED_EDGE('',*,*,#3984,.T.);
#5798=ORIENTED_EDGE('',*,*,#3983,.F.);
#5799=ORIENTED_EDGE('',*,*,#3972,.F.);
#5800=ORIENTED_EDGE('',*,*,#3984,.F.);
#5801=ORIENTED_EDGE('',*,*,#3109,.F.);
#5802=ORIENTED_EDGE('',*,*,#3985,.T.);
#5803=ORIENTED_EDGE('',*,*,#3986,.T.);
#5804=ORIENTED_EDGE('',*,*,#3985,.F.);
#5805=ORIENTED_EDGE('',*,*,#3970,.F.);
#5806=ORIENTED_EDGE('',*,*,#3986,.F.);
#5807=B_SPLINE_SURFACE_WITH_KNOTS('',3,3,((#7565,#7566,#7567,#7568),(#7569,
#7570,#7571,#7572),(#7573,#7574,#7575,#7576),(#7577,#7578,#7579,#7580),
(#7581,#7582,#7583,#7584),(#7585,#7586,#7587,#7588),(#7589,#7590,#7591,
#7592)),.UNSPECIFIED.,.F.,.F.,.F.,(4,1,1,1,4),(4,4),(0.,0.285714285714286,
0.571428571428571,0.714285714285714,1.),(-0.375000000000003,0.125000000000006),
 .UNSPECIFIED.);
#5808=B_SPLINE_SURFACE_WITH_KNOTS('',3,3,((#7637,#7638,#7639,#7640),(#7641,
#7642,#7643,#7644),(#7645,#7646,#7647,#7648),(#7649,#7650,#7651,#7652),
(#7653,#7654,#7655,#7656),(#7657,#7658,#7659,#7660),(#7661,#7662,#7663,
#7664)),.UNSPECIFIED.,.F.,.F.,.F.,(4,1,1,1,4),(4,4),(0.,0.285714285714286,
0.571428571428571,0.714285714285714,1.),(-0.375000000000007,0.125000000000002),
 .UNSPECIFIED.);
#5809=B_SPLINE_SURFACE_WITH_KNOTS('',3,1,((#7799,#7800),(#7801,#7802),(#7803,
#7804),(#7805,#7806),(#7807,#7808)),.UNSPECIFIED.,.F.,.F.,.F.,(4,1,4),(2,
2),(0.,0.00593484773859285,0.011502827621708),(0.,0.17),.UNSPECIFIED.);
#5810=B_SPLINE_SURFACE_WITH_KNOTS('',3,1,((#7842,#7843),(#7844,#7845),(#7846,
#7847),(#7848,#7849),(#7850,#7851)),.UNSPECIFIED.,.F.,.F.,.F.,(4,1,4),(2,
2),(0.,0.00541687648971338,0.0110171112816094),(0.,0.17),.UNSPECIFIED.);
#5811=B_SPLINE_SURFACE_WITH_KNOTS('',3,1,((#7876,#7877),(#7878,#7879),(#7880,
#7881),(#7882,#7883),(#7884,#7885)),.UNSPECIFIED.,.F.,.F.,.F.,(4,1,4),(2,
2),(0.,0.00857028978845171,0.0172195470306181),(0.,0.17),.UNSPECIFIED.);
#5812=B_SPLINE_SURFACE_WITH_KNOTS('',3,1,((#7907,#7908),(#7909,#7910),(#7911,
#7912),(#7913,#7914),(#7915,#7916)),.UNSPECIFIED.,.F.,.F.,.F.,(4,1,4),(2,
2),(0.,0.00845281876382386,0.0168581797987752),(0.,0.17),.UNSPECIFIED.);
#5813=B_SPLINE_SURFACE_WITH_KNOTS('',3,1,((#7938,#7939),(#7940,#7941),(#7942,
#7943),(#7944,#7945),(#7946,#7947)),.UNSPECIFIED.,.F.,.F.,.F.,(4,1,4),(2,
2),(0.,0.00573170703992117,0.0113059818303722),(0.,0.17),.UNSPECIFIED.);
#5814=B_SPLINE_SURFACE_WITH_KNOTS('',3,1,((#7978,#7979),(#7980,#7981),(#7982,
#7983),(#7984,#7985),(#7986,#7987)),.UNSPECIFIED.,.F.,.F.,.F.,(4,1,4),(2,
2),(0.,0.00556800611025287,0.0115028538488457),(0.,0.17),.UNSPECIFIED.);
#5815=B_SPLINE_SURFACE_WITH_KNOTS('',3,1,((#8012,#8013),(#8014,#8015),(#8016,
#8017),(#8018,#8019),(#8020,#8021)),.UNSPECIFIED.,.F.,.F.,.F.,(4,1,4),(2,
2),(0.,0.0104293295001856,0.0208432254136939),(0.,0.17),.UNSPECIFIED.);
#5816=B_SPLINE_SURFACE_WITH_KNOTS('',3,1,((#8061,#8062),(#8063,#8064),(#8065,
#8066),(#8067,#8068),(#8069,#8070)),.UNSPECIFIED.,.F.,.F.,.F.,(4,1,4),(2,
2),(0.,0.0030593758263237,0.00622171455636942),(0.,0.17),.UNSPECIFIED.);
#5817=B_SPLINE_SURFACE_WITH_KNOTS('',3,1,((#8095,#8096),(#8097,#8098),(#8099,
#8100),(#8101,#8102),(#8103,#8104)),.UNSPECIFIED.,.F.,.F.,.F.,(4,1,4),(2,
2),(0.,0.00166504476672535,0.00328754757560082),(0.,0.17),.UNSPECIFIED.);
#5818=B_SPLINE_SURFACE_WITH_KNOTS('',3,1,((#8126,#8127),(#8128,#8129),(#8130,
#8131),(#8132,#8133),(#8134,#8135)),.UNSPECIFIED.,.F.,.F.,.F.,(4,1,4),(2,
2),(0.,0.0104139542937063,0.0208432346437788),(0.,0.17),.UNSPECIFIED.);
#5819=B_SPLINE_SURFACE_WITH_KNOTS('',3,1,((#8175,#8176),(#8177,#8178),(#8179,
#8180),(#8181,#8182),(#8183,#8184)),.UNSPECIFIED.,.F.,.F.,.F.,(4,1,4),(2,
2),(0.,0.00316228972330931,0.0062217239967512),(0.,0.17),.UNSPECIFIED.);
#5820=B_SPLINE_SURFACE_WITH_KNOTS('',3,1,((#8209,#8210),(#8211,#8212),(#8213,
#8214),(#8215,#8216),(#8217,#8218)),.UNSPECIFIED.,.F.,.F.,.F.,(4,1,4),(2,
2),(0.,0.00162246974591467,0.00328755388862598),(0.,0.17),.UNSPECIFIED.);
#5821=B_SPLINE_SURFACE_WITH_KNOTS('',3,1,((#8246,#8247),(#8248,#8249),(#8250,
#8251),(#8252,#8253),(#8254,#8255)),.UNSPECIFIED.,.F.,.F.,.F.,(4,1,4),(2,
2),(0.,0.0122218053369569,0.0240603959185704),(0.,0.17),.UNSPECIFIED.);
#5822=B_SPLINE_SURFACE_WITH_KNOTS('',3,1,((#8280,#8281),(#8282,#8283),(#8284,
#8285),(#8286,#8287),(#8288,#8289)),.UNSPECIFIED.,.F.,.F.,.F.,(4,1,4),(2,
2),(0.,0.0182691660415725,0.0364499854309825),(0.,0.17),.UNSPECIFIED.);
#5823=B_SPLINE_SURFACE_WITH_KNOTS('',3,1,((#8314,#8315),(#8316,#8317),(#8318,
#8319),(#8320,#8321),(#8322,#8323)),.UNSPECIFIED.,.F.,.F.,.F.,(4,1,4),(2,
2),(0.,0.0181394444612379,0.036261286645501),(0.,0.17),.UNSPECIFIED.);
#5824=B_SPLINE_SURFACE_WITH_KNOTS('',3,1,((#8345,#8346),(#8347,#8348),(#8349,
#8350),(#8351,#8352),(#8353,#8354)),.UNSPECIFIED.,.F.,.F.,.F.,(4,1,4),(2,
2),(0.,0.011496204564695,0.0234285948897145),(0.,0.17),.UNSPECIFIED.);
#5825=B_SPLINE_SURFACE_WITH_KNOTS('',3,1,((#8383,#8384),(#8385,#8386),(#8387,
#8388),(#8389,#8390),(#8391,#8392)),.UNSPECIFIED.,.F.,.F.,.F.,(4,1,4),(2,
2),(0.,0.00154436053208,0.003176854965353),(0.,0.17),.UNSPECIFIED.);
#5826=B_SPLINE_SURFACE_WITH_KNOTS('',3,1,((#8417,#8418),(#8419,#8420),(#8421,
#8422),(#8423,#8424),(#8425,#8426)),.UNSPECIFIED.,.F.,.F.,.F.,(4,1,4),(2,
2),(0.,0.00453484066057705,0.00906525589913848),(0.,0.17),.UNSPECIFIED.);
#5827=B_SPLINE_SURFACE_WITH_KNOTS('',3,1,((#8460,#8461),(#8462,#8463),(#8464,
#8465),(#8466,#8467),(#8468,#8469)),.UNSPECIFIED.,.F.,.F.,.F.,(4,1,4),(2,
2),(0.,0.0115612278481014,0.0232523461252684),(0.,0.17),.UNSPECIFIED.);
#5828=B_SPLINE_SURFACE_WITH_KNOTS('',3,1,((#8494,#8495),(#8496,#8497),(#8498,
#8499),(#8500,#8501),(#8502,#8503)),.UNSPECIFIED.,.F.,.F.,.F.,(4,1,4),(2,
2),(0.,0.00892999732307289,0.0176583961591366),(0.,0.17),.UNSPECIFIED.);
#5829=B_SPLINE_SURFACE_WITH_KNOTS('',3,1,((#8528,#8529),(#8530,#8531),(#8532,
#8533),(#8534,#8535),(#8536,#8537)),.UNSPECIFIED.,.F.,.F.,.F.,(4,1,4),(2,
2),(0.,0.0861487358551565,0.117104554323245),(0.,0.17),.UNSPECIFIED.);
#5830=B_SPLINE_SURFACE_WITH_KNOTS('',3,1,((#8562,#8563),(#8564,#8565),(#8566,
#8567),(#8568,#8569),(#8570,#8571)),.UNSPECIFIED.,.F.,.F.,.F.,(4,1,4),(2,
2),(0.,0.00439317661142036,0.00873137240752195),(0.,0.17),.UNSPECIFIED.);
#5831=B_SPLINE_SURFACE_WITH_KNOTS('',3,1,((#8593,#8594),(#8595,#8596),(#8597,
#8598),(#8599,#8600),(#8601,#8602)),.UNSPECIFIED.,.F.,.F.,.F.,(4,1,4),(2,
2),(0.,0.0043026731652561,0.00868584847908835),(0.,0.17),.UNSPECIFIED.);
#5832=B_SPLINE_SURFACE_WITH_KNOTS('',3,1,((#8624,#8625),(#8626,#8627),(#8628,
#8629),(#8630,#8631),(#8632,#8633)),.UNSPECIFIED.,.F.,.F.,.F.,(4,1,4),(2,
2),(0.,0.00442634844548333,0.00889986510068476),(0.,0.17),.UNSPECIFIED.);
#5833=B_SPLINE_SURFACE_WITH_KNOTS('',3,1,((#8655,#8656),(#8657,#8658),(#8659,
#8660),(#8661,#8662),(#8663,#8664)),.UNSPECIFIED.,.F.,.F.,.F.,(4,1,4),(2,
2),(0.,0.0346100099056613,0.135917240957962),(0.,0.17),.UNSPECIFIED.);
#5834=B_SPLINE_SURFACE_WITH_KNOTS('',3,1,((#8683,#8684),(#8685,#8686),(#8687,
#8688),(#8689,#8690),(#8691,#8692)),.UNSPECIFIED.,.F.,.F.,.F.,(4,1,4),(2,
2),(0.,0.000873196951389625,0.00190397671178996),(0.,0.17),
 .UNSPECIFIED.);
#5835=B_SPLINE_SURFACE_WITH_KNOTS('',3,1,((#8714,#8715),(#8716,#8717),(#8718,
#8719),(#8720,#8721),(#8722,#8723)),.UNSPECIFIED.,.F.,.F.,.F.,(4,1,4),(2,
2),(0.,0.00133130947689518,0.00265522106024317),(0.,0.17),.UNSPECIFIED.);
#5836=B_SPLINE_SURFACE_WITH_KNOTS('',3,1,((#8739,#8740),(#8741,#8742),(#8743,
#8744),(#8745,#8746),(#8747,#8748)),.UNSPECIFIED.,.F.,.F.,.F.,(4,1,4),(2,
2),(0.,0.00132385867881112,0.00265515136652591),(0.,0.17),.UNSPECIFIED.);
#5837=B_SPLINE_SURFACE_WITH_KNOTS('',3,1,((#8764,#8765),(#8766,#8767),(#8768,
#8769),(#8770,#8771),(#8772,#8773)),.UNSPECIFIED.,.F.,.F.,.F.,(4,1,4),(2,
2),(0.,0.00108165476302367,0.00219969834839384),(0.,0.17),.UNSPECIFIED.);
#5838=B_SPLINE_SURFACE_WITH_KNOTS('',3,1,((#8795,#8796),(#8797,#8798),(#8799,
#8800),(#8801,#8802),(#8803,#8804)),.UNSPECIFIED.,.F.,.F.,.F.,(4,1,4),(2,
2),(0.,0.100882714530452,0.135480491068271),(0.,0.17),.UNSPECIFIED.);
#5839=B_SPLINE_SURFACE_WITH_KNOTS('',3,1,((#8823,#8824),(#8825,#8826),(#8827,
#8828),(#8829,#8830),(#8831,#8832)),.UNSPECIFIED.,.F.,.F.,.F.,(4,1,4),(2,
2),(0.,0.00448420615673354,0.00896673558503128),(0.,0.17),.UNSPECIFIED.);
#5840=B_SPLINE_SURFACE_WITH_KNOTS('',3,1,((#8848,#8849),(#8850,#8851),(#8852,
#8853),(#8854,#8855),(#8856,#8857)),.UNSPECIFIED.,.F.,.F.,.F.,(4,1,4),(2,
2),(0.,0.00445350379668211,0.008781017077952),(0.,0.17),.UNSPECIFIED.);
#5841=B_SPLINE_SURFACE_WITH_KNOTS('',3,1,((#8882,#8883),(#8884,#8885),(#8886,
#8887),(#8888,#8889),(#8890,#8891)),.UNSPECIFIED.,.F.,.F.,.F.,(4,1,4),(2,
2),(0.,0.00433819579610159,0.00873141175370557),(0.,0.17),.UNSPECIFIED.);
#5842=B_SPLINE_SURFACE_WITH_KNOTS('',3,1,((#8913,#8914),(#8915,#8916),(#8917,
#8918),(#8919,#8920),(#8921,#8922)),.UNSPECIFIED.,.F.,.F.,.F.,(4,1,4),(2,
2),(0.,0.0161992689984467,0.0580550474494533),(0.,0.17),.UNSPECIFIED.);
#5843=B_SPLINE_SURFACE_WITH_KNOTS('',3,1,((#8956,#8957),(#8958,#8959),(#8960,
#8961),(#8962,#8963),(#8964,#8965)),.UNSPECIFIED.,.F.,.F.,.F.,(4,1,4),(2,
2),(0.,0.00543370008134943,0.0106839373590188),(0.,0.17),.UNSPECIFIED.);
#5844=B_SPLINE_SURFACE_WITH_KNOTS('',3,1,((#8987,#8988),(#8989,#8990),(#8991,
#8992),(#8993,#8994),(#8995,#8996)),.UNSPECIFIED.,.F.,.F.,.F.,(4,1,4),(2,
2),(0.,0.0138464773290172,0.0277275726025136),(0.,0.17),.UNSPECIFIED.);
#5845=B_SPLINE_SURFACE_WITH_KNOTS('',3,1,((#9018,#9019),(#9020,#9021),(#9022,
#9023),(#9024,#9025),(#9026,#9027)),.UNSPECIFIED.,.F.,.F.,.F.,(4,1,4),(2,
2),(0.,0.0140456790511588,0.0280684565522452),(0.,0.17),.UNSPECIFIED.);
#5846=B_SPLINE_SURFACE_WITH_KNOTS('',3,1,((#9049,#9050),(#9051,#9052),(#9053,
#9054),(#9055,#9056),(#9057,#9058)),.UNSPECIFIED.,.F.,.F.,.F.,(4,1,4),(2,
2),(0.,0.0139410425425927,0.0279300559096514),(0.,0.17),.UNSPECIFIED.);
#5847=B_SPLINE_SURFACE_WITH_KNOTS('',3,1,((#9092,#9093),(#9094,#9095),(#9096,
#9097),(#9098,#9099),(#9100,#9101)),.UNSPECIFIED.,.F.,.F.,.F.,(4,1,4),(2,
2),(0.,0.0139330549297604,0.0278638017653833),(0.,0.17),.UNSPECIFIED.);
#5848=B_SPLINE_SURFACE_WITH_KNOTS('',3,1,((#9117,#9118),(#9119,#9120),(#9121,
#9122),(#9123,#9124),(#9125,#9126)),.UNSPECIFIED.,.F.,.F.,.F.,(4,1,4),(2,
2),(0.,0.014147626177965,0.0281697810826491),(0.,0.17),.UNSPECIFIED.);
#5849=B_SPLINE_SURFACE_WITH_KNOTS('',3,1,((#9151,#9152),(#9153,#9154),(#9155,
#9156),(#9157,#9158),(#9159,#9160)),.UNSPECIFIED.,.F.,.F.,.F.,(4,1,4),(2,
2),(0.,0.0138810952734964,0.0277275726025136),(0.,0.17),.UNSPECIFIED.);
#5850=B_SPLINE_SURFACE_WITH_KNOTS('',3,1,((#9182,#9183),(#9184,#9185),(#9186,
#9187),(#9188,#9189),(#9190,#9191)),.UNSPECIFIED.,.F.,.F.,.F.,(4,1,4),(2,
2),(0.,0.00525024309621949,0.0106839296026407),(0.,0.17),.UNSPECIFIED.);
#5851=B_SPLINE_SURFACE_WITH_KNOTS('',3,1,((#9219,#9220),(#9221,#9222),(#9223,
#9224),(#9225,#9226),(#9227,#9228)),.UNSPECIFIED.,.F.,.F.,.F.,(4,1,4),(2,
2),(0.,0.00163247891464271,0.00317678444876035),(0.,0.17),.UNSPECIFIED.);
#5852=B_SPLINE_SURFACE_WITH_KNOTS('',3,1,((#9250,#9251),(#9252,#9253),(#9254,
#9255),(#9256,#9257),(#9258,#9259)),.UNSPECIFIED.,.F.,.F.,.F.,(4,1,4),(2,
2),(0.,0.00453047378475342,0.00906536373393988),(0.,0.17),.UNSPECIFIED.);
#5853=B_SPLINE_SURFACE_WITH_KNOTS('',3,1,((#9293,#9294),(#9295,#9296),(#9297,
#9298),(#9299,#9300),(#9301,#9302)),.UNSPECIFIED.,.F.,.F.,.F.,(4,1,4),(2,
2),(0.,0.011691118277167,0.0232523461252684),(0.,0.17),.UNSPECIFIED.);
#5854=B_SPLINE_SURFACE_WITH_KNOTS('',3,1,((#9327,#9328),(#9329,#9330),(#9331,
#9332),(#9333,#9334),(#9335,#9336)),.UNSPECIFIED.,.F.,.F.,.F.,(4,1,4),(2,
2),(0.,0.00872841829834934,0.0176584156214222),(0.,0.17),.UNSPECIFIED.);
#5855=B_SPLINE_SURFACE_WITH_KNOTS('',3,1,((#9361,#9362),(#9363,#9364),(#9365,
#9366),(#9367,#9368),(#9369,#9370)),.UNSPECIFIED.,.F.,.F.,.F.,(4,1,4),(2,
2),(0.,0.0421103441732204,0.059057652469262),(0.,0.17),.UNSPECIFIED.);
#5856=B_SPLINE_SURFACE_WITH_KNOTS('',3,1,((#9390,#9391),(#9392,#9393),(#9394,
#9395),(#9396,#9397),(#9398,#9399)),.UNSPECIFIED.,.F.,.F.,.F.,(4,1,4),(2,
2),(0.,0.00593492306236611,0.0115029029454812),(0.,0.17),.UNSPECIFIED.);
#5857=B_SPLINE_SURFACE_WITH_KNOTS('',3,1,((#9433,#9434),(#9435,#9436),(#9437,
#9438),(#9439,#9440),(#9441,#9442)),.UNSPECIFIED.,.F.,.F.,.F.,(4,1,4),(2,
2),(0.,0.00541682807520904,0.0110170990546178),(0.,0.17),.UNSPECIFIED.);
#5858=B_SPLINE_SURFACE_WITH_KNOTS('',3,1,((#9467,#9468),(#9469,#9470),(#9471,
#9472),(#9473,#9474),(#9475,#9476)),.UNSPECIFIED.,.F.,.F.,.F.,(4,1,4),(2,
2),(0.,0.00857019103075647,0.017219565424811),(0.,0.17),.UNSPECIFIED.);
#5859=B_SPLINE_SURFACE_WITH_KNOTS('',3,1,((#9498,#9499),(#9500,#9501),(#9502,
#9503),(#9504,#9505),(#9506,#9507)),.UNSPECIFIED.,.F.,.F.,.F.,(4,1,4),(2,
2),(0.,0.00845287729092706,0.0168580915370418),(0.,0.17),.UNSPECIFIED.);
#5860=B_SPLINE_SURFACE_WITH_KNOTS('',3,1,((#9529,#9530),(#9531,#9532),(#9533,
#9534),(#9535,#9536),(#9537,#9538)),.UNSPECIFIED.,.F.,.F.,.F.,(4,1,4),(2,
2),(0.,0.00573174395687583,0.0113059946886095),(0.,0.17),.UNSPECIFIED.);
#5861=B_SPLINE_SURFACE_WITH_KNOTS('',3,1,((#9569,#9570),(#9571,#9572),(#9573,
#9574),(#9575,#9576),(#9577,#9578)),.UNSPECIFIED.,.F.,.F.,.F.,(4,1,4),(2,
2),(0.,0.00556797988311511,0.0115029029454812),(0.,0.17),.UNSPECIFIED.);
#5862=B_SPLINE_SURFACE_WITH_KNOTS('',3,1,((#9603,#9604),(#9605,#9606),(#9607,
#9608),(#9609,#9610),(#9611,#9612)),.UNSPECIFIED.,.F.,.F.,.F.,(4,1,4),(2,
2),(0.,0.0104291820501733,0.0208431363438797),(0.,0.17),.UNSPECIFIED.);
#5863=B_SPLINE_SURFACE_WITH_KNOTS('',3,1,((#9652,#9653),(#9654,#9655),(#9656,
#9657),(#9658,#9659),(#9660,#9661)),.UNSPECIFIED.,.F.,.F.,.F.,(4,1,4),(2,
2),(0.,0.00305931737925018,0.0062216561092959),(0.,0.17),.UNSPECIFIED.);
#5864=B_SPLINE_SURFACE_WITH_KNOTS('',3,1,((#9686,#9687),(#9688,#9689),(#9690,
#9691),(#9692,#9693),(#9694,#9695)),.UNSPECIFIED.,.F.,.F.,.F.,(4,1,4),(2,
2),(0.,0.00166504476672535,0.00328754757560082),(0.,0.17),.UNSPECIFIED.);
#5865=B_SPLINE_SURFACE_WITH_KNOTS('',3,1,((#9717,#9718),(#9719,#9720),(#9721,
#9722),(#9723,#9724),(#9725,#9726)),.UNSPECIFIED.,.F.,.F.,.F.,(4,1,4),(2,
2),(0.,0.0104139542937063,0.0208432346437788),(0.,0.17),.UNSPECIFIED.);
#5866=B_SPLINE_SURFACE_WITH_KNOTS('',3,1,((#9766,#9767),(#9768,#9769),(#9770,
#9771),(#9772,#9773),(#9774,#9775)),.UNSPECIFIED.,.F.,.F.,.F.,(4,1,4),(2,
2),(0.,0.0031622407169369,0.00622167499037879),(0.,0.17),.UNSPECIFIED.);
#5867=B_SPLINE_SURFACE_WITH_KNOTS('',3,1,((#9800,#9801),(#9802,#9803),(#9804,
#9805),(#9806,#9807),(#9808,#9809)),.UNSPECIFIED.,.F.,.F.,.F.,(4,1,4),(2,
2),(0.,0.00162243668446983,0.00328756020436955),(0.,0.17),.UNSPECIFIED.);
#5868=B_SPLINE_SURFACE_WITH_KNOTS('',3,1,((#9837,#9838),(#9839,#9840),(#9841,
#9842),(#9843,#9844),(#9845,#9846)),.UNSPECIFIED.,.F.,.F.,.F.,(4,1,4),(2,
2),(0.,0.0122218419138377,0.0240604551519273),(0.,0.17),.UNSPECIFIED.);
#5869=B_SPLINE_SURFACE_WITH_KNOTS('',3,1,((#9871,#9872),(#9873,#9874),(#9875,
#9876),(#9877,#9878),(#9879,#9880)),.UNSPECIFIED.,.F.,.F.,.F.,(4,1,4),(2,
2),(0.,0.0182692246049101,0.0364499946539154),(0.,0.17),.UNSPECIFIED.);
#5870=B_SPLINE_SURFACE_WITH_KNOTS('',3,1,((#9905,#9906),(#9907,#9908),(#9909,
#9910),(#9911,#9912),(#9913,#9914)),.UNSPECIFIED.,.F.,.F.,.F.,(4,1,4),(2,
2),(0.,0.0181394444612379,0.0362612280993236),(0.,0.17),.UNSPECIFIED.);
#5871=B_SPLINE_SURFACE_WITH_KNOTS('',3,1,((#9936,#9937),(#9938,#9939),(#9940,
#9941),(#9942,#9943),(#9944,#9945)),.UNSPECIFIED.,.F.,.F.,.F.,(4,1,4),(2,
2),(0.,0.0114962276369672,0.0234286179619867),(0.,0.17),.UNSPECIFIED.);
#5872=B_SPLINE_SURFACE_WITH_KNOTS('',3,1,((#9995,#9996),(#9997,#9998),(#9999,
#10000),(#10001,#10002),(#10003,#10004)),.UNSPECIFIED.,.F.,.F.,.F.,(4,1,
4),(2,2),(0.,0.0543783311196396,0.118151988488791),(0.,0.17),
 .UNSPECIFIED.);
#5873=B_SPLINE_SURFACE_WITH_KNOTS('',3,1,((#10047,#10048),(#10049,#10050),
(#10051,#10052),(#10053,#10054),(#10055,#10056)),.UNSPECIFIED.,.F.,.F.,
 .F.,(4,1,4),(2,2),(0.,0.0535238736907091,0.106325377297329),(0.,0.17),
 .UNSPECIFIED.);
#5874=B_SPLINE_SURFACE_WITH_KNOTS('',3,1,((#10102,#10103),(#10104,#10105),
(#10106,#10107),(#10108,#10109),(#10110,#10111)),.UNSPECIFIED.,.F.,.F.,
 .F.,(4,1,4),(2,2),(0.,0.0493205425292226,0.103202306684792),(0.,0.17),
 .UNSPECIFIED.);
#5875=B_SPLINE_SURFACE_WITH_KNOTS('',3,1,((#10148,#10149),(#10150,#10151),
(#10152,#10153),(#10154,#10155),(#10156,#10157)),.UNSPECIFIED.,.F.,.F.,
 .F.,(4,1,4),(2,2),(0.,0.00375753369536395,0.00788060647650478),(0.,0.17),
 .UNSPECIFIED.);
#5876=B_SPLINE_SURFACE_WITH_KNOTS('',3,1,((#10227,#10228),(#10229,#10230),
(#10231,#10232),(#10233,#10234),(#10235,#10236)),.UNSPECIFIED.,.F.,.F.,
 .F.,(4,1,4),(2,2),(0.,0.0608013313536941,0.118768208052817),(0.,0.17),
 .UNSPECIFIED.);
#5877=B_SPLINE_SURFACE_WITH_KNOTS('',3,1,((#10308,#10309),(#10310,#10311),
(#10312,#10313),(#10314,#10315),(#10316,#10317)),.UNSPECIFIED.,.F.,.F.,
 .F.,(4,1,4),(2,2),(0.,0.0210522543412664,0.0422621814032709),(0.,0.17),
 .UNSPECIFIED.);
#5878=B_SPLINE_SURFACE_WITH_KNOTS('',3,1,((#10345,#10346),(#10347,#10348),
(#10349,#10350),(#10351,#10352),(#10353,#10354)),.UNSPECIFIED.,.F.,.F.,
 .F.,(4,1,4),(2,2),(0.,0.00853716778101037,0.0167189929880202),(0.,0.17),
 .UNSPECIFIED.);
#5879=B_SPLINE_SURFACE_WITH_KNOTS('',3,1,((#10427,#10428),(#10429,#10430),
(#10431,#10432),(#10433,#10434),(#10435,#10436)),.UNSPECIFIED.,.F.,.F.,
 .F.,(4,1,4),(2,2),(0.,0.0138541848238818,0.0276514159626086),(0.,0.17),
 .UNSPECIFIED.);
#5880=B_SPLINE_SURFACE_WITH_KNOTS('',3,1,((#10458,#10459),(#10460,#10461),
(#10462,#10463),(#10464,#10465),(#10466,#10467)),.UNSPECIFIED.,.F.,.F.,
 .F.,(4,1,4),(2,2),(0.,0.0076904169097529,0.0121269474821139),(0.,0.17),
 .UNSPECIFIED.);
#5881=B_SPLINE_SURFACE_WITH_KNOTS('',3,1,((#10521,#10522),(#10523,#10524),
(#10525,#10526),(#10527,#10528),(#10529,#10530)),.UNSPECIFIED.,.F.,.F.,
 .F.,(4,1,4),(2,2),(0.,0.0195672695481477,0.0420564237046691),(0.,0.17),
 .UNSPECIFIED.);
#5882=B_SPLINE_SURFACE_WITH_KNOTS('',3,1,((#10567,#10568),(#10569,#10570),
(#10571,#10572),(#10573,#10574),(#10575,#10576)),.UNSPECIFIED.,.F.,.F.,
 .F.,(4,1,4),(2,2),(0.,0.0208086476698951,0.0404707682588426),(0.,0.17),
 .UNSPECIFIED.);
#5883=B_SPLINE_SURFACE_WITH_KNOTS('',3,1,((#10751,#10752),(#10753,#10754),
(#10755,#10756),(#10757,#10758),(#10759,#10760)),.UNSPECIFIED.,.F.,.F.,
 .F.,(4,1,4),(2,2),(0.,0.0031622407169369,0.00622167499037879),(0.,0.17),
 .UNSPECIFIED.);
#5884=B_SPLINE_SURFACE_WITH_KNOTS('',3,1,((#10806,#10807),(#10808,#10809),
(#10810,#10811),(#10812,#10813),(#10814,#10815)),.UNSPECIFIED.,.F.,.F.,
 .F.,(4,1,4),(2,2),(0.,0.0103846297031495,0.0207857999451306),(0.,0.17),
 .UNSPECIFIED.);
#5885=B_SPLINE_SURFACE_WITH_KNOTS('',3,1,((#10837,#10838),(#10839,#10840),
(#10841,#10842),(#10843,#10844),(#10845,#10846)),.UNSPECIFIED.,.F.,.F.,
 .F.,(4,1,4),(2,2),(0.,0.0035046320347121,0.00669562750442462),(0.,0.17),
 .UNSPECIFIED.);
#5886=B_SPLINE_SURFACE_WITH_KNOTS('',3,1,((#10874,#10875),(#10876,#10877),
(#10878,#10879),(#10880,#10881),(#10882,#10883)),.UNSPECIFIED.,.F.,.F.,
 .F.,(4,1,4),(2,2),(0.,0.00218002720003389,0.00440992664506904),(0.,0.17),
 .UNSPECIFIED.);
#5887=B_SPLINE_SURFACE_WITH_KNOTS('',3,1,((#10946,#10947),(#10948,#10949),
(#10950,#10951),(#10952,#10953),(#10954,#10955)),.UNSPECIFIED.,.F.,.F.,
 .F.,(4,1,4),(2,2),(0.,0.00536676092650738,0.0108094107135761),(0.,0.17),
 .UNSPECIFIED.);
#5888=B_SPLINE_SURFACE_WITH_KNOTS('',3,1,((#10980,#10981),(#10982,#10983),
(#10984,#10985),(#10986,#10987),(#10988,#10989)),.UNSPECIFIED.,.F.,.F.,
 .F.,(4,1,4),(2,2),(0.,0.00563939735902496,0.0111731498757158),(0.,0.17),
 .UNSPECIFIED.);
#5889=B_SPLINE_SURFACE_WITH_KNOTS('',3,1,((#11014,#11015),(#11016,#11017),
(#11018,#11019),(#11020,#11021),(#11022,#11023)),.UNSPECIFIED.,.F.,.F.,
 .F.,(4,1,4),(2,2),(0.,0.00419076783511212,0.00822341247853663),(0.,0.17),
 .UNSPECIFIED.);
#5890=B_SPLINE_SURFACE_WITH_KNOTS('',3,1,((#11054,#11055),(#11056,#11057),
(#11058,#11059),(#11060,#11061),(#11062,#11063)),.UNSPECIFIED.,.F.,.F.,
 .F.,(4,1,4),(2,2),(0.,0.00892327213205996,0.0166940646262905),(0.,0.17),
 .UNSPECIFIED.);
#5891=B_SPLINE_SURFACE_WITH_KNOTS('',3,1,((#11091,#11092),(#11093,#11094),
(#11095,#11096),(#11097,#11098),(#11099,#11100)),.UNSPECIFIED.,.F.,.F.,
 .F.,(4,1,4),(2,2),(0.,0.0137305053621622,0.027478568841798),(0.,0.17),
 .UNSPECIFIED.);
#5892=B_SPLINE_SURFACE_WITH_KNOTS('',3,1,((#11140,#11141),(#11142,#11143),
(#11144,#11145),(#11146,#11147),(#11148,#11149)),.UNSPECIFIED.,.F.,.F.,
 .F.,(4,1,4),(2,2),(0.,0.0232206525431567,0.0465204025907634),(0.,0.17),
 .UNSPECIFIED.);
#5893=B_SPLINE_SURFACE_WITH_KNOTS('',3,1,((#11171,#11172),(#11173,#11174),
(#11175,#11176),(#11177,#11178),(#11179,#11180)),.UNSPECIFIED.,.F.,.F.,
 .F.,(4,1,4),(2,2),(0.,0.0129004654061269,0.0263393258698218),(0.,0.17),
 .UNSPECIFIED.);
#5894=B_SPLINE_SURFACE_WITH_KNOTS('',3,1,((#11211,#11212),(#11213,#11214),
(#11215,#11216),(#11217,#11218),(#11219,#11220)),.UNSPECIFIED.,.F.,.F.,
 .F.,(4,1,4),(2,2),(0.,0.00403882990891251,0.00813917193150361),(0.,0.17),
 .UNSPECIFIED.);
#5895=B_SPLINE_SURFACE_WITH_KNOTS('',3,1,((#11248,#11249),(#11250,#11251),
(#11252,#11253),(#11254,#11255),(#11256,#11257)),.UNSPECIFIED.,.F.,.F.,
 .F.,(4,1,4),(2,2),(0.,0.00777079249423056,0.0166940646262905),(0.,0.17),
 .UNSPECIFIED.);
#5896=B_SPLINE_SURFACE_WITH_KNOTS('',3,1,((#11285,#11286),(#11287,#11288),
(#11289,#11290),(#11291,#11292),(#11293,#11294)),.UNSPECIFIED.,.F.,.F.,
 .F.,(4,1,4),(2,2),(0.,0.0137480691157752,0.0274786556543141),(0.,0.17),
 .UNSPECIFIED.);
#5897=B_SPLINE_SURFACE_WITH_KNOTS('',3,1,((#11334,#11335),(#11336,#11337),
(#11338,#11339),(#11340,#11341),(#11342,#11343)),.UNSPECIFIED.,.F.,.F.,
 .F.,(4,1,4),(2,2),(0.,0.0232997669315008,0.0465204138275193),(0.,0.17),
 .UNSPECIFIED.);
#5898=B_SPLINE_SURFACE_WITH_KNOTS('',3,1,((#11368,#11369),(#11370,#11371),
(#11372,#11373),(#11374,#11375),(#11376,#11377)),.UNSPECIFIED.,.F.,.F.,
 .F.,(4,1,4),(2,2),(0.,0.0134388875190898,0.0263393760269505),(0.,0.17),
 .UNSPECIFIED.);
#5899=B_SPLINE_SURFACE_WITH_KNOTS('',3,1,((#11406,#11407),(#11408,#11409),
(#11410,#11411),(#11412,#11413),(#11414,#11415)),.UNSPECIFIED.,.F.,.F.,
 .F.,(4,1,4),(2,2),(0.,0.00111801826196286,0.00219971848636814),(0.,0.17),
 .UNSPECIFIED.);
#5900=B_SPLINE_SURFACE_WITH_KNOTS('',3,1,((#11440,#11441),(#11442,#11443),
(#11444,#11445),(#11446,#11447),(#11448,#11449)),.UNSPECIFIED.,.F.,.F.,
 .F.,(4,1,4),(2,2),(0.,0.00133135032906595,0.00265520619386273),(0.,0.17),
 .UNSPECIFIED.);
#5901=B_SPLINE_SURFACE_WITH_KNOTS('',3,1,((#11465,#11466),(#11467,#11468),
(#11469,#11470),(#11471,#11472),(#11473,#11474)),.UNSPECIFIED.,.F.,.F.,
 .F.,(4,1,4),(2,2),(0.,0.00132379733261305,0.002655147661679),(0.,0.17),
 .UNSPECIFIED.);
#5902=B_SPLINE_SURFACE_WITH_KNOTS('',3,1,((#11490,#11491),(#11492,#11493),
(#11494,#11495),(#11496,#11497),(#11498,#11499)),.UNSPECIFIED.,.F.,.F.,
 .F.,(4,1,4),(2,2),(0.,0.00103074217596757,0.00190397667146901),(0.,0.17),
 .UNSPECIFIED.);
#5903=B_SPLINE_SURFACE_WITH_KNOTS('',3,1,((#11527,#11528),(#11529,#11530),
(#11531,#11532),(#11533,#11534),(#11535,#11536)),.UNSPECIFIED.,.F.,.F.,
 .F.,(4,1,4),(2,2),(0.,0.00764786489275616,0.0159574801770683),(0.,0.17),
 .UNSPECIFIED.);
#5904=B_SPLINE_SURFACE_WITH_KNOTS('',3,1,((#11564,#11565),(#11566,#11567),
(#11568,#11569),(#11570,#11571),(#11572,#11573)),.UNSPECIFIED.,.F.,.F.,
 .F.,(4,1,4),(2,2),(0.,0.0146862083578146,0.0293955742607365),(0.,0.17),
 .UNSPECIFIED.);
#5905=B_SPLINE_SURFACE_WITH_KNOTS('',3,1,((#11613,#11614),(#11615,#11616),
(#11617,#11618),(#11619,#11620),(#11621,#11622)),.UNSPECIFIED.,.F.,.F.,
 .F.,(4,1,4),(2,2),(0.,0.0243292267297122,0.0486259837751596),(0.,0.17),
 .UNSPECIFIED.);
#5906=B_SPLINE_SURFACE_WITH_KNOTS('',3,1,((#11644,#11645),(#11646,#11647),
(#11648,#11649),(#11650,#11651),(#11652,#11653)),.UNSPECIFIED.,.F.,.F.,
 .F.,(4,1,4),(2,2),(0.,0.0181799797077663,0.0360330640172784),(0.,0.17),
 .UNSPECIFIED.);
#5907=B_SPLINE_SURFACE_WITH_KNOTS('',3,1,((#11690,#11691),(#11692,#11693),
(#11694,#11695),(#11696,#11697),(#11698,#11699)),.UNSPECIFIED.,.F.,.F.,
 .F.,(4,1,4),(2,2),(0.,0.00525025132670823,0.0106839378331294),(0.,0.17),
 .UNSPECIFIED.);
#5908=B_SPLINE_SURFACE_WITH_KNOTS('',3,1,((#11721,#11722),(#11723,#11724),
(#11725,#11726),(#11727,#11728),(#11729,#11730)),.UNSPECIFIED.,.F.,.F.,
 .F.,(4,1,4),(2,2),(0.,0.0138811238819367,0.0277276075065563),(0.,0.17),
 .UNSPECIFIED.);
#5909=B_SPLINE_SURFACE_WITH_KNOTS('',3,1,((#11752,#11753),(#11754,#11755),
(#11756,#11757),(#11758,#11759),(#11760,#11761)),.UNSPECIFIED.,.F.,.F.,
 .F.,(4,1,4),(2,2),(0.,0.0140228361585561,0.0280684591936433),(0.,0.17),
 .UNSPECIFIED.);
#5910=B_SPLINE_SURFACE_WITH_KNOTS('',3,1,((#11783,#11784),(#11785,#11786),
(#11787,#11788),(#11789,#11790),(#11791,#11792)),.UNSPECIFIED.,.F.,.F.,
 .F.,(4,1,4),(2,2),(0.,0.0139889688415395,0.0279300495428808),(0.,0.17),
 .UNSPECIFIED.);
#5911=B_SPLINE_SURFACE_WITH_KNOTS('',3,1,((#11820,#11821),(#11822,#11823),
(#11824,#11825),(#11826,#11827),(#11828,#11829)),.UNSPECIFIED.,.F.,.F.,
 .F.,(4,1,4),(2,2),(0.,0.0357283309682419,0.138927610346061),(0.,0.17),
 .UNSPECIFIED.);
#5912=B_SPLINE_SURFACE_WITH_KNOTS('',3,1,((#11854,#11855),(#11856,#11857),
(#11858,#11859),(#11860,#11861),(#11862,#11863)),.UNSPECIFIED.,.F.,.F.,
 .F.,(4,1,4),(2,2),(0.,0.00433824285394707,0.00873139131296769),(0.,0.17),
 .UNSPECIFIED.);
#5913=B_SPLINE_SURFACE_WITH_KNOTS('',3,1,((#11885,#11886),(#11887,#11888),
(#11889,#11890),(#11891,#11892),(#11893,#11894)),.UNSPECIFIED.,.F.,.F.,
 .F.,(4,1,4),(2,2),(0.,0.00438322579794537,0.00868583939478646),(0.,0.17),
 .UNSPECIFIED.);
#5914=B_SPLINE_SURFACE_WITH_KNOTS('',3,1,((#11916,#11917),(#11918,#11919),
(#11920,#11921),(#11922,#11923),(#11924,#11925)),.UNSPECIFIED.,.F.,.F.,
 .F.,(4,1,4),(2,2),(0.,0.00433817621747472,0.00873136402212241),(0.,0.17),
 .UNSPECIFIED.);
#5915=B_SPLINE_SURFACE_WITH_KNOTS('',3,1,((#11947,#11948),(#11949,#11950),
(#11951,#11952),(#11953,#11954),(#11955,#11956)),.UNSPECIFIED.,.F.,.F.,
 .F.,(4,1,4),(2,2),(0.,0.101283190506354,0.135723288194794),(0.,0.17),
 .UNSPECIFIED.);
#5916=B_SPLINE_SURFACE_WITH_KNOTS('',3,1,((#11975,#11976),(#11977,#11978),
(#11979,#11980),(#11981,#11982),(#11983,#11984)),.UNSPECIFIED.,.F.,.F.,
 .F.,(4,1,4),(2,2),(0.,0.00117154106571454,0.00229959209424197),(0.,0.17),
 .UNSPECIFIED.);
#5917=B_SPLINE_SURFACE_WITH_KNOTS('',3,1,((#12006,#12007),(#12008,#12009),
(#12010,#12011),(#12012,#12013),(#12014,#12015)),.UNSPECIFIED.,.F.,.F.,
 .F.,(4,1,4),(2,2),(0.,0.00127478230183715,0.00248513154508479),(0.,0.17),
 .UNSPECIFIED.);
#5918=B_SPLINE_SURFACE_WITH_KNOTS('',3,1,((#12037,#12038),(#12039,#12040),
(#12041,#12042),(#12043,#12044),(#12045,#12046)),.UNSPECIFIED.,.F.,.F.,
 .F.,(4,1,4),(2,2),(0.,0.00133135032906595,0.002655147661679),(0.,0.17),
 .UNSPECIFIED.);
#5919=B_SPLINE_SURFACE_WITH_KNOTS('',3,1,((#12062,#12063),(#12064,#12065),
(#12066,#12067),(#12068,#12069),(#12070,#12071)),.UNSPECIFIED.,.F.,.F.,
 .F.,(4,1,4),(2,2),(0.,0.000873234495501441,0.00190401425590178),(0.,0.17),
 .UNSPECIFIED.);
#5920=B_SPLINE_SURFACE_WITH_KNOTS('',3,1,((#12099,#12100),(#12101,#12102),
(#12103,#12104),(#12105,#12106),(#12107,#12108)),.UNSPECIFIED.,.F.,.F.,
 .F.,(4,1,4),(2,2),(0.,0.00830961528431216,0.0159575074548451),(0.,0.17),
 .UNSPECIFIED.);
#5921=B_SPLINE_SURFACE_WITH_KNOTS('',3,1,((#12133,#12134),(#12135,#12136),
(#12137,#12138),(#12139,#12140),(#12141,#12142)),.UNSPECIFIED.,.F.,.F.,
 .F.,(4,1,4),(2,2),(0.,0.0147093659029219,0.0293955742607365),(0.,0.17),
 .UNSPECIFIED.);
#5922=B_SPLINE_SURFACE_WITH_KNOTS('',3,1,((#12182,#12183),(#12184,#12185),
(#12186,#12187),(#12188,#12189),(#12190,#12191)),.UNSPECIFIED.,.F.,.F.,
 .F.,(4,1,4),(2,2),(0.,0.0242967570454474,0.0486260423281685),(0.,0.17),
 .UNSPECIFIED.);
#5923=B_SPLINE_SURFACE_WITH_KNOTS('',3,1,((#12213,#12214),(#12215,#12216),
(#12217,#12218),(#12219,#12220),(#12221,#12222)),.UNSPECIFIED.,.F.,.F.,
 .F.,(4,1,4),(2,2),(0.,0.0178530843095122,0.0360330640172784),(0.,0.17),
 .UNSPECIFIED.);
#5924=B_SPLINE_SURFACE_WITH_KNOTS('',3,1,((#12251,#12252),(#12253,#12254),
(#12255,#12256),(#12257,#12258),(#12259,#12260)),.UNSPECIFIED.,.F.,.F.,
 .F.,(4,1,4),(2,2),(0.,0.00536681034906533,0.0108094601361341),(0.,0.17),
 .UNSPECIFIED.);
#5925=B_SPLINE_SURFACE_WITH_KNOTS('',3,1,((#12285,#12286),(#12287,#12288),
(#12289,#12290),(#12291,#12292),(#12293,#12294)),.UNSPECIFIED.,.F.,.F.,
 .F.,(4,1,4),(2,2),(0.,0.00563933869897592,0.0111730912156667),(0.,0.17),
 .UNSPECIFIED.);
#5926=B_SPLINE_SURFACE_WITH_KNOTS('',3,1,((#12319,#12320),(#12321,#12322),
(#12323,#12324),(#12325,#12326),(#12327,#12328)),.UNSPECIFIED.,.F.,.F.,
 .F.,(4,1,4),(2,2),(0.,0.00419076783511212,0.00822345238535763),(0.,0.17),
 .UNSPECIFIED.);
#5927=B_SPLINE_SURFACE_WITH_KNOTS('',3,1,((#12359,#12360),(#12361,#12362),
(#12363,#12364),(#12365,#12366),(#12367,#12368)),.UNSPECIFIED.,.F.,.F.,
 .F.,(4,1,4),(2,2),(0.,0.00892327213205996,0.0166940646262905),(0.,0.17),
 .UNSPECIFIED.);
#5928=B_SPLINE_SURFACE_WITH_KNOTS('',3,1,((#12396,#12397),(#12398,#12399),
(#12400,#12401),(#12402,#12403),(#12404,#12405)),.UNSPECIFIED.,.F.,.F.,
 .F.,(4,1,4),(2,2),(0.,0.0137306034684719,0.0274787254771719),(0.,0.17),
 .UNSPECIFIED.);
#5929=B_SPLINE_SURFACE_WITH_KNOTS('',3,1,((#12445,#12446),(#12447,#12448),
(#12449,#12450),(#12451,#12452),(#12453,#12454)),.UNSPECIFIED.,.F.,.F.,
 .F.,(4,1,4),(2,2),(0.,0.023220711067959,0.0465204611155658),(0.,0.17),
 .UNSPECIFIED.);
#5930=B_SPLINE_SURFACE_WITH_KNOTS('',3,1,((#12476,#12477),(#12478,#12479),
(#12480,#12481),(#12482,#12483),(#12484,#12485)),.UNSPECIFIED.,.F.,.F.,
 .F.,(4,1,4),(2,2),(0.,0.0129005030619637,0.0263393635256585),(0.,0.17),
 .UNSPECIFIED.);
#5931=B_SPLINE_SURFACE_WITH_KNOTS('',3,1,((#12516,#12517),(#12518,#12519),
(#12520,#12521),(#12522,#12523),(#12524,#12525)),.UNSPECIFIED.,.F.,.F.,
 .F.,(4,1,4),(2,2),(0.,0.00403887418091789,0.00813917986168537),(0.,0.17),
 .UNSPECIFIED.);
#5932=B_SPLINE_SURFACE_WITH_KNOTS('',3,1,((#12553,#12554),(#12555,#12556),
(#12557,#12558),(#12559,#12560),(#12561,#12562)),.UNSPECIFIED.,.F.,.F.,
 .F.,(4,1,4),(2,2),(0.,0.00777075606014149,0.0166940539090376),(0.,0.17),
 .UNSPECIFIED.);
#5933=B_SPLINE_SURFACE_WITH_KNOTS('',3,1,((#12590,#12591),(#12592,#12593),
(#12594,#12595),(#12596,#12597),(#12598,#12599)),.UNSPECIFIED.,.F.,.F.,
 .F.,(4,1,4),(2,2),(0.,0.0137481276448154,0.0274787141833544),(0.,0.17),
 .UNSPECIFIED.);
#5934=B_SPLINE_SURFACE_WITH_KNOTS('',3,1,((#12639,#12640),(#12641,#12642),
(#12643,#12644),(#12645,#12646),(#12647,#12648)),.UNSPECIFIED.,.F.,.F.,
 .F.,(4,1,4),(2,2),(0.,0.0232998160482069,0.0465204629442254),(0.,0.17),
 .UNSPECIFIED.);
#5935=B_SPLINE_SURFACE_WITH_KNOTS('',3,1,((#12673,#12674),(#12675,#12676),
(#12677,#12678),(#12679,#12680),(#12681,#12682)),.UNSPECIFIED.,.F.,.F.,
 .F.,(4,1,4),(2,2),(0.,0.0134388338521749,0.0263393600158049),(0.,0.17),
 .UNSPECIFIED.);
#5936=ADVANCED_FACE('',(#1522),#5807,.T.);
#5937=ADVANCED_FACE('',(#1523),#1336,.F.);
#5938=ADVANCED_FACE('',(#1524),#5808,.T.);
#5939=ADVANCED_FACE('',(#1525),#1337,.F.);
#5940=ADVANCED_FACE('',(#1526),#1338,.T.);
#5941=ADVANCED_FACE('',(#1527,#33,#34,#35,#36),#1339,.T.);
#5942=ADVANCED_FACE('',(#1528),#1340,.F.);
#5943=ADVANCED_FACE('',(#1529),#1341,.F.);
#5944=ADVANCED_FACE('',(#1530),#1342,.F.);
#5945=ADVANCED_FACE('',(#1531),#1343,.F.);
#5946=ADVANCED_FACE('',(#1532),#1344,.F.);
#5947=ADVANCED_FACE('',(#1533),#1345,.F.);
#5948=ADVANCED_FACE('',(#1534),#1346,.F.);
#5949=ADVANCED_FACE('',(#1535),#1347,.F.);
#5950=ADVANCED_FACE('',(#1536),#1348,.F.);
#5951=ADVANCED_FACE('',(#1537),#5809,.F.);
#5952=ADVANCED_FACE('',(#1538),#1349,.F.);
#5953=ADVANCED_FACE('',(#1539),#5810,.F.);
#5954=ADVANCED_FACE('',(#1540),#5811,.F.);
#5955=ADVANCED_FACE('',(#1541),#5812,.F.);
#5956=ADVANCED_FACE('',(#1542),#5813,.F.);
#5957=ADVANCED_FACE('',(#1543),#1350,.F.);
#5958=ADVANCED_FACE('',(#1544),#5814,.F.);
#5959=ADVANCED_FACE('',(#1545),#5815,.F.);
#5960=ADVANCED_FACE('',(#1546),#1351,.F.);
#5961=ADVANCED_FACE('',(#1547),#1352,.F.);
#5962=ADVANCED_FACE('',(#1548),#1353,.F.);
#5963=ADVANCED_FACE('',(#1549),#5816,.F.);
#5964=ADVANCED_FACE('',(#1550),#5817,.F.);
#5965=ADVANCED_FACE('',(#1551),#5818,.F.);
#5966=ADVANCED_FACE('',(#1552),#1354,.F.);
#5967=ADVANCED_FACE('',(#1553),#1355,.F.);
#5968=ADVANCED_FACE('',(#1554),#1356,.F.);
#5969=ADVANCED_FACE('',(#1555),#5819,.F.);
#5970=ADVANCED_FACE('',(#1556),#5820,.F.);
#5971=ADVANCED_FACE('',(#1557),#1357,.F.);
#5972=ADVANCED_FACE('',(#1558),#5821,.F.);
#5973=ADVANCED_FACE('',(#1559),#5822,.F.);
#5974=ADVANCED_FACE('',(#1560),#5823,.F.);
#5975=ADVANCED_FACE('',(#1561),#5824,.F.);
#5976=ADVANCED_FACE('',(#1562),#1358,.F.);
#5977=ADVANCED_FACE('',(#1563),#1359,.T.);
#5978=ADVANCED_FACE('',(#1564),#5825,.F.);
#5979=ADVANCED_FACE('',(#1565),#5826,.F.);
#5980=ADVANCED_FACE('',(#1566),#1360,.F.);
#5981=ADVANCED_FACE('',(#1567),#1361,.F.);
#5982=ADVANCED_FACE('',(#1568),#1362,.F.);
#5983=ADVANCED_FACE('',(#1569),#5827,.F.);
#5984=ADVANCED_FACE('',(#1570),#5828,.F.);
#5985=ADVANCED_FACE('',(#1571),#5829,.F.);
#5986=ADVANCED_FACE('',(#1572),#5830,.F.);
#5987=ADVANCED_FACE('',(#1573),#5831,.F.);
#5988=ADVANCED_FACE('',(#1574),#5832,.F.);
#5989=ADVANCED_FACE('',(#1575),#5833,.F.);
#5990=ADVANCED_FACE('',(#1576),#5834,.F.);
#5991=ADVANCED_FACE('',(#1577),#5835,.F.);
#5992=ADVANCED_FACE('',(#1578),#5836,.F.);
#5993=ADVANCED_FACE('',(#1579),#5837,.F.);
#5994=ADVANCED_FACE('',(#1580),#5838,.F.);
#5995=ADVANCED_FACE('',(#1581),#5839,.F.);
#5996=ADVANCED_FACE('',(#1582),#5840,.F.);
#5997=ADVANCED_FACE('',(#1583),#5841,.F.);
#5998=ADVANCED_FACE('',(#1584),#5842,.F.);
#5999=ADVANCED_FACE('',(#1585),#1363,.F.);
#6000=ADVANCED_FACE('',(#1586),#5843,.F.);
#6001=ADVANCED_FACE('',(#1587),#5844,.F.);
#6002=ADVANCED_FACE('',(#1588),#5845,.F.);
#6003=ADVANCED_FACE('',(#1589),#5846,.F.);
#6004=ADVANCED_FACE('',(#1590),#1364,.F.);
#6005=ADVANCED_FACE('',(#1591),#1365,.F.);
#6006=ADVANCED_FACE('',(#1592),#5847,.F.);
#6007=ADVANCED_FACE('',(#1593),#5848,.F.);
#6008=ADVANCED_FACE('',(#1594),#5849,.F.);
#6009=ADVANCED_FACE('',(#1595),#5850,.F.);
#6010=ADVANCED_FACE('',(#1596),#1366,.F.);
#6011=ADVANCED_FACE('',(#1597),#5851,.F.);
#6012=ADVANCED_FACE('',(#1598),#5852,.F.);
#6013=ADVANCED_FACE('',(#1599),#1367,.F.);
#6014=ADVANCED_FACE('',(#1600),#1368,.F.);
#6015=ADVANCED_FACE('',(#1601),#1369,.F.);
#6016=ADVANCED_FACE('',(#1602),#5853,.F.);
#6017=ADVANCED_FACE('',(#1603),#5854,.F.);
#6018=ADVANCED_FACE('',(#1604),#5855,.F.);
#6019=ADVANCED_FACE('',(#1605),#1370,.T.);
#6020=ADVANCED_FACE('',(#1606),#5856,.F.);
#6021=ADVANCED_FACE('',(#1607),#1371,.F.);
#6022=ADVANCED_FACE('',(#1608),#5857,.F.);
#6023=ADVANCED_FACE('',(#1609),#5858,.F.);
#6024=ADVANCED_FACE('',(#1610),#5859,.F.);
#6025=ADVANCED_FACE('',(#1611),#5860,.F.);
#6026=ADVANCED_FACE('',(#1612),#1372,.F.);
#6027=ADVANCED_FACE('',(#1613),#5861,.F.);
#6028=ADVANCED_FACE('',(#1614),#5862,.F.);
#6029=ADVANCED_FACE('',(#1615),#1373,.F.);
#6030=ADVANCED_FACE('',(#1616),#1374,.F.);
#6031=ADVANCED_FACE('',(#1617),#1375,.F.);
#6032=ADVANCED_FACE('',(#1618),#5863,.F.);
#6033=ADVANCED_FACE('',(#1619),#5864,.F.);
#6034=ADVANCED_FACE('',(#1620),#5865,.F.);
#6035=ADVANCED_FACE('',(#1621),#1376,.F.);
#6036=ADVANCED_FACE('',(#1622),#1377,.F.);
#6037=ADVANCED_FACE('',(#1623),#1378,.F.);
#6038=ADVANCED_FACE('',(#1624),#5866,.F.);
#6039=ADVANCED_FACE('',(#1625),#5867,.F.);
#6040=ADVANCED_FACE('',(#1626),#1379,.F.);
#6041=ADVANCED_FACE('',(#1627),#5868,.F.);
#6042=ADVANCED_FACE('',(#1628),#5869,.F.);
#6043=ADVANCED_FACE('',(#1629),#5870,.F.);
#6044=ADVANCED_FACE('',(#1630),#5871,.F.);
#6045=ADVANCED_FACE('',(#1631),#1380,.F.);
#6046=ADVANCED_FACE('',(#1632),#1381,.T.);
#6047=ADVANCED_FACE('',(#1633),#1382,.F.);
#6048=ADVANCED_FACE('',(#1634),#1383,.F.);
#6049=ADVANCED_FACE('',(#1635),#1384,.F.);
#6050=ADVANCED_FACE('',(#1636),#5872,.F.);
#6051=ADVANCED_FACE('',(#1637),#1385,.F.);
#6052=ADVANCED_FACE('',(#1638),#5873,.F.);
#6053=ADVANCED_FACE('',(#1639),#1386,.F.);
#6054=ADVANCED_FACE('',(#1640),#1387,.F.);
#6055=ADVANCED_FACE('',(#1641),#1388,.F.);
#6056=ADVANCED_FACE('',(#1642),#5874,.F.);
#6057=ADVANCED_FACE('',(#1643),#1389,.F.);
#6058=ADVANCED_FACE('',(#1644),#5875,.F.);
#6059=ADVANCED_FACE('',(#1645),#1390,.F.);
#6060=ADVANCED_FACE('',(#1646),#1391,.F.);
#6061=ADVANCED_FACE('',(#1647),#1392,.F.);
#6062=ADVANCED_FACE('',(#1648),#1393,.F.);
#6063=ADVANCED_FACE('',(#1649),#1394,.F.);
#6064=ADVANCED_FACE('',(#1650),#5876,.F.);
#6065=ADVANCED_FACE('',(#1651),#1395,.F.);
#6066=ADVANCED_FACE('',(#1652),#1396,.T.);
#6067=ADVANCED_FACE('',(#1653),#1397,.F.);
#6068=ADVANCED_FACE('',(#1654),#1398,.F.);
#6069=ADVANCED_FACE('',(#1655),#1399,.F.);
#6070=ADVANCED_FACE('',(#1656),#1400,.F.);
#6071=ADVANCED_FACE('',(#1657),#1401,.F.);
#6072=ADVANCED_FACE('',(#1658),#1402,.F.);
#6073=ADVANCED_FACE('',(#1659),#1403,.F.);
#6074=ADVANCED_FACE('',(#1660),#5877,.F.);
#6075=ADVANCED_FACE('',(#1661),#5878,.F.);
#6076=ADVANCED_FACE('',(#1662),#1404,.F.);
#6077=ADVANCED_FACE('',(#1663),#1405,.F.);
#6078=ADVANCED_FACE('',(#1664),#1406,.F.);
#6079=ADVANCED_FACE('',(#1665),#1407,.F.);
#6080=ADVANCED_FACE('',(#1666),#1408,.F.);
#6081=ADVANCED_FACE('',(#1667),#1409,.F.);
#6082=ADVANCED_FACE('',(#1668),#1410,.F.);
#6083=ADVANCED_FACE('',(#1669),#1411,.F.);
#6084=ADVANCED_FACE('',(#1670),#5879,.F.);
#6085=ADVANCED_FACE('',(#1671),#5880,.F.);
#6086=ADVANCED_FACE('',(#1672),#1412,.F.);
#6087=ADVANCED_FACE('',(#1673),#1413,.T.);
#6088=ADVANCED_FACE('',(#1674),#1414,.F.);
#6089=ADVANCED_FACE('',(#1675),#1415,.F.);
#6090=ADVANCED_FACE('',(#1676),#1416,.F.);
#6091=ADVANCED_FACE('',(#1677),#1417,.F.);
#6092=ADVANCED_FACE('',(#1678),#1418,.F.);
#6093=ADVANCED_FACE('',(#1679),#5881,.F.);
#6094=ADVANCED_FACE('',(#1680),#1419,.F.);
#6095=ADVANCED_FACE('',(#1681),#5882,.F.);
#6096=ADVANCED_FACE('',(#1682),#1420,.F.);
#6097=ADVANCED_FACE('',(#1683),#1421,.T.);
#6098=ADVANCED_FACE('',(#1684),#1422,.F.);
#6099=ADVANCED_FACE('',(#1685),#1423,.F.);
#6100=ADVANCED_FACE('',(#1686),#1424,.F.);
#6101=ADVANCED_FACE('',(#1687),#1425,.F.);
#6102=ADVANCED_FACE('',(#1688),#1426,.F.);
#6103=ADVANCED_FACE('',(#1689),#1427,.F.);
#6104=ADVANCED_FACE('',(#1690),#1428,.F.);
#6105=ADVANCED_FACE('',(#1691),#1429,.F.);
#6106=ADVANCED_FACE('',(#1692),#1430,.F.);
#6107=ADVANCED_FACE('',(#1693),#1431,.F.);
#6108=ADVANCED_FACE('',(#1694),#1432,.F.);
#6109=ADVANCED_FACE('',(#1695),#1433,.F.);
#6110=ADVANCED_FACE('',(#1696),#1434,.F.);
#6111=ADVANCED_FACE('',(#1697),#1435,.F.);
#6112=ADVANCED_FACE('',(#1698),#1436,.F.);
#6113=ADVANCED_FACE('',(#1699),#1437,.F.);
#6114=ADVANCED_FACE('',(#1700),#1438,.F.);
#6115=ADVANCED_FACE('',(#1701),#1439,.F.);
#6116=ADVANCED_FACE('',(#1702),#1440,.F.);
#6117=ADVANCED_FACE('',(#1703),#1441,.F.);
#6118=ADVANCED_FACE('',(#1704),#1442,.F.);
#6119=ADVANCED_FACE('',(#1705),#1443,.F.);
#6120=ADVANCED_FACE('',(#1706),#1444,.F.);
#6121=ADVANCED_FACE('',(#1707),#1445,.F.);
#6122=ADVANCED_FACE('',(#1708),#1446,.F.);
#6123=ADVANCED_FACE('',(#1709),#1447,.F.);
#6124=ADVANCED_FACE('',(#1710),#5883,.F.);
#6125=ADVANCED_FACE('',(#1711),#1448,.F.);
#6126=ADVANCED_FACE('',(#1712),#1449,.F.);
#6127=ADVANCED_FACE('',(#1713),#1450,.F.);
#6128=ADVANCED_FACE('',(#1714),#5884,.F.);
#6129=ADVANCED_FACE('',(#1715),#5885,.F.);
#6130=ADVANCED_FACE('',(#1716),#1451,.F.);
#6131=ADVANCED_FACE('',(#1717),#5886,.F.);
#6132=ADVANCED_FACE('',(#1718),#1452,.F.);
#6133=ADVANCED_FACE('',(#1719),#1453,.F.);
#6134=ADVANCED_FACE('',(#1720),#1454,.F.);
#6135=ADVANCED_FACE('',(#1721),#1455,.F.);
#6136=ADVANCED_FACE('',(#1722),#1456,.T.);
#6137=ADVANCED_FACE('',(#1723),#1457,.F.);
#6138=ADVANCED_FACE('',(#1724),#1458,.F.);
#6139=ADVANCED_FACE('',(#1725),#1459,.F.);
#6140=ADVANCED_FACE('',(#1726),#1460,.F.);
#6141=ADVANCED_FACE('',(#1727),#1461,.F.);
#6142=ADVANCED_FACE('',(#1728),#5887,.F.);
#6143=ADVANCED_FACE('',(#1729),#5888,.F.);
#6144=ADVANCED_FACE('',(#1730),#5889,.F.);
#6145=ADVANCED_FACE('',(#1731),#1462,.F.);
#6146=ADVANCED_FACE('',(#1732),#5890,.F.);
#6147=ADVANCED_FACE('',(#1733),#5891,.F.);
#6148=ADVANCED_FACE('',(#1734),#1463,.F.);
#6149=ADVANCED_FACE('',(#1735),#1464,.F.);
#6150=ADVANCED_FACE('',(#1736),#1465,.F.);
#6151=ADVANCED_FACE('',(#1737),#5892,.F.);
#6152=ADVANCED_FACE('',(#1738),#5893,.F.);
#6153=ADVANCED_FACE('',(#1739),#1466,.F.);
#6154=ADVANCED_FACE('',(#1740),#5894,.F.);
#6155=ADVANCED_FACE('',(#1741),#1467,.F.);
#6156=ADVANCED_FACE('',(#1742),#5895,.F.);
#6157=ADVANCED_FACE('',(#1743),#5896,.F.);
#6158=ADVANCED_FACE('',(#1744),#1468,.F.);
#6159=ADVANCED_FACE('',(#1745),#1469,.F.);
#6160=ADVANCED_FACE('',(#1746),#1470,.F.);
#6161=ADVANCED_FACE('',(#1747),#5897,.F.);
#6162=ADVANCED_FACE('',(#1748),#5898,.F.);
#6163=ADVANCED_FACE('',(#1749),#1471,.F.);
#6164=ADVANCED_FACE('',(#1750),#1472,.T.);
#6165=ADVANCED_FACE('',(#1751),#5899,.F.);
#6166=ADVANCED_FACE('',(#1752),#5900,.F.);
#6167=ADVANCED_FACE('',(#1753),#5901,.F.);
#6168=ADVANCED_FACE('',(#1754),#5902,.F.);
#6169=ADVANCED_FACE('',(#1755),#1473,.F.);
#6170=ADVANCED_FACE('',(#1756),#5903,.F.);
#6171=ADVANCED_FACE('',(#1757),#5904,.F.);
#6172=ADVANCED_FACE('',(#1758),#1474,.F.);
#6173=ADVANCED_FACE('',(#1759),#1475,.F.);
#6174=ADVANCED_FACE('',(#1760),#1476,.F.);
#6175=ADVANCED_FACE('',(#1761),#5905,.F.);
#6176=ADVANCED_FACE('',(#1762),#5906,.F.);
#6177=ADVANCED_FACE('',(#1763),#1477,.F.);
#6178=ADVANCED_FACE('',(#1764),#1478,.F.);
#6179=ADVANCED_FACE('',(#1765),#5907,.F.);
#6180=ADVANCED_FACE('',(#1766),#5908,.F.);
#6181=ADVANCED_FACE('',(#1767),#5909,.F.);
#6182=ADVANCED_FACE('',(#1768),#5910,.F.);
#6183=ADVANCED_FACE('',(#1769),#1479,.F.);
#6184=ADVANCED_FACE('',(#1770),#5911,.F.);
#6185=ADVANCED_FACE('',(#1771),#5912,.F.);
#6186=ADVANCED_FACE('',(#1772),#5913,.F.);
#6187=ADVANCED_FACE('',(#1773),#5914,.F.);
#6188=ADVANCED_FACE('',(#1774),#5915,.F.);
#6189=ADVANCED_FACE('',(#1775),#5916,.F.);
#6190=ADVANCED_FACE('',(#1776),#5917,.F.);
#6191=ADVANCED_FACE('',(#1777),#5918,.F.);
#6192=ADVANCED_FACE('',(#1778),#5919,.F.);
#6193=ADVANCED_FACE('',(#1779),#1480,.F.);
#6194=ADVANCED_FACE('',(#1780),#5920,.F.);
#6195=ADVANCED_FACE('',(#1781),#5921,.F.);
#6196=ADVANCED_FACE('',(#1782),#1481,.F.);
#6197=ADVANCED_FACE('',(#1783),#1482,.F.);
#6198=ADVANCED_FACE('',(#1784),#1483,.F.);
#6199=ADVANCED_FACE('',(#1785),#5922,.F.);
#6200=ADVANCED_FACE('',(#1786),#5923,.F.);
#6201=ADVANCED_FACE('',(#1787),#1484,.F.);
#6202=ADVANCED_FACE('',(#1788),#1485,.T.);
#6203=ADVANCED_FACE('',(#1789),#5924,.F.);
#6204=ADVANCED_FACE('',(#1790),#5925,.F.);
#6205=ADVANCED_FACE('',(#1791),#5926,.F.);
#6206=ADVANCED_FACE('',(#1792),#1486,.F.);
#6207=ADVANCED_FACE('',(#1793),#5927,.F.);
#6208=ADVANCED_FACE('',(#1794),#5928,.F.);
#6209=ADVANCED_FACE('',(#1795),#1487,.F.);
#6210=ADVANCED_FACE('',(#1796),#1488,.F.);
#6211=ADVANCED_FACE('',(#1797),#1489,.F.);
#6212=ADVANCED_FACE('',(#1798),#5929,.F.);
#6213=ADVANCED_FACE('',(#1799),#5930,.F.);
#6214=ADVANCED_FACE('',(#1800),#1490,.F.);
#6215=ADVANCED_FACE('',(#1801),#5931,.F.);
#6216=ADVANCED_FACE('',(#1802),#1491,.F.);
#6217=ADVANCED_FACE('',(#1803),#5932,.F.);
#6218=ADVANCED_FACE('',(#1804),#5933,.F.);
#6219=ADVANCED_FACE('',(#1805),#1492,.F.);
#6220=ADVANCED_FACE('',(#1806),#1493,.F.);
#6221=ADVANCED_FACE('',(#1807),#1494,.F.);
#6222=ADVANCED_FACE('',(#1808),#5934,.F.);
#6223=ADVANCED_FACE('',(#1809),#5935,.F.);
#6224=ADVANCED_FACE('',(#1810),#1495,.F.);
#6225=ADVANCED_FACE('',(#1811),#1496,.T.);
#6226=ADVANCED_FACE('',(#1812),#1497,.F.);
#6227=ADVANCED_FACE('',(#1813),#1498,.F.);
#6228=ADVANCED_FACE('',(#1814),#1499,.F.);
#6229=ADVANCED_FACE('',(#1815),#1500,.F.);
#6230=ADVANCED_FACE('',(#1816),#1501,.F.);
#6231=ADVANCED_FACE('',(#1817),#1502,.F.);
#6232=ADVANCED_FACE('',(#1818),#1503,.F.);
#6233=ADVANCED_FACE('',(#1819),#1504,.F.);
#6234=ADVANCED_FACE('',(#1820),#1505,.F.);
#6235=ADVANCED_FACE('',(#1821),#1506,.F.);
#6236=ADVANCED_FACE('',(#1822),#1507,.F.);
#6237=ADVANCED_FACE('',(#1823),#1508,.F.);
#6238=ADVANCED_FACE('',(#1824),#1509,.T.);
#6239=ADVANCED_FACE('',(#1825),#21,.T.);
#6240=ADVANCED_FACE('',(#1826),#1510,.T.);
#6241=ADVANCED_FACE('',(#1827,#37,#38,#39,#40),#1511,.F.);
#6242=ADVANCED_FACE('',(#1828),#22,.T.);
#6243=ADVANCED_FACE('',(#1829),#1512,.T.);
#6244=ADVANCED_FACE('',(#1830),#23,.T.);
#6245=ADVANCED_FACE('',(#1831),#24,.T.);
#6246=ADVANCED_FACE('',(#1832,#41,#42,#43,#44,#45,#46,#47,#48,#49,#50,#51,
#52,#53,#54,#55,#56,#57,#58),#1513,.T.);
#6247=ADVANCED_FACE('',(#1833),#1514,.T.);
#6248=ADVANCED_FACE('',(#1834),#25,.F.);
#6249=ADVANCED_FACE('',(#1835),#26,.F.);
#6250=ADVANCED_FACE('',(#1836),#27,.F.);
#6251=ADVANCED_FACE('',(#1837),#28,.F.);
#6252=ADVANCED_FACE('',(#1838,#59),#1515,.T.);
#6253=ADVANCED_FACE('',(#1839),#1516,.T.);
#6254=ADVANCED_FACE('',(#1840),#1517,.T.);
#6255=ADVANCED_FACE('',(#1841),#29,.F.);
#6256=ADVANCED_FACE('',(#1842,#60),#1518,.F.);
#6257=ADVANCED_FACE('',(#1843),#30,.F.);
#6258=ADVANCED_FACE('',(#1844,#61),#1519,.F.);
#6259=ADVANCED_FACE('',(#1845),#31,.F.);
#6260=ADVANCED_FACE('',(#1846,#62),#1520,.F.);
#6261=ADVANCED_FACE('',(#1847),#32,.F.);
#6262=ADVANCED_FACE('',(#1848,#63),#1521,.F.);
#6263=CLOSED_SHELL('',(#5936,#5937,#5938,#5939,#5940,#5941,#5942,#5943,
#5944,#5945,#5946,#5947,#5948,#5949,#5950,#5951,#5952,#5953,#5954,#5955,
#5956,#5957,#5958,#5959,#5960,#5961,#5962,#5963,#5964,#5965,#5966,#5967,
#5968,#5969,#5970,#5971,#5972,#5973,#5974,#5975,#5976,#5977,#5978,#5979,
#5980,#5981,#5982,#5983,#5984,#5985,#5986,#5987,#5988,#5989,#5990,#5991,
#5992,#5993,#5994,#5995,#5996,#5997,#5998,#5999,#6000,#6001,#6002,#6003,
#6004,#6005,#6006,#6007,#6008,#6009,#6010,#6011,#6012,#6013,#6014,#6015,
#6016,#6017,#6018,#6019,#6020,#6021,#6022,#6023,#6024,#6025,#6026,#6027,
#6028,#6029,#6030,#6031,#6032,#6033,#6034,#6035,#6036,#6037,#6038,#6039,
#6040,#6041,#6042,#6043,#6044,#6045,#6046,#6047,#6048,#6049,#6050,#6051,
#6052,#6053,#6054,#6055,#6056,#6057,#6058,#6059,#6060,#6061,#6062,#6063,
#6064,#6065,#6066,#6067,#6068,#6069,#6070,#6071,#6072,#6073,#6074,#6075,
#6076,#6077,#6078,#6079,#6080,#6081,#6082,#6083,#6084,#6085,#6086,#6087,
#6088,#6089,#6090,#6091,#6092,#6093,#6094,#6095,#6096,#6097,#6098,#6099,
#6100,#6101,#6102,#6103,#6104,#6105,#6106,#6107,#6108,#6109,#6110,#6111,
#6112,#6113,#6114,#6115,#6116,#6117,#6118,#6119,#6120,#6121,#6122,#6123,
#6124,#6125,#6126,#6127,#6128,#6129,#6130,#6131,#6132,#6133,#6134,#6135,
#6136,#6137,#6138,#6139,#6140,#6141,#6142,#6143,#6144,#6145,#6146,#6147,
#6148,#6149,#6150,#6151,#6152,#6153,#6154,#6155,#6156,#6157,#6158,#6159,
#6160,#6161,#6162,#6163,#6164,#6165,#6166,#6167,#6168,#6169,#6170,#6171,
#6172,#6173,#6174,#6175,#6176,#6177,#6178,#6179,#6180,#6181,#6182,#6183,
#6184,#6185,#6186,#6187,#6188,#6189,#6190,#6191,#6192,#6193,#6194,#6195,
#6196,#6197,#6198,#6199,#6200,#6201,#6202,#6203,#6204,#6205,#6206,#6207,
#6208,#6209,#6210,#6211,#6212,#6213,#6214,#6215,#6216,#6217,#6218,#6219,
#6220,#6221,#6222,#6223,#6224,#6225,#6226,#6227,#6228,#6229,#6230,#6231,
#6232,#6233,#6234,#6235,#6236,#6237,#6238,#6239,#6240,#6241,#6242,#6243,
#6244,#6245,#6246,#6247,#6248,#6249,#6250,#6251,#6252,#6253,#6254,#6255,
#6256,#6257,#6258,#6259,#6260,#6261,#6262));
#6264=AXIS2_PLACEMENT_3D('',#7563,#6489,#6490);
#6265=AXIS2_PLACEMENT_3D('',#7564,#6491,#6492);
#6266=AXIS2_PLACEMENT_3D('',#7631,#6493,#6494);
#6267=AXIS2_PLACEMENT_3D('',#7703,#6498,#6499);
#6268=AXIS2_PLACEMENT_3D('',#7709,#6503,#6504);
#6269=AXIS2_PLACEMENT_3D('',#7720,#6511,#6512);
#6270=AXIS2_PLACEMENT_3D('',#7724,#6514,#6515);
#6271=AXIS2_PLACEMENT_3D('',#7728,#6517,#6518);
#6272=AXIS2_PLACEMENT_3D('',#7732,#6520,#6521);
#6273=AXIS2_PLACEMENT_3D('',#7736,#6523,#6524);
#6274=AXIS2_PLACEMENT_3D('',#7744,#6529,#6530);
#6275=AXIS2_PLACEMENT_3D('',#7746,#6531,#6532);
#6276=AXIS2_PLACEMENT_3D('',#7748,#6533,#6534);
#6277=AXIS2_PLACEMENT_3D('',#7750,#6535,#6536);
#6278=AXIS2_PLACEMENT_3D('',#7751,#6537,#6538);
#6279=AXIS2_PLACEMENT_3D('',#7753,#6540,#6541);
#6280=AXIS2_PLACEMENT_3D('',#7762,#6546,#6547);
#6281=AXIS2_PLACEMENT_3D('',#7771,#6552,#6553);
#6282=AXIS2_PLACEMENT_3D('',#7777,#6557,#6558);
#6283=AXIS2_PLACEMENT_3D('',#7783,#6562,#6563);
#6284=AXIS2_PLACEMENT_3D('',#7789,#6567,#6568);
#6285=AXIS2_PLACEMENT_3D('',#7795,#6572,#6573);
#6286=AXIS2_PLACEMENT_3D('',#7798,#6576,#6577);
#6287=AXIS2_PLACEMENT_3D('',#7836,#6580,#6581);
#6288=AXIS2_PLACEMENT_3D('',#7972,#6589,#6590);
#6289=AXIS2_PLACEMENT_3D('',#8043,#6596,#6597);
#6290=AXIS2_PLACEMENT_3D('',#8049,#6601,#6602);
#6291=AXIS2_PLACEMENT_3D('',#8055,#6606,#6607);
#6292=AXIS2_PLACEMENT_3D('',#8157,#6614,#6615);
#6293=AXIS2_PLACEMENT_3D('',#8163,#6619,#6620);
#6294=AXIS2_PLACEMENT_3D('',#8169,#6624,#6625);
#6295=AXIS2_PLACEMENT_3D('',#8240,#6631,#6632);
#6296=AXIS2_PLACEMENT_3D('',#8379,#6640,#6641);
#6297=AXIS2_PLACEMENT_3D('',#8382,#6644,#6645);
#6298=AXIS2_PLACEMENT_3D('',#8442,#6649,#6650);
#6299=AXIS2_PLACEMENT_3D('',#8448,#6654,#6655);
#6300=AXIS2_PLACEMENT_3D('',#8454,#6659,#6660);
#6301=AXIS2_PLACEMENT_3D('',#8950,#6680,#6681);
#6302=AXIS2_PLACEMENT_3D('',#9080,#6689,#6690);
#6303=AXIS2_PLACEMENT_3D('',#9086,#6694,#6695);
#6304=AXIS2_PLACEMENT_3D('',#9213,#6703,#6704);
#6305=AXIS2_PLACEMENT_3D('',#9275,#6710,#6711);
#6306=AXIS2_PLACEMENT_3D('',#9281,#6715,#6716);
#6307=AXIS2_PLACEMENT_3D('',#9287,#6720,#6721);
#6308=AXIS2_PLACEMENT_3D('',#9389,#6727,#6728);
#6309=AXIS2_PLACEMENT_3D('',#9427,#6731,#6732);
#6310=AXIS2_PLACEMENT_3D('',#9563,#6740,#6741);
#6311=AXIS2_PLACEMENT_3D('',#9634,#6747,#6748);
#6312=AXIS2_PLACEMENT_3D('',#9640,#6752,#6753);
#6313=AXIS2_PLACEMENT_3D('',#9646,#6757,#6758);
#6314=AXIS2_PLACEMENT_3D('',#9748,#6765,#6766);
#6315=AXIS2_PLACEMENT_3D('',#9754,#6770,#6771);
#6316=AXIS2_PLACEMENT_3D('',#9760,#6775,#6776);
#6317=AXIS2_PLACEMENT_3D('',#9831,#6782,#6783);
#6318=AXIS2_PLACEMENT_3D('',#9970,#6791,#6792);
#6319=AXIS2_PLACEMENT_3D('',#9973,#6795,#6796);
#6320=AXIS2_PLACEMENT_3D('',#9974,#6797,#6798);
#6321=AXIS2_PLACEMENT_3D('',#9983,#6803,#6804);
#6322=AXIS2_PLACEMENT_3D('',#9989,#6808,#6809);
#6323=AXIS2_PLACEMENT_3D('',#10041,#6814,#6815);
#6324=AXIS2_PLACEMENT_3D('',#10084,#6820,#6821);
#6325=AXIS2_PLACEMENT_3D('',#10090,#6825,#6826);
#6326=AXIS2_PLACEMENT_3D('',#10096,#6830,#6831);
#6327=AXIS2_PLACEMENT_3D('',#10142,#6836,#6837);
#6328=AXIS2_PLACEMENT_3D('',#10197,#6842,#6843);
#6329=AXIS2_PLACEMENT_3D('',#10203,#6847,#6848);
#6330=AXIS2_PLACEMENT_3D('',#10209,#6852,#6853);
#6331=AXIS2_PLACEMENT_3D('',#10215,#6857,#6858);
#6332=AXIS2_PLACEMENT_3D('',#10221,#6862,#6863);
#6333=AXIS2_PLACEMENT_3D('',#10267,#6868,#6869);
#6334=AXIS2_PLACEMENT_3D('',#10270,#6872,#6873);
#6335=AXIS2_PLACEMENT_3D('',#10271,#6874,#6875);
#6336=AXIS2_PLACEMENT_3D('',#10280,#6880,#6881);
#6337=AXIS2_PLACEMENT_3D('',#10286,#6885,#6886);
#6338=AXIS2_PLACEMENT_3D('',#10292,#6890,#6891);
#6339=AXIS2_PLACEMENT_3D('',#10298,#6895,#6896);
#6340=AXIS2_PLACEMENT_3D('',#10304,#6900,#6901);
#6341=AXIS2_PLACEMENT_3D('',#10307,#6904,#6905);
#6342=AXIS2_PLACEMENT_3D('',#10379,#6909,#6910);
#6343=AXIS2_PLACEMENT_3D('',#10385,#6914,#6915);
#6344=AXIS2_PLACEMENT_3D('',#10391,#6919,#6920);
#6345=AXIS2_PLACEMENT_3D('',#10397,#6924,#6925);
#6346=AXIS2_PLACEMENT_3D('',#10403,#6929,#6930);
#6347=AXIS2_PLACEMENT_3D('',#10409,#6934,#6935);
#6348=AXIS2_PLACEMENT_3D('',#10415,#6939,#6940);
#6349=AXIS2_PLACEMENT_3D('',#10421,#6944,#6945);
#6350=AXIS2_PLACEMENT_3D('',#10492,#6951,#6952);
#6351=AXIS2_PLACEMENT_3D('',#10495,#6955,#6956);
#6352=AXIS2_PLACEMENT_3D('',#10496,#6957,#6958);
#6353=AXIS2_PLACEMENT_3D('',#10505,#6963,#6964);
#6354=AXIS2_PLACEMENT_3D('',#10511,#6968,#6969);
#6355=AXIS2_PLACEMENT_3D('',#10517,#6973,#6974);
#6356=AXIS2_PLACEMENT_3D('',#10520,#6977,#6978);
#6357=AXIS2_PLACEMENT_3D('',#10561,#6981,#6982);
#6358=AXIS2_PLACEMENT_3D('',#10601,#6987,#6988);
#6359=AXIS2_PLACEMENT_3D('',#10604,#6991,#6992);
#6360=AXIS2_PLACEMENT_3D('',#10605,#6993,#6994);
#6361=AXIS2_PLACEMENT_3D('',#10614,#6999,#7000);
#6362=AXIS2_PLACEMENT_3D('',#10620,#7004,#7005);
#6363=AXIS2_PLACEMENT_3D('',#10626,#7009,#7010);
#6364=AXIS2_PLACEMENT_3D('',#10632,#7014,#7015);
#6365=AXIS2_PLACEMENT_3D('',#10638,#7019,#7020);
#6366=AXIS2_PLACEMENT_3D('',#10644,#7024,#7025);
#6367=AXIS2_PLACEMENT_3D('',#10650,#7029,#7030);
#6368=AXIS2_PLACEMENT_3D('',#10656,#7034,#7035);
#6369=AXIS2_PLACEMENT_3D('',#10662,#7039,#7040);
#6370=AXIS2_PLACEMENT_3D('',#10668,#7044,#7045);
#6371=AXIS2_PLACEMENT_3D('',#10674,#7049,#7050);
#6372=AXIS2_PLACEMENT_3D('',#10680,#7054,#7055);
#6373=AXIS2_PLACEMENT_3D('',#10686,#7059,#7060);
#6374=AXIS2_PLACEMENT_3D('',#10692,#7064,#7065);
#6375=AXIS2_PLACEMENT_3D('',#10698,#7069,#7070);
#6376=AXIS2_PLACEMENT_3D('',#10704,#7074,#7075);
#6377=AXIS2_PLACEMENT_3D('',#10710,#7079,#7080);
#6378=AXIS2_PLACEMENT_3D('',#10716,#7084,#7085);
#6379=AXIS2_PLACEMENT_3D('',#10722,#7089,#7090);
#6380=AXIS2_PLACEMENT_3D('',#10725,#7093,#7094);
#6381=AXIS2_PLACEMENT_3D('',#10726,#7095,#7096);
#6382=AXIS2_PLACEMENT_3D('',#10735,#7101,#7102);
#6383=AXIS2_PLACEMENT_3D('',#10741,#7106,#7107);
#6384=AXIS2_PLACEMENT_3D('',#10747,#7111,#7112);
#6385=AXIS2_PLACEMENT_3D('',#10750,#7115,#7116);
#6386=AXIS2_PLACEMENT_3D('',#10788,#7119,#7120);
#6387=AXIS2_PLACEMENT_3D('',#10794,#7124,#7125);
#6388=AXIS2_PLACEMENT_3D('',#10800,#7129,#7130);
#6389=AXIS2_PLACEMENT_3D('',#10868,#7136,#7137);
#6390=AXIS2_PLACEMENT_3D('',#10899,#7142,#7143);
#6391=AXIS2_PLACEMENT_3D('',#10905,#7147,#7148);
#6392=AXIS2_PLACEMENT_3D('',#10911,#7152,#7153);
#6393=AXIS2_PLACEMENT_3D('',#10917,#7157,#7158);
#6394=AXIS2_PLACEMENT_3D('',#10920,#7161,#7162);
#6395=AXIS2_PLACEMENT_3D('',#10921,#7163,#7164);
#6396=AXIS2_PLACEMENT_3D('',#10930,#7169,#7170);
#6397=AXIS2_PLACEMENT_3D('',#10936,#7174,#7175);
#6398=AXIS2_PLACEMENT_3D('',#10942,#7179,#7180);
#6399=AXIS2_PLACEMENT_3D('',#10945,#7183,#7184);
#6400=AXIS2_PLACEMENT_3D('',#11048,#7189,#7190);
#6401=AXIS2_PLACEMENT_3D('',#11122,#7196,#7197);
#6402=AXIS2_PLACEMENT_3D('',#11128,#7201,#7202);
#6403=AXIS2_PLACEMENT_3D('',#11134,#7206,#7207);
#6404=AXIS2_PLACEMENT_3D('',#11205,#7213,#7214);
#6405=AXIS2_PLACEMENT_3D('',#11242,#7219,#7220);
#6406=AXIS2_PLACEMENT_3D('',#11316,#7226,#7227);
#6407=AXIS2_PLACEMENT_3D('',#11322,#7231,#7232);
#6408=AXIS2_PLACEMENT_3D('',#11328,#7236,#7237);
#6409=AXIS2_PLACEMENT_3D('',#11402,#7243,#7244);
#6410=AXIS2_PLACEMENT_3D('',#11405,#7247,#7248);
#6411=AXIS2_PLACEMENT_3D('',#11521,#7254,#7255);
#6412=AXIS2_PLACEMENT_3D('',#11595,#7261,#7262);
#6413=AXIS2_PLACEMENT_3D('',#11601,#7266,#7267);
#6414=AXIS2_PLACEMENT_3D('',#11607,#7271,#7272);
#6415=AXIS2_PLACEMENT_3D('',#11678,#7278,#7279);
#6416=AXIS2_PLACEMENT_3D('',#11684,#7283,#7284);
#6417=AXIS2_PLACEMENT_3D('',#11814,#7292,#7293);
#6418=AXIS2_PLACEMENT_3D('',#12093,#7306,#7307);
#6419=AXIS2_PLACEMENT_3D('',#12164,#7313,#7314);
#6420=AXIS2_PLACEMENT_3D('',#12170,#7318,#7319);
#6421=AXIS2_PLACEMENT_3D('',#12176,#7323,#7324);
#6422=AXIS2_PLACEMENT_3D('',#12247,#7330,#7331);
#6423=AXIS2_PLACEMENT_3D('',#12250,#7334,#7335);
#6424=AXIS2_PLACEMENT_3D('',#12353,#7340,#7341);
#6425=AXIS2_PLACEMENT_3D('',#12427,#7347,#7348);
#6426=AXIS2_PLACEMENT_3D('',#12433,#7352,#7353);
#6427=AXIS2_PLACEMENT_3D('',#12439,#7357,#7358);
#6428=AXIS2_PLACEMENT_3D('',#12510,#7364,#7365);
#6429=AXIS2_PLACEMENT_3D('',#12547,#7370,#7371);
#6430=AXIS2_PLACEMENT_3D('',#12621,#7377,#7378);
#6431=AXIS2_PLACEMENT_3D('',#12627,#7382,#7383);
#6432=AXIS2_PLACEMENT_3D('',#12633,#7387,#7388);
#6433=AXIS2_PLACEMENT_3D('',#12707,#7394,#7395);
#6434=AXIS2_PLACEMENT_3D('',#12710,#7398,#7399);
#6435=AXIS2_PLACEMENT_3D('',#12711,#7400,#7401);
#6436=AXIS2_PLACEMENT_3D('',#12720,#7406,#7407);
#6437=AXIS2_PLACEMENT_3D('',#12726,#7411,#7412);
#6438=AXIS2_PLACEMENT_3D('',#12732,#7416,#7417);
#6439=AXIS2_PLACEMENT_3D('',#12735,#7420,#7421);
#6440=AXIS2_PLACEMENT_3D('',#12736,#7422,#7423);
#6441=AXIS2_PLACEMENT_3D('',#12745,#7428,#7429);
#6442=AXIS2_PLACEMENT_3D('',#12751,#7433,#7434);
#6443=AXIS2_PLACEMENT_3D('',#12757,#7438,#7439);
#6444=AXIS2_PLACEMENT_3D('',#12763,#7443,#7444);
#6445=AXIS2_PLACEMENT_3D('',#12769,#7448,#7449);
#6446=AXIS2_PLACEMENT_3D('',#12772,#7452,#7453);
#6447=AXIS2_PLACEMENT_3D('',#12773,#7454,#7455);
#6448=AXIS2_PLACEMENT_3D('',#12779,#7459,#7460);
#6449=AXIS2_PLACEMENT_3D('',#12781,#7461,#7462);
#6450=AXIS2_PLACEMENT_3D('',#12783,#7464,#7465);
#6451=AXIS2_PLACEMENT_3D('',#12787,#7468,#7469);
#6452=AXIS2_PLACEMENT_3D('',#12789,#7470,#7471);
#6453=AXIS2_PLACEMENT_3D('',#12793,#7473,#7474);
#6454=AXIS2_PLACEMENT_3D('',#12796,#7476,#7477);
#6455=AXIS2_PLACEMENT_3D('',#12798,#7478,#7479);
#6456=AXIS2_PLACEMENT_3D('',#12800,#7480,#7481);
#6457=AXIS2_PLACEMENT_3D('',#12802,#7482,#7483);
#6458=AXIS2_PLACEMENT_3D('',#12804,#7484,#7485);
#6459=AXIS2_PLACEMENT_3D('',#12805,#7486,#7487);
#6460=AXIS2_PLACEMENT_3D('',#12807,#7489,#7490);
#6461=AXIS2_PLACEMENT_3D('',#12809,#7492,#7493);
#6462=AXIS2_PLACEMENT_3D('',#12811,#7495,#7496);
#6463=AXIS2_PLACEMENT_3D('',#12813,#7498,#7499);
#6464=AXIS2_PLACEMENT_3D('',#12819,#7503,#7504);
#6465=AXIS2_PLACEMENT_3D('',#12821,#7506,#7507);
#6466=AXIS2_PLACEMENT_3D('',#12823,#7508,#7509);
#6467=AXIS2_PLACEMENT_3D('',#12825,#7511,#7512);
#6468=AXIS2_PLACEMENT_3D('',#12827,#7513,#7514);
#6469=AXIS2_PLACEMENT_3D('',#12829,#7516,#7517);
#6470=AXIS2_PLACEMENT_3D('',#12831,#7518,#7519);
#6471=AXIS2_PLACEMENT_3D('',#12833,#7521,#7522);
#6472=AXIS2_PLACEMENT_3D('',#12835,#7523,#7524);
#6473=AXIS2_PLACEMENT_3D('',#12837,#7526,#7527);
#6474=AXIS2_PLACEMENT_3D('',#12839,#7529,#7530);
#6475=AXIS2_PLACEMENT_3D('',#12840,#7531,#7532);
#6476=AXIS2_PLACEMENT_3D('',#12841,#7533,#7534);
#6477=AXIS2_PLACEMENT_3D('',#12844,#7536,#7537);
#6478=AXIS2_PLACEMENT_3D('',#12845,#7538,#7539);
#6479=AXIS2_PLACEMENT_3D('',#12846,#7540,#7541);
#6480=AXIS2_PLACEMENT_3D('',#12849,#7543,#7544);
#6481=AXIS2_PLACEMENT_3D('',#12850,#7545,#7546);
#6482=AXIS2_PLACEMENT_3D('',#12851,#7547,#7548);
#6483=AXIS2_PLACEMENT_3D('',#12854,#7550,#7551);
#6484=AXIS2_PLACEMENT_3D('',#12855,#7552,#7553);
#6485=AXIS2_PLACEMENT_3D('',#12856,#7554,#7555);
#6486=AXIS2_PLACEMENT_3D('',#12859,#7557,#7558);
#6487=AXIS2_PLACEMENT_3D('',#12860,#7559,#7560);
#6488=AXIS2_PLACEMENT_3D('',#12861,#7561,#7562);
#6489=DIRECTION('axis',(0.,0.,1.));
#6490=DIRECTION('refdir',(1.,0.,0.));
#6491=DIRECTION('axis',(0.,0.,1.));
#6492=DIRECTION('refdir',(1.,0.,0.));
#6493=DIRECTION('center_axis',(-1.,0.,0.));
#6494=DIRECTION('ref_axis',(0.,0.,1.));
#6495=DIRECTION('',(0.,0.,-1.));
#6496=DIRECTION('',(0.,1.,0.));
#6497=DIRECTION('',(0.,0.,1.));
#6498=DIRECTION('center_axis',(1.,0.,0.));
#6499=DIRECTION('ref_axis',(0.,0.,-1.));
#6500=DIRECTION('',(0.,0.,-1.));
#6501=DIRECTION('',(0.,-1.,0.));
#6502=DIRECTION('',(0.,0.,1.));
#6503=DIRECTION('center_axis',(1.05526148875262E-15,-1.,0.));
#6504=DIRECTION('ref_axis',(1.,1.05526148875262E-15,0.));
#6505=DIRECTION('',(-1.,-1.05526148875262E-15,0.));
#6506=DIRECTION('',(1.,1.05526148875262E-15,0.));
#6507=DIRECTION('',(0.,0.,1.));
#6508=DIRECTION('',(1.,1.05526148875262E-15,0.));
#6509=DIRECTION('',(0.,0.,1.));
#6510=DIRECTION('',(1.,1.05526148875262E-15,0.));
#6511=DIRECTION('center_axis',(0.,0.,1.));
#6512=DIRECTION('ref_axis',(1.,0.,0.));
#6513=DIRECTION('',(-1.,0.,0.));
#6514=DIRECTION('center_axis',(0.,0.,-1.));
#6515=DIRECTION('ref_axis',(-0.707106781186547,0.707106781186548,0.));
#6516=DIRECTION('',(0.,-1.,0.));
#6517=DIRECTION('center_axis',(0.,0.,-1.));
#6518=DIRECTION('ref_axis',(-0.707106781186547,-0.707106781186547,0.));
#6519=DIRECTION('',(1.,0.,0.));
#6520=DIRECTION('center_axis',(0.,0.,-1.));
#6521=DIRECTION('ref_axis',(0.707106781186547,-0.707106781186547,0.));
#6522=DIRECTION('',(0.,1.,0.));
#6523=DIRECTION('center_axis',(0.,0.,-1.));
#6524=DIRECTION('ref_axis',(0.707106781186547,0.707106781186547,0.));
#6525=DIRECTION('',(-1.,0.,0.));
#6526=DIRECTION('',(-1.0449157878825E-15,-1.,0.));
#6527=DIRECTION('',(-1.,0.,0.));
#6528=DIRECTION('',(2.17690789142188E-17,1.,0.));
#6529=DIRECTION('center_axis',(0.,0.,-1.));
#6530=DIRECTION('ref_axis',(1.,0.,0.));
#6531=DIRECTION('center_axis',(0.,0.,-1.));
#6532=DIRECTION('ref_axis',(1.,0.,0.));
#6533=DIRECTION('center_axis',(0.,0.,-1.));
#6534=DIRECTION('ref_axis',(1.,0.,0.));
#6535=DIRECTION('center_axis',(0.,0.,-1.));
#6536=DIRECTION('ref_axis',(1.,0.,0.));
#6537=DIRECTION('center_axis',(0.,0.,-1.));
#6538=DIRECTION('ref_axis',(-1.,0.,0.));
#6539=DIRECTION('',(1.,0.,0.));
#6540=DIRECTION('center_axis',(-1.,0.,0.));
#6541=DIRECTION('ref_axis',(0.,0.,1.));
#6542=DIRECTION('',(2.17690789142188E-17,1.,1.51053328971548E-34));
#6543=DIRECTION('',(0.,0.,1.));
#6544=DIRECTION('',(0.,-1.,-4.31408307542741E-33));
#6545=DIRECTION('',(0.,0.,-1.));
#6546=DIRECTION('center_axis',(-0.999174027680719,-0.0144618311059237,0.0379752267847634));
#6547=DIRECTION('ref_axis',(-0.0152925878376364,0.999648045209755,-0.0216776951160266));
#6548=DIRECTION('',(-0.0144722702305036,0.999895271213128,0.));
#6549=DIRECTION('',(-0.0376483620562522,-0.0222405294311729,-0.999043522417869));
#6550=DIRECTION('',(-0.0152925878376364,0.999648045209755,-0.0216776951160266));
#6551=DIRECTION('',(-0.0376483620562522,-0.0222405294311729,-0.999043522417869));
#6552=DIRECTION('center_axis',(0.0152925878376428,-0.999648045209755,0.0216776951160242));
#6553=DIRECTION('ref_axis',(-0.999174027680719,-0.0144618311059302,0.0379752267847642));
#6554=DIRECTION('',(-0.999883006560252,-0.0152961822698113,0.));
#6555=DIRECTION('',(-0.999174027680719,-0.0144618311059302,0.0379752267847642));
#6556=DIRECTION('',(-0.0376483620562522,-0.0222405294311729,-0.999043522417869));
#6557=DIRECTION('center_axis',(-0.999174027680719,-0.0144618311059347,0.0379752267847637));
#6558=DIRECTION('ref_axis',(-0.0152925878376475,0.999648045209755,-0.0216776951160269));
#6559=DIRECTION('',(-0.0144722702305146,0.999895271213128,0.));
#6560=DIRECTION('',(-0.0152925878376474,0.999648045209755,-0.0216776951160269));
#6561=DIRECTION('',(-0.0376483620562522,-0.0222405294311729,-0.999043522417869));
#6562=DIRECTION('center_axis',(-0.0152925878376328,0.999648045209755,-0.0216776951160246));
#6563=DIRECTION('ref_axis',(0.999174027680719,0.0144618311059202,-0.0379752267847643));
#6564=DIRECTION('',(0.999883006560252,0.0152961822698014,0.));
#6565=DIRECTION('',(0.999174027680719,0.0144618311059202,-0.0379752267847643));
#6566=DIRECTION('',(-0.0376483620562522,-0.0222405294311729,-0.999043522417869));
#6567=DIRECTION('center_axis',(0.0152925878376506,-0.999648045209755,0.0216776951160239));
#6568=DIRECTION('ref_axis',(-0.999174027680718,-0.0144618311059379,0.0379752267847645));
#6569=DIRECTION('',(-0.999883006560252,-0.0152961822698191,0.));
#6570=DIRECTION('',(-0.0376483620562522,-0.0222405294311729,-0.999043522417869));
#6571=DIRECTION('',(-0.999174027680718,-0.0144618311059379,0.0379752267847645));
#6572=DIRECTION('center_axis',(0.999174027680719,0.01446183110592,-0.0379752267847633));
#6573=DIRECTION('ref_axis',(0.0152925878376327,-0.999648045209755,0.0216776951160264));
#6574=DIRECTION('',(0.0144722702304999,-0.999895271213128,0.));
#6575=DIRECTION('',(0.0152925878376327,-0.999648045209755,0.0216776951160265));
#6576=DIRECTION('center_axis',(-0.0376483620562522,-0.0222405294311729,
-0.999043522417869));
#6577=DIRECTION('ref_axis',(-0.999290698137215,0.,0.037657676726499));
#6578=DIRECTION('',(-0.0376483620562522,-0.0222405294311729,-0.999043522417869));
#6579=DIRECTION('',(-0.0376483620562522,-0.0222405294311729,-0.999043522417869));
#6580=DIRECTION('center_axis',(-0.943604501319311,-0.328287870345984,0.0428674617120361));
#6581=DIRECTION('ref_axis',(-0.328927265401358,0.944315854486368,-0.00862676308151948));
#6582=DIRECTION('',(-0.32858992075896,0.944472690963386,0.));
#6583=DIRECTION('',(-0.328927265401358,0.944315854486368,-0.00862676308151948));
#6584=DIRECTION('',(-0.0376483620562522,-0.0222405294311729,-0.999043522417869));
#6585=DIRECTION('',(-0.0376483620562522,-0.0222405294311729,-0.999043522417869));
#6586=DIRECTION('',(-0.0376483620562522,-0.0222405294311729,-0.999043522417869));
#6587=DIRECTION('',(-0.0376483620562522,-0.0222405294311729,-0.999043522417869));
#6588=DIRECTION('',(-0.0376483620562522,-0.0222405294311729,-0.999043522417869));
#6589=DIRECTION('center_axis',(0.953065357375335,-0.30135257275747,-0.0292070447577169));
#6590=DIRECTION('ref_axis',(-0.300414755638778,-0.953253369122331,0.032542108896296));
#6591=DIRECTION('',(-0.301481189677568,-0.953472124537786,0.));
#6592=DIRECTION('',(-0.300414755638778,-0.953253369122331,0.032542108896296));
#6593=DIRECTION('',(-0.0376483620562522,-0.0222405294311729,-0.999043522417869));
#6594=DIRECTION('',(-0.0376483620562522,-0.0222405294311729,-0.999043522417869));
#6595=DIRECTION('',(-0.0376483620562522,-0.0222405294311729,-0.999043522417869));
#6596=DIRECTION('center_axis',(0.0152925878376259,-0.999648045209755,0.0216776951160248));
#6597=DIRECTION('ref_axis',(-0.999174027680719,-0.0144618311059133,0.0379752267847638));
#6598=DIRECTION('',(-0.999883006560252,-0.0152961822697944,0.));
#6599=DIRECTION('',(-0.999174027680719,-0.0144618311059133,0.0379752267847638));
#6600=DIRECTION('',(-0.0376483620562522,-0.0222405294311729,-0.999043522417869));
#6601=DIRECTION('center_axis',(-0.999174027680719,-0.0144618311059207,0.0379752267847633));
#6602=DIRECTION('ref_axis',(-0.0152925878376334,0.999648045209755,-0.0216776951160264));
#6603=DIRECTION('',(-0.0144722702305006,0.999895271213128,0.));
#6604=DIRECTION('',(-0.0152925878376334,0.999648045209755,-0.0216776951160264));
#6605=DIRECTION('',(-0.0376483620562522,-0.0222405294311729,-0.999043522417869));
#6606=DIRECTION('center_axis',(-0.0152925878376461,0.999648045209755,-0.0216776951160241));
#6607=DIRECTION('ref_axis',(0.999174027680719,0.0144618311059335,-0.0379752267847641));
#6608=DIRECTION('',(0.999883006560252,0.0152961822698147,0.));
#6609=DIRECTION('',(0.999174027680719,0.0144618311059335,-0.0379752267847641));
#6610=DIRECTION('',(-0.0376483620562522,-0.0222405294311729,-0.999043522417869));
#6611=DIRECTION('',(-0.0376483620562522,-0.0222405294311729,-0.999043522417869));
#6612=DIRECTION('',(-0.0376483620562522,-0.0222405294311729,-0.999043522417869));
#6613=DIRECTION('',(-0.0376483620562522,-0.0222405294311729,-0.999043522417869));
#6614=DIRECTION('center_axis',(0.0152925878376259,-0.999648045209755,0.0216776951160248));
#6615=DIRECTION('ref_axis',(-0.999174027680719,-0.0144618311059133,0.0379752267847638));
#6616=DIRECTION('',(-0.999883006560252,-0.0152961822697944,0.));
#6617=DIRECTION('',(-0.0376483620562522,-0.0222405294311729,-0.999043522417869));
#6618=DIRECTION('',(-0.999174027680719,-0.0144618311059133,0.0379752267847638));
#6619=DIRECTION('center_axis',(0.999174027680719,0.0144618311059207,-0.0379752267847633));
#6620=DIRECTION('ref_axis',(0.0152925878376334,-0.999648045209755,0.0216776951160264));
#6621=DIRECTION('',(0.0144722702305006,-0.999895271213128,0.));
#6622=DIRECTION('',(-0.0376483620562522,-0.0222405294311729,-0.999043522417869));
#6623=DIRECTION('',(0.0152925878376334,-0.999648045209755,0.0216776951160264));
#6624=DIRECTION('center_axis',(-0.0152925878376461,0.999648045209755,-0.0216776951160241));
#6625=DIRECTION('ref_axis',(0.999174027680719,0.0144618311059335,-0.0379752267847641));
#6626=DIRECTION('',(0.999883006560252,0.0152961822698147,0.));
#6627=DIRECTION('',(-0.0376483620562522,-0.0222405294311729,-0.999043522417869));
#6628=DIRECTION('',(0.999174027680719,0.0144618311059335,-0.0379752267847641));
#6629=DIRECTION('',(-0.0376483620562522,-0.0222405294311729,-0.999043522417869));
#6630=DIRECTION('',(-0.0376483620562522,-0.0222405294311729,-0.999043522417869));
#6631=DIRECTION('center_axis',(0.943824345813289,0.327656040041001,-0.0428616807272657));
#6632=DIRECTION('ref_axis',(0.328295910855737,-0.944535271059409,0.00865543991553831));
#6633=DIRECTION('',(0.327957427703612,-0.944692503206218,0.));
#6634=DIRECTION('',(-0.0376483620562522,-0.0222405294311729,-0.999043522417869));
#6635=DIRECTION('',(0.328295910855737,-0.944535271059409,0.00865543991553831));
#6636=DIRECTION('',(-0.0376483620562522,-0.0222405294311729,-0.999043522417869));
#6637=DIRECTION('',(-0.0376483620562522,-0.0222405294311729,-0.999043522417869));
#6638=DIRECTION('',(-0.0376483620562522,-0.0222405294311729,-0.999043522417869));
#6639=DIRECTION('',(-0.0376483620562522,-0.0222405294311729,-0.999043522417869));
#6640=DIRECTION('center_axis',(-0.953425312580763,0.300207993827051,0.0292460898687766));
#6641=DIRECTION('ref_axis',(0.299270403088505,0.953614450023152,-0.0325070229686619));
#6642=DIRECTION('',(0.300336465265362,0.953833322772856,0.));
#6643=DIRECTION('',(0.299270403088505,0.953614450023152,-0.0325070229686619));
#6644=DIRECTION('center_axis',(0.037648362056253,0.022240529431175,0.999043522417869));
#6645=DIRECTION('ref_axis',(-0.999290698137215,2.23079971499165E-20,0.0376576767264997));
#6646=DIRECTION('',(-0.0376483620562522,-0.0222405294311729,-0.999043522417869));
#6647=DIRECTION('',(-0.0376483620562522,-0.0222405294311729,-0.999043522417869));
#6648=DIRECTION('',(-0.0376483620562522,-0.0222405294311729,-0.999043522417869));
#6649=DIRECTION('center_axis',(-0.0152925878376648,0.999648045209755,-0.0216776951160233));
#6650=DIRECTION('ref_axis',(0.999174027680718,0.0144618311059522,-0.0379752267847637));
#6651=DIRECTION('',(0.999883006560252,0.0152961822698333,0.));
#6652=DIRECTION('',(0.999174027680718,0.0144618311059522,-0.0379752267847637));
#6653=DIRECTION('',(-0.0376483620562522,-0.0222405294311729,-0.999043522417869));
#6654=DIRECTION('center_axis',(0.999174027680719,0.0144618311059207,-0.0379752267847633));
#6655=DIRECTION('ref_axis',(0.0152925878376334,-0.999648045209755,0.0216776951160264));
#6656=DIRECTION('',(0.0144722702305006,-0.999895271213128,0.));
#6657=DIRECTION('',(0.0152925878376334,-0.999648045209755,0.0216776951160264));
#6658=DIRECTION('',(-0.0376483620562522,-0.0222405294311729,-0.999043522417869));
#6659=DIRECTION('center_axis',(0.0152925878376161,-0.999648045209756,0.0216776951160252));
#6660=DIRECTION('ref_axis',(-0.999174027680719,-0.0144618311059035,0.0379752267847644));
#6661=DIRECTION('',(-0.999883006560252,-0.0152961822697847,0.));
#6662=DIRECTION('',(-0.999174027680719,-0.0144618311059035,0.0379752267847644));
#6663=DIRECTION('',(-0.0376483620562522,-0.0222405294311729,-0.999043522417869));
#6664=DIRECTION('',(-0.0376483620562522,-0.0222405294311729,-0.999043522417869));
#6665=DIRECTION('',(-0.0376483620562522,-0.0222405294311729,-0.999043522417869));
#6666=DIRECTION('',(-0.0376483620562522,-0.0222405294311729,-0.999043522417869));
#6667=DIRECTION('',(-0.0376483620562522,-0.0222405294311729,-0.999043522417869));
#6668=DIRECTION('',(-0.0376483620562522,-0.0222405294311729,-0.999043522417869));
#6669=DIRECTION('',(-0.0376483620562522,-0.0222405294311729,-0.999043522417869));
#6670=DIRECTION('',(-0.0376483620562522,-0.0222405294311729,-0.999043522417869));
#6671=DIRECTION('',(-0.0376483620562522,-0.0222405294311729,-0.999043522417869));
#6672=DIRECTION('',(-0.0376483620562522,-0.0222405294311729,-0.999043522417869));
#6673=DIRECTION('',(-0.0376483620562522,-0.0222405294311729,-0.999043522417869));
#6674=DIRECTION('',(-0.0376483620562522,-0.0222405294311729,-0.999043522417869));
#6675=DIRECTION('',(-0.0376483620562522,-0.0222405294311729,-0.999043522417869));
#6676=DIRECTION('',(-0.0376483620562522,-0.0222405294311729,-0.999043522417869));
#6677=DIRECTION('',(-0.0376483620562522,-0.0222405294311729,-0.999043522417869));
#6678=DIRECTION('',(-0.0376483620562522,-0.0222405294311729,-0.999043522417869));
#6679=DIRECTION('',(-0.0376483620562522,-0.0222405294311729,-0.999043522417869));
#6680=DIRECTION('center_axis',(0.96585203485701,0.255652840270768,-0.0420888586690441));
#6681=DIRECTION('ref_axis',(0.256344392560194,-0.96651279562772,0.0118561499161745));
#6682=DIRECTION('',(0.255879582493113,-0.966708663074429,0.));
#6683=DIRECTION('',(-0.0376483620562522,-0.0222405294311729,-0.999043522417869));
#6684=DIRECTION('',(0.256344392560194,-0.96651279562772,0.0118561499161745));
#6685=DIRECTION('',(-0.0376483620562522,-0.0222405294311729,-0.999043522417869));
#6686=DIRECTION('',(-0.0376483620562522,-0.0222405294311729,-0.999043522417869));
#6687=DIRECTION('',(-0.0376483620562522,-0.0222405294311729,-0.999043522417869));
#6688=DIRECTION('',(-0.0376483620562522,-0.0222405294311729,-0.999043522417869));
#6689=DIRECTION('center_axis',(-0.973463579189914,0.226644305351415,0.0316388818155214));
#6690=DIRECTION('ref_axis',(0.225723859672041,0.973723635177043,-0.0301831322490085));
#6691=DIRECTION('',(0.226757828197514,0.973951172981041,0.));
#6692=DIRECTION('',(-0.0376483620562522,-0.0222405294311729,-0.999043522417869));
#6693=DIRECTION('',(0.225723859672041,0.973723635177043,-0.0301831322490085));
#6694=DIRECTION('center_axis',(0.967026838178878,0.251181749070589,-0.0420335957967251));
#6695=DIRECTION('ref_axis',(0.251876348782978,-0.967684394719921,0.0120506074243209));
#6696=DIRECTION('',(0.251403940411359,-0.967882254587634,0.));
#6697=DIRECTION('',(-0.0376483620562522,-0.0222405294311729,-0.999043522417869));
#6698=DIRECTION('',(0.251876348782978,-0.967684394719921,0.0120506074243209));
#6699=DIRECTION('',(-0.0376483620562522,-0.0222405294311729,-0.999043522417869));
#6700=DIRECTION('',(-0.0376483620562522,-0.0222405294311729,-0.999043522417869));
#6701=DIRECTION('',(-0.0376483620562522,-0.0222405294311729,-0.999043522417869));
#6702=DIRECTION('',(-0.0376483620562522,-0.0222405294311729,-0.999043522417869));
#6703=DIRECTION('center_axis',(-0.97324450525584,0.227587266825622,0.0316096341035339));
#6704=DIRECTION('ref_axis',(0.226666569709336,0.973503669653825,-0.0302137608837159));
#6705=DIRECTION('',(0.227701051167343,0.973731087773871,0.));
#6706=DIRECTION('',(-0.0376483620562522,-0.0222405294311729,-0.999043522417869));
#6707=DIRECTION('',(0.226666569709336,0.973503669653825,-0.0302137608837159));
#6708=DIRECTION('',(-0.0376483620562522,-0.0222405294311729,-0.999043522417869));
#6709=DIRECTION('',(-0.0376483620562522,-0.0222405294311729,-0.999043522417869));
#6710=DIRECTION('center_axis',(-0.0152925878376059,0.999648045209756,-0.0216776951160256));
#6711=DIRECTION('ref_axis',(0.999174027680719,0.0144618311058933,-0.037975226784763));
#6712=DIRECTION('',(0.999883006560252,0.0152961822697745,0.));
#6713=DIRECTION('',(-0.0376483620562522,-0.0222405294311729,-0.999043522417869));
#6714=DIRECTION('',(0.999174027680719,0.0144618311058933,-0.037975226784763));
#6715=DIRECTION('center_axis',(-0.999174027680719,-0.0144618311059207,0.0379752267847633));
#6716=DIRECTION('ref_axis',(-0.0152925878376334,0.999648045209755,-0.0216776951160264));
#6717=DIRECTION('',(-0.0144722702305006,0.999895271213128,0.));
#6718=DIRECTION('',(-0.0376483620562522,-0.0222405294311729,-0.999043522417869));
#6719=DIRECTION('',(-0.0152925878376334,0.999648045209755,-0.0216776951160264));
#6720=DIRECTION('center_axis',(0.0152925878376161,-0.999648045209756,0.0216776951160252));
#6721=DIRECTION('ref_axis',(-0.999174027680719,-0.0144618311059035,0.0379752267847644));
#6722=DIRECTION('',(-0.999883006560252,-0.0152961822697847,0.));
#6723=DIRECTION('',(-0.0376483620562522,-0.0222405294311729,-0.999043522417869));
#6724=DIRECTION('',(-0.999174027680719,-0.0144618311059035,0.0379752267847644));
#6725=DIRECTION('',(-0.0376483620562522,-0.0222405294311729,-0.999043522417869));
#6726=DIRECTION('',(-0.0376483620562522,-0.0222405294311729,-0.999043522417869));
#6727=DIRECTION('center_axis',(0.037648362056253,0.022240529431175,0.999043522417869));
#6728=DIRECTION('ref_axis',(-0.999290698137215,2.23079971499165E-20,0.0376576767264997));
#6729=DIRECTION('',(-0.0376483620562522,-0.0222405294311729,-0.999043522417869));
#6730=DIRECTION('',(-0.0376483620562522,-0.0222405294311729,-0.999043522417869));
#6731=DIRECTION('center_axis',(-0.943604340442315,-0.328288332206687,0.042867465931343));
#6732=DIRECTION('ref_axis',(-0.328927726914142,0.944315693922098,-0.00862674211523108));
#6733=DIRECTION('',(-0.328590383104153,0.944472530109513,0.));
#6734=DIRECTION('',(-0.328927726914142,0.944315693922098,-0.00862674211523108));
#6735=DIRECTION('',(-0.0376483620562522,-0.0222405294311729,-0.999043522417869));
#6736=DIRECTION('',(-0.0376483620562522,-0.0222405294311729,-0.999043522417869));
#6737=DIRECTION('',(-0.0376483620562522,-0.0222405294311729,-0.999043522417869));
#6738=DIRECTION('',(-0.0376483620562522,-0.0222405294311729,-0.999043522417869));
#6739=DIRECTION('',(-0.0376483620562522,-0.0222405294311729,-0.999043522417869));
#6740=DIRECTION('center_axis',(0.953065063081946,-0.301353506585386,-0.029207012878734));
#6741=DIRECTION('ref_axis',(-0.300415689282515,-0.953253073910235,0.0325421375081467));
#6742=DIRECTION('',(-0.301482123623094,-0.953471829230266,0.));
#6743=DIRECTION('',(-0.300415689282515,-0.953253073910235,0.0325421375081467));
#6744=DIRECTION('',(-0.0376483620562522,-0.0222405294311729,-0.999043522417869));
#6745=DIRECTION('',(-0.0376483620562522,-0.0222405294311729,-0.999043522417869));
#6746=DIRECTION('',(-0.0376483620562522,-0.0222405294311729,-0.999043522417869));
#6747=DIRECTION('center_axis',(0.0152925878376259,-0.999648045209755,0.0216776951160248));
#6748=DIRECTION('ref_axis',(-0.999174027680719,-0.0144618311059133,0.0379752267847638));
#6749=DIRECTION('',(-0.999883006560252,-0.0152961822697944,0.));
#6750=DIRECTION('',(-0.999174027680719,-0.0144618311059133,0.0379752267847638));
#6751=DIRECTION('',(-0.0376483620562522,-0.0222405294311729,-0.999043522417869));
#6752=DIRECTION('center_axis',(-0.999174027680719,-0.0144618311059207,0.0379752267847633));
#6753=DIRECTION('ref_axis',(-0.0152925878376334,0.999648045209755,-0.0216776951160264));
#6754=DIRECTION('',(-0.0144722702305006,0.999895271213128,0.));
#6755=DIRECTION('',(-0.0152925878376334,0.999648045209755,-0.0216776951160264));
#6756=DIRECTION('',(-0.0376483620562522,-0.0222405294311729,-0.999043522417869));
#6757=DIRECTION('center_axis',(-0.0152925878376461,0.999648045209755,-0.0216776951160241));
#6758=DIRECTION('ref_axis',(0.999174027680719,0.0144618311059335,-0.0379752267847641));
#6759=DIRECTION('',(0.999883006560252,0.0152961822698147,0.));
#6760=DIRECTION('',(0.999174027680719,0.0144618311059335,-0.0379752267847641));
#6761=DIRECTION('',(-0.0376483620562522,-0.0222405294311729,-0.999043522417869));
#6762=DIRECTION('',(-0.0376483620562522,-0.0222405294311729,-0.999043522417869));
#6763=DIRECTION('',(-0.0376483620562522,-0.0222405294311729,-0.999043522417869));
#6764=DIRECTION('',(-0.0376483620562522,-0.0222405294311729,-0.999043522417869));
#6765=DIRECTION('center_axis',(0.0152925878376259,-0.999648045209755,0.0216776951160248));
#6766=DIRECTION('ref_axis',(-0.999174027680719,-0.0144618311059133,0.0379752267847638));
#6767=DIRECTION('',(-0.999883006560252,-0.0152961822697944,0.));
#6768=DIRECTION('',(-0.0376483620562522,-0.0222405294311729,-0.999043522417869));
#6769=DIRECTION('',(-0.999174027680719,-0.0144618311059133,0.0379752267847638));
#6770=DIRECTION('center_axis',(0.999174027680719,0.0144618311059207,-0.0379752267847633));
#6771=DIRECTION('ref_axis',(0.0152925878376334,-0.999648045209755,0.0216776951160264));
#6772=DIRECTION('',(0.0144722702305006,-0.999895271213128,0.));
#6773=DIRECTION('',(-0.0376483620562522,-0.0222405294311729,-0.999043522417869));
#6774=DIRECTION('',(0.0152925878376334,-0.999648045209755,0.0216776951160264));
#6775=DIRECTION('center_axis',(-0.0152925878376429,0.999648045209755,-0.0216776951160242));
#6776=DIRECTION('ref_axis',(0.999174027680719,0.0144618311059303,-0.0379752267847639));
#6777=DIRECTION('',(0.999883006560252,0.0152961822698114,0.));
#6778=DIRECTION('',(-0.0376483620562522,-0.0222405294311729,-0.999043522417869));
#6779=DIRECTION('',(0.999174027680719,0.0144618311059303,-0.0379752267847639));
#6780=DIRECTION('',(-0.0376483620562522,-0.0222405294311729,-0.999043522417869));
#6781=DIRECTION('',(-0.0376483620562522,-0.0222405294311729,-0.999043522417869));
#6782=DIRECTION('center_axis',(0.943824515411187,0.327655552093012,-0.0428616762558503));
#6783=DIRECTION('ref_axis',(0.328295423275012,-0.944535440326748,0.00865546205792775));
#6784=DIRECTION('',(0.327956939243824,-0.944692672778731,0.));
#6785=DIRECTION('',(-0.0376483620562522,-0.0222405294311729,-0.999043522417869));
#6786=DIRECTION('',(0.328295423275012,-0.944535440326748,0.00865546205792775));
#6787=DIRECTION('',(-0.0376483620562522,-0.0222405294311729,-0.999043522417869));
#6788=DIRECTION('',(-0.0376483620562522,-0.0222405294311729,-0.999043522417869));
#6789=DIRECTION('',(-0.0376483620562522,-0.0222405294311729,-0.999043522417869));
#6790=DIRECTION('',(-0.0376483620562522,-0.0222405294311729,-0.999043522417869));
#6791=DIRECTION('center_axis',(-0.953425312580763,0.300207993827051,0.0292460898687766));
#6792=DIRECTION('ref_axis',(0.299270403088505,0.953614450023152,-0.0325070229686619));
#6793=DIRECTION('',(0.300336465265362,0.953833322772856,0.));
#6794=DIRECTION('',(0.299270403088505,0.953614450023152,-0.0325070229686619));
#6795=DIRECTION('center_axis',(0.037648362056253,0.022240529431175,0.999043522417869));
#6796=DIRECTION('ref_axis',(-0.999290698137215,2.23079971499165E-20,0.0376576767264997));
#6797=DIRECTION('center_axis',(-0.0152925878376382,0.999648045209755,-0.0216776951160244));
#6798=DIRECTION('ref_axis',(0.999174027680719,0.0144618311059256,-0.0379752267847638));
#6799=DIRECTION('',(0.999883006560252,0.0152961822698068,0.));
#6800=DIRECTION('',(-0.0376483620562522,-0.0222405294311729,-0.999043522417869));
#6801=DIRECTION('',(0.999174027680719,0.0144618311059256,-0.0379752267847638));
#6802=DIRECTION('',(-0.0376483620562522,-0.0222405294311729,-0.999043522417869));
#6803=DIRECTION('center_axis',(0.999174027680719,0.014461831105911,-0.0379752267847631));
#6804=DIRECTION('ref_axis',(0.0152925878376237,-0.999648045209755,0.021677695116027));
#6805=DIRECTION('',(0.0144722702304908,-0.999895271213128,0.));
#6806=DIRECTION('',(0.0152925878376237,-0.999648045209755,0.021677695116027));
#6807=DIRECTION('',(-0.0376483620562522,-0.0222405294311729,-0.999043522417869));
#6808=DIRECTION('center_axis',(0.0152925878376346,-0.999648045209755,0.0216776951160245));
#6809=DIRECTION('ref_axis',(-0.999174027680719,-0.0144618311059219,0.0379752267847642));
#6810=DIRECTION('',(-0.999883006560252,-0.0152961822698031,0.));
#6811=DIRECTION('',(-0.999174027680719,-0.0144618311059219,0.0379752267847642));
#6812=DIRECTION('',(-0.0376483620562522,-0.0222405294311729,-0.999043522417869));
#6813=DIRECTION('',(-0.0376483620562522,-0.0222405294311729,-0.999043522417869));
#6814=DIRECTION('center_axis',(0.907986724333089,-0.41825806849346,-0.0249057538530348));
#6815=DIRECTION('ref_axis',(-0.417304096875826,-0.908055916224734,0.0359408366612374));
#6816=DIRECTION('',(-0.418387850897941,-0.908268465940001,0.));
#6817=DIRECTION('',(-0.417304096875826,-0.908055916224734,0.0359408366612374));
#6818=DIRECTION('',(-0.0376483620562522,-0.0222405294311729,-0.999043522417869));
#6819=DIRECTION('',(-0.0376483620562522,-0.0222405294311729,-0.999043522417869));
#6820=DIRECTION('center_axis',(0.999174027680719,0.0144618311059256,-0.0379752267847635));
#6821=DIRECTION('ref_axis',(0.0152925878376383,-0.999648045209755,0.0216776951160266));
#6822=DIRECTION('',(0.0144722702305055,-0.999895271213128,0.));
#6823=DIRECTION('',(0.0152925878376383,-0.999648045209755,0.0216776951160266));
#6824=DIRECTION('',(-0.0376483620562522,-0.0222405294311729,-0.999043522417869));
#6825=DIRECTION('center_axis',(0.0152925878376308,-0.999648045209755,0.0216776951160246));
#6826=DIRECTION('ref_axis',(-0.999174027680719,-0.0144618311059182,0.0379752267847633));
#6827=DIRECTION('',(-0.999883006560252,-0.0152961822697993,0.));
#6828=DIRECTION('',(-0.999174027680719,-0.0144618311059182,0.0379752267847633));
#6829=DIRECTION('',(-0.0376483620562522,-0.0222405294311729,-0.999043522417869));
#6830=DIRECTION('center_axis',(-0.999174027680719,-0.0144618311059207,0.0379752267847633));
#6831=DIRECTION('ref_axis',(-0.0152925878376333,0.999648045209755,-0.0216776951160265));
#6832=DIRECTION('',(-0.0144722702305005,0.999895271213128,0.));
#6833=DIRECTION('',(-0.0152925878376333,0.999648045209755,-0.0216776951160265));
#6834=DIRECTION('',(-0.0376483620562522,-0.0222405294311729,-0.999043522417869));
#6835=DIRECTION('',(-0.0376483620562522,-0.0222405294311729,-0.999043522417869));
#6836=DIRECTION('center_axis',(0.999174027680719,0.0144618311059257,-0.0379752267847635));
#6837=DIRECTION('ref_axis',(0.0152925878376384,-0.999648045209755,0.0216776951160264));
#6838=DIRECTION('',(0.0144722702305056,-0.999895271213128,0.));
#6839=DIRECTION('',(-0.0376483620562522,-0.0222405294311729,-0.999043522417869));
#6840=DIRECTION('',(0.0152925878376384,-0.999648045209755,0.0216776951160264));
#6841=DIRECTION('',(-0.0376483620562522,-0.0222405294311729,-0.999043522417869));
#6842=DIRECTION('center_axis',(-0.0152925878376489,0.999648045209755,-0.021677695116024));
#6843=DIRECTION('ref_axis',(0.999174027680718,0.0144618311059363,-0.0379752267847653));
#6844=DIRECTION('',(0.999883006560252,0.0152961822698174,0.));
#6845=DIRECTION('',(-0.0376483620562522,-0.0222405294311729,-0.999043522417869));
#6846=DIRECTION('',(0.999174027680718,0.0144618311059363,-0.0379752267847653));
#6847=DIRECTION('center_axis',(-0.999174027680719,-0.0144618311059219,0.0379752267847634));
#6848=DIRECTION('ref_axis',(-0.0152925878376346,0.999648045209755,-0.0216776951160262));
#6849=DIRECTION('',(-0.0144722702305018,0.999895271213128,0.));
#6850=DIRECTION('',(-0.0376483620562522,-0.0222405294311729,-0.999043522417869));
#6851=DIRECTION('',(-0.0152925878376346,0.999648045209755,-0.0216776951160262));
#6852=DIRECTION('center_axis',(-0.0152925878376402,0.999648045209755,-0.0216776951160243));
#6853=DIRECTION('ref_axis',(0.999174027680719,0.0144618311059276,-0.0379752267847644));
#6854=DIRECTION('',(0.999883006560252,0.0152961822698088,0.));
#6855=DIRECTION('',(-0.0376483620562522,-0.0222405294311729,-0.999043522417869));
#6856=DIRECTION('',(0.999174027680719,0.0144618311059276,-0.0379752267847644));
#6857=DIRECTION('center_axis',(-0.999174027680719,-0.014461831105911,0.0379752267847631));
#6858=DIRECTION('ref_axis',(-0.0152925878376237,0.999648045209755,-0.021677695116027));
#6859=DIRECTION('',(-0.0144722702304908,0.999895271213128,0.));
#6860=DIRECTION('',(-0.0376483620562522,-0.0222405294311729,-0.999043522417869));
#6861=DIRECTION('',(-0.0152925878376237,0.999648045209755,-0.021677695116027));
#6862=DIRECTION('center_axis',(0.0152925878376365,-0.999648045209755,0.0216776951160244));
#6863=DIRECTION('ref_axis',(-0.999174027680719,-0.0144618311059239,0.0379752267847644));
#6864=DIRECTION('',(-0.999883006560252,-0.0152961822698051,0.));
#6865=DIRECTION('',(-0.0376483620562522,-0.0222405294311729,-0.999043522417869));
#6866=DIRECTION('',(-0.999174027680719,-0.0144618311059239,0.0379752267847644));
#6867=DIRECTION('',(-0.0376483620562522,-0.0222405294311729,-0.999043522417869));
#6868=DIRECTION('center_axis',(-0.852434389560137,-0.521002880920102,0.0437219575063916));
#6869=DIRECTION('ref_axis',(-0.521476952826985,0.853265115262294,0.000656312964072995));
#6870=DIRECTION('',(-0.521501573058716,0.853250320420265,0.));
#6871=DIRECTION('',(-0.521476952826985,0.853265115262294,0.000656312964072994));
#6872=DIRECTION('center_axis',(0.037648362056253,0.022240529431175,0.999043522417869));
#6873=DIRECTION('ref_axis',(-0.999290698137215,2.23079971499165E-20,0.0376576767264997));
#6874=DIRECTION('center_axis',(-0.0152925878376245,0.999648045209755,-0.0216776951160249));
#6875=DIRECTION('ref_axis',(0.999174027680719,0.0144618311059119,-0.0379752267847637));
#6876=DIRECTION('',(0.999883006560252,0.0152961822697931,0.));
#6877=DIRECTION('',(-0.0376483620562522,-0.0222405294311729,-0.999043522417869));
#6878=DIRECTION('',(0.999174027680719,0.0144618311059119,-0.0379752267847637));
#6879=DIRECTION('',(-0.0376483620562522,-0.0222405294311729,-0.999043522417869));
#6880=DIRECTION('center_axis',(0.709457126592627,-0.704661988580031,-0.0110484106263869));
#6881=DIRECTION('ref_axis',(-0.70374227268327,-0.709194501318966,0.0423080717774805));
#6882=DIRECTION('',(-0.704705000638287,-0.70950043134264,0.));
#6883=DIRECTION('',(-0.70374227268327,-0.709194501318966,0.0423080717774805));
#6884=DIRECTION('',(-0.0376483620562522,-0.0222405294311729,-0.999043522417869));
#6885=DIRECTION('center_axis',(-0.999174027680719,-0.0144618311059249,0.0379752267847634));
#6886=DIRECTION('ref_axis',(-0.0152925878376376,0.999648045209755,-0.0216776951160265));
#6887=DIRECTION('',(-0.0144722702305048,0.999895271213128,0.));
#6888=DIRECTION('',(-0.0152925878376376,0.999648045209755,-0.0216776951160265));
#6889=DIRECTION('',(-0.0376483620562522,-0.0222405294311729,-0.999043522417869));
#6890=DIRECTION('center_axis',(-0.0152925878376333,0.999648045209755,-0.0216776951160245));
#6891=DIRECTION('ref_axis',(0.999174027680719,0.0144618311059207,-0.0379752267847649));
#6892=DIRECTION('',(0.999883006560252,0.0152961822698018,0.));
#6893=DIRECTION('',(0.999174027680719,0.0144618311059207,-0.0379752267847649));
#6894=DIRECTION('',(-0.0376483620562522,-0.0222405294311729,-0.999043522417869));
#6895=DIRECTION('center_axis',(-0.712804704081793,0.701272337145693,0.0112500219148749));
#6896=DIRECTION('ref_axis',(0.700351379432745,0.712546467260093,-0.0422549088487068));
#6897=DIRECTION('',(0.701316718921534,0.712849815712352,0.));
#6898=DIRECTION('',(-0.0376483620562522,-0.0222405294311729,-0.999043522417869));
#6899=DIRECTION('',(0.700351379432745,0.712546467260093,-0.0422549088487068));
#6900=DIRECTION('center_axis',(0.999174027680719,0.0144618311059293,-0.0379752267847635));
#6901=DIRECTION('ref_axis',(0.015292587837642,-0.999648045209755,0.0216776951160264));
#6902=DIRECTION('',(0.0144722702305092,-0.999895271213128,0.));
#6903=DIRECTION('',(0.015292587837642,-0.999648045209755,0.0216776951160264));
#6904=DIRECTION('center_axis',(-0.0376483620562522,-0.0222405294311729,
-0.999043522417869));
#6905=DIRECTION('ref_axis',(-0.999290698137215,0.,0.037657676726499));
#6906=DIRECTION('',(-0.0376483620562522,-0.0222405294311729,-0.999043522417869));
#6907=DIRECTION('',(-0.0376483620562522,-0.0222405294311729,-0.999043522417869));
#6908=DIRECTION('',(-0.0376483620562522,-0.0222405294311729,-0.999043522417869));
#6909=DIRECTION('center_axis',(-0.833027332150823,-0.551505598043215,0.0436696601392473));
#6910=DIRECTION('ref_axis',(-0.551949331663843,0.833874651358114,0.00223631353350761));
#6911=DIRECTION('',(-0.552032222785401,0.83382277793702,0.));
#6912=DIRECTION('',(-0.551949331663843,0.833874651358114,0.00223631353350761));
#6913=DIRECTION('',(-0.0376483620562522,-0.0222405294311729,-0.999043522417869));
#6914=DIRECTION('center_axis',(0.999174027680719,0.0144618311059206,-0.0379752267847633));
#6915=DIRECTION('ref_axis',(0.0152925878376333,-0.999648045209755,0.0216776951160265));
#6916=DIRECTION('',(0.0144722702305005,-0.999895271213128,0.));
#6917=DIRECTION('',(0.0152925878376333,-0.999648045209755,0.0216776951160265));
#6918=DIRECTION('',(-0.0376483620562522,-0.0222405294311729,-0.999043522417869));
#6919=DIRECTION('center_axis',(0.0152925878376333,-0.999648045209755,0.0216776951160245));
#6920=DIRECTION('ref_axis',(-0.999174027680719,-0.0144618311059207,0.0379752267847649));
#6921=DIRECTION('',(-0.999883006560252,-0.0152961822698018,0.));
#6922=DIRECTION('',(-0.999174027680719,-0.0144618311059207,0.0379752267847649));
#6923=DIRECTION('',(-0.0376483620562522,-0.0222405294311729,-0.999043522417869));
#6924=DIRECTION('center_axis',(-0.999174027680719,-0.0144618311059213,0.0379752267847634));
#6925=DIRECTION('ref_axis',(-0.015292587837634,0.999648045209755,-0.0216776951160266));
#6926=DIRECTION('',(-0.0144722702305012,0.999895271213128,0.));
#6927=DIRECTION('',(-0.015292587837634,0.999648045209755,-0.0216776951160266));
#6928=DIRECTION('',(-0.0376483620562522,-0.0222405294311729,-0.999043522417869));
#6929=DIRECTION('center_axis',(-0.710550171991354,0.703558759807723,0.0111141612763046));
#6930=DIRECTION('ref_axis',(0.702638636795286,0.710288976648547,-0.0422908469295899));
#6931=DIRECTION('',(0.703602217234273,0.710594061263542,0.));
#6932=DIRECTION('',(0.702638636795286,0.710288976648547,-0.0422908469295899));
#6933=DIRECTION('',(-0.0376483620562522,-0.0222405294311729,-0.999043522417869));
#6934=DIRECTION('center_axis',(0.0152925878376317,-0.999648045209755,0.0216776951160246));
#6935=DIRECTION('ref_axis',(-0.999174027680719,-0.0144618311059191,0.0379752267847636));
#6936=DIRECTION('',(-0.999883006560252,-0.0152961822698003,0.));
#6937=DIRECTION('',(-0.0376483620562522,-0.0222405294311729,-0.999043522417869));
#6938=DIRECTION('',(-0.999174027680719,-0.0144618311059191,0.0379752267847636));
#6939=DIRECTION('center_axis',(0.999174027680719,0.0144618311059207,-0.0379752267847633));
#6940=DIRECTION('ref_axis',(0.0152925878376334,-0.999648045209755,0.0216776951160264));
#6941=DIRECTION('',(0.0144722702305006,-0.999895271213128,0.));
#6942=DIRECTION('',(-0.0376483620562522,-0.0222405294311729,-0.999043522417869));
#6943=DIRECTION('',(0.0152925878376334,-0.999648045209755,0.0216776951160264));
#6944=DIRECTION('center_axis',(-0.0152925878376248,0.999648045209755,-0.0216776951160249));
#6945=DIRECTION('ref_axis',(0.999174027680719,0.0144618311059122,-0.0379752267847648));
#6946=DIRECTION('',(0.999883006560252,0.0152961822697933,0.));
#6947=DIRECTION('',(-0.0376483620562522,-0.0222405294311729,-0.999043522417869));
#6948=DIRECTION('',(0.999174027680719,0.0144618311059122,-0.0379752267847648));
#6949=DIRECTION('',(-0.0376483620562522,-0.0222405294311729,-0.999043522417869));
#6950=DIRECTION('',(-0.0376483620562522,-0.0222405294311729,-0.999043522417869));
#6951=DIRECTION('center_axis',(0.83646705470198,0.546273446898463,-0.0436828068222107));
#6952=DIRECTION('ref_axis',(0.546722477343557,-0.837311578842842,-0.00196283036224285));
#6953=DIRECTION('',(0.546795390103557,-0.837266266704624,0.));
#6954=DIRECTION('',(0.546722477343557,-0.837311578842842,-0.00196283036224285));
#6955=DIRECTION('center_axis',(0.037648362056253,0.022240529431175,0.999043522417869));
#6956=DIRECTION('ref_axis',(-0.999290698137215,-8.6035317436576E-20,0.0376576767264997));
#6957=DIRECTION('center_axis',(0.999174027680719,0.0144618311059241,-0.0379752267847634));
#6958=DIRECTION('ref_axis',(0.0152925878376368,-0.999648045209755,0.0216776951160265));
#6959=DIRECTION('',(0.014472270230504,-0.999895271213128,0.));
#6960=DIRECTION('',(-0.0376483620562522,-0.0222405294311729,-0.999043522417869));
#6961=DIRECTION('',(0.0152925878376368,-0.999648045209755,0.0216776951160265));
#6962=DIRECTION('',(-0.0376483620562522,-0.0222405294311729,-0.999043522417869));
#6963=DIRECTION('center_axis',(0.0152925878376376,-0.999648045209755,0.0216776951160244));
#6964=DIRECTION('ref_axis',(-0.999174027680719,-0.0144618311059249,0.0379752267847642));
#6965=DIRECTION('',(-0.999883006560252,-0.0152961822698061,0.));
#6966=DIRECTION('',(-0.999174027680719,-0.0144618311059249,0.0379752267847642));
#6967=DIRECTION('',(-0.0376483620562522,-0.0222405294311729,-0.999043522417869));
#6968=DIRECTION('center_axis',(-0.999174027680719,-0.0144618311059241,0.0379752267847634));
#6969=DIRECTION('ref_axis',(-0.0152925878376368,0.999648045209755,-0.0216776951160265));
#6970=DIRECTION('',(-0.014472270230504,0.999895271213128,0.));
#6971=DIRECTION('',(-0.0152925878376368,0.999648045209755,-0.0216776951160265));
#6972=DIRECTION('',(-0.0376483620562522,-0.0222405294311729,-0.999043522417869));
#6973=DIRECTION('center_axis',(-0.0152925878376376,0.999648045209755,-0.0216776951160244));
#6974=DIRECTION('ref_axis',(0.999174027680719,0.0144618311059249,-0.0379752267847642));
#6975=DIRECTION('',(0.999883006560252,0.0152961822698061,0.));
#6976=DIRECTION('',(0.999174027680719,0.0144618311059249,-0.0379752267847642));
#6977=DIRECTION('center_axis',(-0.0376483620562522,-0.0222405294311729,
-0.999043522417869));
#6978=DIRECTION('ref_axis',(-0.999290698137215,0.,0.037657676726499));
#6979=DIRECTION('',(-0.0376483620562522,-0.0222405294311729,-0.999043522417869));
#6980=DIRECTION('',(-0.0376483620562522,-0.0222405294311729,-0.999043522417869));
#6981=DIRECTION('center_axis',(0.57550556220979,-0.817790451758037,-0.0034820796917687));
#6982=DIRECTION('ref_axis',(-0.816930810228183,-0.575086198638089,0.0435880194080646));
#6983=DIRECTION('',(-0.817795409608251,-0.575509051209165,0.));
#6984=DIRECTION('',(-0.816930810228183,-0.575086198638089,0.0435880194080646));
#6985=DIRECTION('',(-0.0376483620562522,-0.0222405294311729,-0.999043522417869));
#6986=DIRECTION('',(-0.0376483620562522,-0.0222405294311729,-0.999043522417869));
#6987=DIRECTION('center_axis',(-0.625504977001492,0.78019551647997,0.00620320972683895));
#6988=DIRECTION('ref_axis',(0.77931131429028,0.625140236199186,-0.0432846451294513));
#6989=DIRECTION('',(0.780210527801172,0.625517012005443,0.));
#6990=DIRECTION('',(0.77931131429028,0.625140236199186,-0.0432846451294513));
#6991=DIRECTION('center_axis',(0.037648362056253,0.022240529431175,0.999043522417869));
#6992=DIRECTION('ref_axis',(-0.999290698137215,2.23079971499165E-20,0.0376576767264997));
#6993=DIRECTION('center_axis',(-0.999174027680719,-0.014461831105911,0.0379752267847631));
#6994=DIRECTION('ref_axis',(-0.0152925878376237,0.999648045209755,-0.021677695116027));
#6995=DIRECTION('',(-0.0144722702304908,0.999895271213128,0.));
#6996=DIRECTION('',(-0.0376483620562522,-0.0222405294311729,-0.999043522417869));
#6997=DIRECTION('',(-0.0152925878376237,0.999648045209755,-0.021677695116027));
#6998=DIRECTION('',(-0.0376483620562522,-0.0222405294311729,-0.999043522417869));
#6999=DIRECTION('center_axis',(-0.0152925878376357,0.999648045209755,-0.0216776951160244));
#7000=DIRECTION('ref_axis',(0.999174027680719,0.0144618311059231,-0.0379752267847641));
#7001=DIRECTION('',(0.999883006560252,0.0152961822698043,0.));
#7002=DIRECTION('',(0.999174027680719,0.0144618311059231,-0.0379752267847641));
#7003=DIRECTION('',(-0.0376483620562522,-0.0222405294311729,-0.999043522417869));
#7004=DIRECTION('center_axis',(-0.999174027680719,-0.0144618311059269,0.0379752267847635));
#7005=DIRECTION('ref_axis',(-0.0152925878376396,0.999648045209755,-0.0216776951160266));
#7006=DIRECTION('',(-0.0144722702305068,0.999895271213128,0.));
#7007=DIRECTION('',(-0.0152925878376396,0.999648045209755,-0.0216776951160266));
#7008=DIRECTION('',(-0.0376483620562522,-0.0222405294311729,-0.999043522417869));
#7009=DIRECTION('center_axis',(0.0152925878376331,-0.999648045209755,0.0216776951160245));
#7010=DIRECTION('ref_axis',(-0.999174027680719,-0.0144618311059205,0.0379752267847642));
#7011=DIRECTION('',(-0.999883006560252,-0.0152961822698017,0.));
#7012=DIRECTION('',(-0.999174027680719,-0.0144618311059205,0.0379752267847642));
#7013=DIRECTION('',(-0.0376483620562522,-0.0222405294311729,-0.999043522417869));
#7014=DIRECTION('center_axis',(-0.999174027680719,-0.014461831105911,0.0379752267847631));
#7015=DIRECTION('ref_axis',(-0.0152925878376237,0.999648045209755,-0.021677695116027));
#7016=DIRECTION('',(-0.0144722702304908,0.999895271213128,0.));
#7017=DIRECTION('',(-0.0152925878376237,0.999648045209755,-0.021677695116027));
#7018=DIRECTION('',(-0.0376483620562522,-0.0222405294311729,-0.999043522417869));
#7019=DIRECTION('center_axis',(-0.0152925878376331,0.999648045209755,-0.0216776951160245));
#7020=DIRECTION('ref_axis',(0.999174027680719,0.0144618311059205,-0.0379752267847642));
#7021=DIRECTION('',(0.999883006560252,0.0152961822698017,0.));
#7022=DIRECTION('',(0.999174027680719,0.0144618311059205,-0.0379752267847642));
#7023=DIRECTION('',(-0.0376483620562522,-0.0222405294311729,-0.999043522417869));
#7024=DIRECTION('center_axis',(-0.999174027680719,-0.0144618311059278,0.0379752267847635));
#7025=DIRECTION('ref_axis',(-0.0152925878376405,0.999648045209755,-0.0216776951160266));
#7026=DIRECTION('',(-0.0144722702305077,0.999895271213128,0.));
#7027=DIRECTION('',(-0.0152925878376405,0.999648045209755,-0.0216776951160266));
#7028=DIRECTION('',(-0.0376483620562522,-0.0222405294311729,-0.999043522417869));
#7029=DIRECTION('center_axis',(0.0152925878376351,-0.999648045209755,0.0216776951160245));
#7030=DIRECTION('ref_axis',(-0.999174027680719,-0.0144618311059225,0.0379752267847646));
#7031=DIRECTION('',(-0.999883006560252,-0.0152961822698037,0.));
#7032=DIRECTION('',(-0.999174027680719,-0.0144618311059225,0.0379752267847645));
#7033=DIRECTION('',(-0.0376483620562522,-0.0222405294311729,-0.999043522417869));
#7034=DIRECTION('center_axis',(-0.999174027680719,-0.014461831105911,0.0379752267847631));
#7035=DIRECTION('ref_axis',(-0.0152925878376237,0.999648045209755,-0.021677695116027));
#7036=DIRECTION('',(-0.0144722702304908,0.999895271213128,0.));
#7037=DIRECTION('',(-0.0152925878376237,0.999648045209755,-0.021677695116027));
#7038=DIRECTION('',(-0.0376483620562522,-0.0222405294311729,-0.999043522417869));
#7039=DIRECTION('center_axis',(-0.0152925878376346,0.999648045209755,-0.0216776951160245));
#7040=DIRECTION('ref_axis',(0.999174027680719,0.014461831105922,-0.0379752267847641));
#7041=DIRECTION('',(0.999883006560252,0.0152961822698032,0.));
#7042=DIRECTION('',(0.999174027680719,0.014461831105922,-0.0379752267847641));
#7043=DIRECTION('',(-0.0376483620562522,-0.0222405294311729,-0.999043522417869));
#7044=DIRECTION('center_axis',(0.999174027680719,0.014461831105911,-0.0379752267847631));
#7045=DIRECTION('ref_axis',(0.0152925878376237,-0.999648045209755,0.021677695116027));
#7046=DIRECTION('',(0.0144722702304908,-0.999895271213128,0.));
#7047=DIRECTION('',(0.0152925878376237,-0.999648045209755,0.021677695116027));
#7048=DIRECTION('',(-0.0376483620562522,-0.0222405294311729,-0.999043522417869));
#7049=DIRECTION('center_axis',(0.0152925878376367,-0.999648045209755,0.0216776951160244));
#7050=DIRECTION('ref_axis',(-0.999174027680719,-0.0144618311059241,0.0379752267847641));
#7051=DIRECTION('',(-0.999883006560252,-0.0152961822698052,0.));
#7052=DIRECTION('',(-0.0376483620562522,-0.0222405294311729,-0.999043522417869));
#7053=DIRECTION('',(-0.999174027680719,-0.0144618311059241,0.0379752267847641));
#7054=DIRECTION('center_axis',(0.999174027680719,0.014461831105911,-0.0379752267847631));
#7055=DIRECTION('ref_axis',(0.0152925878376237,-0.999648045209755,0.021677695116027));
#7056=DIRECTION('',(0.0144722702304908,-0.999895271213128,0.));
#7057=DIRECTION('',(-0.0376483620562522,-0.0222405294311729,-0.999043522417869));
#7058=DIRECTION('',(0.0152925878376237,-0.999648045209755,0.021677695116027));
#7059=DIRECTION('center_axis',(-0.0152925878376312,0.999648045209755,-0.0216776951160246));
#7060=DIRECTION('ref_axis',(0.999174027680719,0.0144618311059186,-0.0379752267847644));
#7061=DIRECTION('',(0.999883006560252,0.0152961822697997,0.));
#7062=DIRECTION('',(-0.0376483620562522,-0.0222405294311729,-0.999043522417869));
#7063=DIRECTION('',(0.999174027680719,0.0144618311059186,-0.0379752267847644));
#7064=DIRECTION('center_axis',(0.999174027680719,0.0144618311059269,-0.0379752267847635));
#7065=DIRECTION('ref_axis',(0.0152925878376396,-0.999648045209755,0.0216776951160266));
#7066=DIRECTION('',(0.0144722702305068,-0.999895271213128,0.));
#7067=DIRECTION('',(-0.0376483620562522,-0.0222405294311729,-0.999043522417869));
#7068=DIRECTION('',(0.0152925878376396,-0.999648045209755,0.0216776951160266));
#7069=DIRECTION('center_axis',(0.0152925878376349,-0.999648045209755,0.0216776951160245));
#7070=DIRECTION('ref_axis',(-0.999174027680719,-0.0144618311059223,0.0379752267847641));
#7071=DIRECTION('',(-0.999883006560252,-0.0152961822698035,0.));
#7072=DIRECTION('',(-0.0376483620562522,-0.0222405294311729,-0.999043522417869));
#7073=DIRECTION('',(-0.999174027680719,-0.0144618311059223,0.0379752267847641));
#7074=DIRECTION('center_axis',(0.999174027680719,0.014461831105911,-0.0379752267847631));
#7075=DIRECTION('ref_axis',(0.0152925878376237,-0.999648045209755,0.021677695116027));
#7076=DIRECTION('',(0.0144722702304908,-0.999895271213128,0.));
#7077=DIRECTION('',(-0.0376483620562522,-0.0222405294311729,-0.999043522417869));
#7078=DIRECTION('',(0.0152925878376237,-0.999648045209755,0.021677695116027));
#7079=DIRECTION('center_axis',(-0.0152925878376349,0.999648045209755,-0.0216776951160245));
#7080=DIRECTION('ref_axis',(0.999174027680719,0.0144618311059223,-0.0379752267847641));
#7081=DIRECTION('',(0.999883006560252,0.0152961822698035,0.));
#7082=DIRECTION('',(-0.0376483620562522,-0.0222405294311729,-0.999043522417869));
#7083=DIRECTION('',(0.999174027680719,0.0144618311059223,-0.0379752267847641));
#7084=DIRECTION('center_axis',(0.999174027680719,0.0144618311059278,-0.0379752267847635));
#7085=DIRECTION('ref_axis',(0.0152925878376405,-0.999648045209755,0.0216776951160266));
#7086=DIRECTION('',(0.0144722702305077,-0.999895271213128,0.));
#7087=DIRECTION('',(-0.0376483620562522,-0.0222405294311729,-0.999043522417869));
#7088=DIRECTION('',(0.0152925878376405,-0.999648045209755,0.0216776951160266));
#7089=DIRECTION('center_axis',(0.0152925878376391,-0.999648045209755,0.0216776951160243));
#7090=DIRECTION('ref_axis',(-0.999174027680719,-0.0144618311059265,0.0379752267847645));
#7091=DIRECTION('',(-0.999883006560252,-0.0152961822698077,0.));
#7092=DIRECTION('',(-0.999174027680719,-0.0144618311059265,0.0379752267847645));
#7093=DIRECTION('center_axis',(-0.0376483620562522,-0.0222405294311729,
-0.999043522417869));
#7094=DIRECTION('ref_axis',(-0.999290698137215,0.,0.037657676726499));
#7095=DIRECTION('center_axis',(0.999174027680719,0.0144618311059241,-0.0379752267847634));
#7096=DIRECTION('ref_axis',(0.0152925878376368,-0.999648045209755,0.0216776951160265));
#7097=DIRECTION('',(0.014472270230504,-0.999895271213128,0.));
#7098=DIRECTION('',(-0.0376483620562522,-0.0222405294311729,-0.999043522417869));
#7099=DIRECTION('',(0.0152925878376368,-0.999648045209755,0.0216776951160265));
#7100=DIRECTION('',(-0.0376483620562522,-0.0222405294311729,-0.999043522417869));
#7101=DIRECTION('center_axis',(0.0152925878376376,-0.999648045209755,0.0216776951160244));
#7102=DIRECTION('ref_axis',(-0.999174027680719,-0.0144618311059249,0.0379752267847642));
#7103=DIRECTION('',(-0.999883006560252,-0.0152961822698061,0.));
#7104=DIRECTION('',(-0.999174027680719,-0.0144618311059249,0.0379752267847642));
#7105=DIRECTION('',(-0.0376483620562522,-0.0222405294311729,-0.999043522417869));
#7106=DIRECTION('center_axis',(-0.999174027680719,-0.0144618311059241,0.0379752267847634));
#7107=DIRECTION('ref_axis',(-0.0152925878376368,0.999648045209755,-0.0216776951160265));
#7108=DIRECTION('',(-0.014472270230504,0.999895271213128,0.));
#7109=DIRECTION('',(-0.0152925878376368,0.999648045209755,-0.0216776951160265));
#7110=DIRECTION('',(-0.0376483620562522,-0.0222405294311729,-0.999043522417869));
#7111=DIRECTION('center_axis',(-0.0152925878376376,0.999648045209755,-0.0216776951160244));
#7112=DIRECTION('ref_axis',(0.999174027680719,0.0144618311059249,-0.0379752267847642));
#7113=DIRECTION('',(0.999883006560252,0.0152961822698061,0.));
#7114=DIRECTION('',(0.999174027680719,0.0144618311059249,-0.0379752267847642));
#7115=DIRECTION('center_axis',(-0.0376483620562522,-0.0222405294311729,
-0.999043522417869));
#7116=DIRECTION('ref_axis',(-0.999290698137215,0.,0.037657676726499));
#7117=DIRECTION('',(-0.0376483620562522,-0.0222405294311729,-0.999043522417869));
#7118=DIRECTION('',(-0.0376483620562522,-0.0222405294311729,-0.999043522417869));
#7119=DIRECTION('center_axis',(-0.0152925878376479,0.999648045209755,-0.021677695116024));
#7120=DIRECTION('ref_axis',(0.999174027680719,0.0144618311059353,-0.0379752267847641));
#7121=DIRECTION('',(0.999883006560252,0.0152961822698165,0.));
#7122=DIRECTION('',(0.999174027680719,0.0144618311059353,-0.0379752267847641));
#7123=DIRECTION('',(-0.0376483620562522,-0.0222405294311729,-0.999043522417869));
#7124=DIRECTION('center_axis',(0.999174027680719,0.0144618311059121,-0.0379752267847632));
#7125=DIRECTION('ref_axis',(0.0152925878376248,-0.999648045209755,0.0216776951160262));
#7126=DIRECTION('',(0.014472270230492,-0.999895271213128,0.));
#7127=DIRECTION('',(0.0152925878376248,-0.999648045209755,0.0216776951160262));
#7128=DIRECTION('',(-0.0376483620562522,-0.0222405294311729,-0.999043522417869));
#7129=DIRECTION('center_axis',(0.0152925878376248,-0.999648045209755,0.0216776951160249));
#7130=DIRECTION('ref_axis',(-0.999174027680719,-0.0144618311059122,0.0379752267847648));
#7131=DIRECTION('',(-0.999883006560252,-0.0152961822697933,0.));
#7132=DIRECTION('',(-0.999174027680719,-0.0144618311059122,0.0379752267847648));
#7133=DIRECTION('',(-0.0376483620562522,-0.0222405294311729,-0.999043522417869));
#7134=DIRECTION('',(-0.0376483620562522,-0.0222405294311729,-0.999043522417869));
#7135=DIRECTION('',(-0.0376483620562522,-0.0222405294311729,-0.999043522417869));
#7136=DIRECTION('center_axis',(-0.831676627606709,-0.553540817209639,0.0436640673279106));
#7137=DIRECTION('ref_axis',(-0.553982479801674,0.832525028172431,0.00234297658571542));
#7138=DIRECTION('',(-0.554069249779642,0.83247057992978,0.));
#7139=DIRECTION('',(-0.553982479801674,0.832525028172431,0.00234297658571541));
#7140=DIRECTION('',(-0.0376483620562522,-0.0222405294311729,-0.999043522417869));
#7141=DIRECTION('',(-0.0376483620562522,-0.0222405294311729,-0.999043522417869));
#7142=DIRECTION('center_axis',(0.834866931482583,0.548716261938094,-0.0436768886430903));
#7143=DIRECTION('ref_axis',(0.549162824261928,-0.835712763295683,-0.00209038593484612));
#7144=DIRECTION('',(0.549240396905818,-0.835664398192683,0.));
#7145=DIRECTION('',(-0.0376483620562522,-0.0222405294311729,-0.999043522417869));
#7146=DIRECTION('',(0.549162824261928,-0.835712763295683,-0.00209038593484612));
#7147=DIRECTION('center_axis',(0.709914678388388,-0.704200591664108,-0.0110759247303649));
#7148=DIRECTION('ref_axis',(-0.703280705154914,-0.70965265133764,0.0423008771335179));
#7149=DIRECTION('',(-0.704243789932836,-0.709958227180329,0.));
#7150=DIRECTION('',(-0.0376483620562522,-0.0222405294311729,-0.999043522417869));
#7151=DIRECTION('',(-0.703280705154914,-0.70965265133764,0.0423008771335179));
#7152=DIRECTION('center_axis',(-0.0152925878376472,0.999648045209755,-0.021677695116024));
#7153=DIRECTION('ref_axis',(0.999174027680719,0.0144618311059346,-0.0379752267847642));
#7154=DIRECTION('',(0.999883006560252,0.0152961822698158,0.));
#7155=DIRECTION('',(-0.0376483620562522,-0.0222405294311729,-0.999043522417869));
#7156=DIRECTION('',(0.999174027680719,0.0144618311059346,-0.0379752267847642));
#7157=DIRECTION('center_axis',(-0.710548091207174,0.703560863241278,0.0111140360369239));
#7158=DIRECTION('ref_axis',(0.702640741002344,0.710286893139532,-0.0422908798426758));
#7159=DIRECTION('',(0.703604319818269,0.710591979361624,0.));
#7160=DIRECTION('',(0.702640741002344,0.710286893139532,-0.0422908798426758));
#7161=DIRECTION('center_axis',(0.037648362056253,0.022240529431175,0.999043522417869));
#7162=DIRECTION('ref_axis',(-0.999290698137215,-8.6035317436576E-20,0.0376576767264997));
#7163=DIRECTION('center_axis',(0.0152925878376291,-0.999648045209755,0.0216776951160247));
#7164=DIRECTION('ref_axis',(-0.999174027680719,-0.0144618311059164,0.0379752267847646));
#7165=DIRECTION('',(-0.999883006560252,-0.0152961822697976,0.));
#7166=DIRECTION('',(-0.0376483620562522,-0.0222405294311729,-0.999043522417869));
#7167=DIRECTION('',(-0.999174027680719,-0.0144618311059164,0.0379752267847646));
#7168=DIRECTION('',(-0.0376483620562522,-0.0222405294311729,-0.999043522417869));
#7169=DIRECTION('center_axis',(-0.999174027680719,-0.0144618311059241,0.0379752267847634));
#7170=DIRECTION('ref_axis',(-0.0152925878376368,0.999648045209755,-0.0216776951160265));
#7171=DIRECTION('',(-0.014472270230504,0.999895271213128,0.));
#7172=DIRECTION('',(-0.0152925878376368,0.999648045209755,-0.0216776951160265));
#7173=DIRECTION('',(-0.0376483620562522,-0.0222405294311729,-0.999043522417869));
#7174=DIRECTION('center_axis',(-0.0152925878376291,0.999648045209755,-0.0216776951160247));
#7175=DIRECTION('ref_axis',(0.999174027680719,0.0144618311059164,-0.0379752267847646));
#7176=DIRECTION('',(0.999883006560252,0.0152961822697976,0.));
#7177=DIRECTION('',(0.999174027680719,0.0144618311059164,-0.0379752267847646));
#7178=DIRECTION('',(-0.0376483620562522,-0.0222405294311729,-0.999043522417869));
#7179=DIRECTION('center_axis',(0.999174027680719,0.0144618311059241,-0.0379752267847634));
#7180=DIRECTION('ref_axis',(0.0152925878376368,-0.999648045209755,0.0216776951160265));
#7181=DIRECTION('',(0.014472270230504,-0.999895271213128,0.));
#7182=DIRECTION('',(0.0152925878376368,-0.999648045209755,0.0216776951160265));
#7183=DIRECTION('center_axis',(-0.0376483620562522,-0.0222405294311729,
-0.999043522417869));
#7184=DIRECTION('ref_axis',(-0.999290698137215,0.,0.037657676726499));
#7185=DIRECTION('',(-0.0376483620562522,-0.0222405294311729,-0.999043522417869));
#7186=DIRECTION('',(-0.0376483620562522,-0.0222405294311729,-0.999043522417869));
#7187=DIRECTION('',(-0.0376483620562522,-0.0222405294311729,-0.999043522417869));
#7188=DIRECTION('',(-0.0376483620562522,-0.0222405294311729,-0.999043522417869));
#7189=DIRECTION('center_axis',(0.943616123751547,0.32825450165963,-0.0428671568487271));
#7190=DIRECTION('ref_axis',(0.328893921851083,-0.944327454324404,0.00862827784695093));
#7191=DIRECTION('',(0.328556517069114,-0.944484311723288,0.));
#7192=DIRECTION('',(0.328893921851083,-0.944327454324404,0.00862827784695093));
#7193=DIRECTION('',(-0.0376483620562522,-0.0222405294311729,-0.999043522417869));
#7194=DIRECTION('',(-0.0376483620562522,-0.0222405294311729,-0.999043522417869));
#7195=DIRECTION('',(-0.0376483620562522,-0.0222405294311729,-0.999043522417869));
#7196=DIRECTION('center_axis',(-0.0152925878376395,0.999648045209755,-0.0216776951160243));
#7197=DIRECTION('ref_axis',(0.999174027680719,0.0144618311059268,-0.0379752267847645));
#7198=DIRECTION('',(0.999883006560252,0.015296182269808,0.));
#7199=DIRECTION('',(0.999174027680719,0.0144618311059268,-0.0379752267847645));
#7200=DIRECTION('',(-0.0376483620562522,-0.0222405294311729,-0.999043522417869));
#7201=DIRECTION('center_axis',(0.999174027680719,0.0144618311059207,-0.0379752267847633));
#7202=DIRECTION('ref_axis',(0.0152925878376334,-0.999648045209755,0.0216776951160264));
#7203=DIRECTION('',(0.0144722702305006,-0.999895271213128,0.));
#7204=DIRECTION('',(0.0152925878376334,-0.999648045209755,0.0216776951160264));
#7205=DIRECTION('',(-0.0376483620562522,-0.0222405294311729,-0.999043522417869));
#7206=DIRECTION('center_axis',(0.0152925878376395,-0.999648045209755,0.0216776951160243));
#7207=DIRECTION('ref_axis',(-0.999174027680719,-0.0144618311059268,0.0379752267847645));
#7208=DIRECTION('',(-0.999883006560252,-0.015296182269808,0.));
#7209=DIRECTION('',(-0.999174027680719,-0.0144618311059268,0.0379752267847645));
#7210=DIRECTION('',(-0.0376483620562522,-0.0222405294311729,-0.999043522417869));
#7211=DIRECTION('',(-0.0376483620562522,-0.0222405294311729,-0.999043522417869));
#7212=DIRECTION('',(-0.0376483620562522,-0.0222405294311729,-0.999043522417869));
#7213=DIRECTION('center_axis',(-0.943796236308949,-0.327736902324777,0.0428624215790794));
#7214=DIRECTION('ref_axis',(-0.328376712273487,0.944507216333036,-0.00865177041274336));
#7215=DIRECTION('',(-0.328038374802737,0.944664397898417,0.));
#7216=DIRECTION('',(-0.328376712273487,0.944507216333036,-0.00865177041274337));
#7217=DIRECTION('',(-0.0376483620562522,-0.0222405294311729,-0.999043522417869));
#7218=DIRECTION('',(-0.0376483620562522,-0.0222405294311729,-0.999043522417869));
#7219=DIRECTION('center_axis',(-0.953406025930375,0.300269443118759,0.0292439950895898));
#7220=DIRECTION('ref_axis',(0.299331840194342,0.953595102955007,-0.0325089074885287));
#7221=DIRECTION('',(0.300397922435065,0.953813969386429,0.));
#7222=DIRECTION('',(-0.0376483620562522,-0.0222405294311729,-0.999043522417869));
#7223=DIRECTION('',(0.299331840194342,0.953595102955007,-0.0325089074885287));
#7224=DIRECTION('',(-0.0376483620562522,-0.0222405294311729,-0.999043522417869));
#7225=DIRECTION('',(-0.0376483620562522,-0.0222405294311729,-0.999043522417869));
#7226=DIRECTION('center_axis',(-0.0152925878376424,0.999648045209755,-0.0216776951160242));
#7227=DIRECTION('ref_axis',(0.999174027680719,0.0144618311059297,-0.0379752267847647));
#7228=DIRECTION('',(0.999883006560252,0.0152961822698109,0.));
#7229=DIRECTION('',(-0.0376483620562522,-0.0222405294311729,-0.999043522417869));
#7230=DIRECTION('',(0.999174027680719,0.0144618311059297,-0.0379752267847647));
#7231=DIRECTION('center_axis',(-0.999174027680719,-0.0144618311059207,0.0379752267847633));
#7232=DIRECTION('ref_axis',(-0.0152925878376334,0.999648045209755,-0.0216776951160264));
#7233=DIRECTION('',(-0.0144722702305006,0.999895271213128,0.));
#7234=DIRECTION('',(-0.0376483620562522,-0.0222405294311729,-0.999043522417869));
#7235=DIRECTION('',(-0.0152925878376334,0.999648045209755,-0.0216776951160264));
#7236=DIRECTION('center_axis',(0.0152925878376424,-0.999648045209755,0.0216776951160242));
#7237=DIRECTION('ref_axis',(-0.999174027680719,-0.0144618311059297,0.0379752267847647));
#7238=DIRECTION('',(-0.999883006560252,-0.0152961822698109,0.));
#7239=DIRECTION('',(-0.0376483620562522,-0.0222405294311729,-0.999043522417869));
#7240=DIRECTION('',(-0.999174027680719,-0.0144618311059297,0.0379752267847647));
#7241=DIRECTION('',(-0.0376483620562522,-0.0222405294311729,-0.999043522417869));
#7242=DIRECTION('',(-0.0376483620562522,-0.0222405294311729,-0.999043522417869));
#7243=DIRECTION('center_axis',(0.954068390838291,-0.298151087607207,-0.0293161143720337));
#7244=DIRECTION('ref_axis',(-0.297213906871324,-0.954259549498595,0.0324438862194943));
#7245=DIRECTION('',(-0.298279290924574,-0.954478634965463,0.));
#7246=DIRECTION('',(-0.297213906871324,-0.954259549498594,0.0324438862194943));
#7247=DIRECTION('center_axis',(0.037648362056253,0.022240529431175,0.999043522417869));
#7248=DIRECTION('ref_axis',(-0.999290698137215,2.23079971499165E-20,0.0376576767264997));
#7249=DIRECTION('',(-0.0376483620562522,-0.0222405294311729,-0.999043522417869));
#7250=DIRECTION('',(-0.0376483620562522,-0.0222405294311729,-0.999043522417869));
#7251=DIRECTION('',(-0.0376483620562522,-0.0222405294311729,-0.999043522417869));
#7252=DIRECTION('',(-0.0376483620562522,-0.0222405294311729,-0.999043522417869));
#7253=DIRECTION('',(-0.0376483620562522,-0.0222405294311729,-0.999043522417869));
#7254=DIRECTION('center_axis',(0.965423950504112,0.257261475631704,-0.0421085377189946));
#7255=DIRECTION('ref_axis',(0.257951926969959,-0.966085861611906,0.0117860666070397));
#7256=DIRECTION('',(0.25748985827546,-0.966281000995716,0.));
#7257=DIRECTION('',(0.257951926969959,-0.966085861611906,0.0117860666070397));
#7258=DIRECTION('',(-0.0376483620562522,-0.0222405294311729,-0.999043522417869));
#7259=DIRECTION('',(-0.0376483620562522,-0.0222405294311729,-0.999043522417869));
#7260=DIRECTION('',(-0.0376483620562522,-0.0222405294311729,-0.999043522417869));
#7261=DIRECTION('center_axis',(-0.0152925878376161,0.999648045209756,-0.0216776951160252));
#7262=DIRECTION('ref_axis',(0.999174027680719,0.0144618311059035,-0.0379752267847644));
#7263=DIRECTION('',(0.999883006560252,0.0152961822697847,0.));
#7264=DIRECTION('',(0.999174027680719,0.0144618311059035,-0.0379752267847644));
#7265=DIRECTION('',(-0.0376483620562522,-0.0222405294311729,-0.999043522417869));
#7266=DIRECTION('center_axis',(0.999174027680719,0.0144618311059207,-0.0379752267847633));
#7267=DIRECTION('ref_axis',(0.0152925878376334,-0.999648045209755,0.0216776951160264));
#7268=DIRECTION('',(0.0144722702305006,-0.999895271213128,0.));
#7269=DIRECTION('',(0.0152925878376334,-0.999648045209755,0.0216776951160264));
#7270=DIRECTION('',(-0.0376483620562522,-0.0222405294311729,-0.999043522417869));
#7271=DIRECTION('center_axis',(0.0152925878376161,-0.999648045209756,0.0216776951160252));
#7272=DIRECTION('ref_axis',(-0.999174027680719,-0.0144618311059035,0.0379752267847644));
#7273=DIRECTION('',(-0.999883006560252,-0.0152961822697847,0.));
#7274=DIRECTION('',(-0.999174027680719,-0.0144618311059035,0.0379752267847644));
#7275=DIRECTION('',(-0.0376483620562522,-0.0222405294311729,-0.999043522417869));
#7276=DIRECTION('',(-0.0376483620562522,-0.0222405294311729,-0.999043522417869));
#7277=DIRECTION('',(-0.0376483620562522,-0.0222405294311729,-0.999043522417869));
#7278=DIRECTION('center_axis',(-0.964750090203019,-0.259772140780405,0.0421390356751466));
#7279=DIRECTION('ref_axis',(-0.260460869014421,0.96541379404118,-0.0116765571666607));
#7280=DIRECTION('',(-0.260003086871874,0.965607785188736,0.));
#7281=DIRECTION('',(-0.260460869014421,0.96541379404118,-0.0116765571666608));
#7282=DIRECTION('',(-0.0376483620562522,-0.0222405294311729,-0.999043522417869));
#7283=DIRECTION('center_axis',(0.972620392995013,-0.230251235351428,-0.0315268100093833));
#7284=DIRECTION('ref_axis',(-0.229329832260671,-0.972877036150902,0.0303001743481763));
#7285=DIRECTION('',(-0.23036574865057,-0.973104116653846,0.));
#7286=DIRECTION('',(-0.229329832260671,-0.972877036150902,0.0303001743481763));
#7287=DIRECTION('',(-0.0376483620562522,-0.0222405294311729,-0.999043522417869));
#7288=DIRECTION('',(-0.0376483620562522,-0.0222405294311729,-0.999043522417869));
#7289=DIRECTION('',(-0.0376483620562522,-0.0222405294311729,-0.999043522417869));
#7290=DIRECTION('',(-0.0376483620562522,-0.0222405294311729,-0.999043522417869));
#7291=DIRECTION('',(-0.0376483620562522,-0.0222405294311729,-0.999043522417869));
#7292=DIRECTION('center_axis',(-0.965146579539439,-0.25829805993159,0.0421211614144038));
#7293=DIRECTION('ref_axis',(-0.25898780055787,0.965809231207798,-0.0117408720289122));
#7294=DIRECTION('',(-0.258527500487135,0.966003898279854,0.));
#7295=DIRECTION('',(-0.25898780055787,0.965809231207798,-0.0117408720289122));
#7296=DIRECTION('',(-0.0376483620562522,-0.0222405294311729,-0.999043522417869));
#7297=DIRECTION('',(-0.0376483620562522,-0.0222405294311729,-0.999043522417869));
#7298=DIRECTION('',(-0.0376483620562522,-0.0222405294311729,-0.999043522417869));
#7299=DIRECTION('',(-0.0376483620562522,-0.0222405294311729,-0.999043522417869));
#7300=DIRECTION('',(-0.0376483620562522,-0.0222405294311729,-0.999043522417869));
#7301=DIRECTION('',(-0.0376483620562522,-0.0222405294311729,-0.999043522417869));
#7302=DIRECTION('',(-0.0376483620562522,-0.0222405294311729,-0.999043522417869));
#7303=DIRECTION('',(-0.0376483620562522,-0.0222405294311729,-0.999043522417869));
#7304=DIRECTION('',(-0.0376483620562522,-0.0222405294311729,-0.999043522417869));
#7305=DIRECTION('',(-0.0376483620562522,-0.0222405294311729,-0.999043522417869));
#7306=DIRECTION('center_axis',(-0.972866042878523,0.229206613748521,0.0315593223599751));
#7307=DIRECTION('ref_axis',(0.228285486723019,0.973123675112551,-0.0302663094393226));
#7308=DIRECTION('',(0.229320842926501,0.973350887912206,0.));
#7309=DIRECTION('',(-0.0376483620562522,-0.0222405294311729,-0.999043522417869));
#7310=DIRECTION('',(0.228285486723019,0.973123675112551,-0.0302663094393226));
#7311=DIRECTION('',(-0.0376483620562522,-0.0222405294311729,-0.999043522417869));
#7312=DIRECTION('',(-0.0376483620562522,-0.0222405294311729,-0.999043522417869));
#7313=DIRECTION('center_axis',(-0.0152925878376247,0.999648045209755,-0.0216776951160249));
#7314=DIRECTION('ref_axis',(0.999174027680719,0.014461831105912,-0.0379752267847644));
#7315=DIRECTION('',(0.999883006560252,0.0152961822697932,0.));
#7316=DIRECTION('',(-0.0376483620562522,-0.0222405294311729,-0.999043522417869));
#7317=DIRECTION('',(0.999174027680719,0.014461831105912,-0.0379752267847644));
#7318=DIRECTION('center_axis',(-0.999174027680719,-0.0144618311059207,0.0379752267847633));
#7319=DIRECTION('ref_axis',(-0.0152925878376334,0.999648045209755,-0.0216776951160264));
#7320=DIRECTION('',(-0.0144722702305006,0.999895271213128,0.));
#7321=DIRECTION('',(-0.0376483620562522,-0.0222405294311729,-0.999043522417869));
#7322=DIRECTION('',(-0.0152925878376334,0.999648045209755,-0.0216776951160264));
#7323=DIRECTION('center_axis',(0.0152925878376247,-0.999648045209755,0.0216776951160249));
#7324=DIRECTION('ref_axis',(-0.999174027680719,-0.014461831105912,0.0379752267847644));
#7325=DIRECTION('',(-0.999883006560252,-0.0152961822697932,0.));
#7326=DIRECTION('',(-0.0376483620562522,-0.0222405294311729,-0.999043522417869));
#7327=DIRECTION('',(-0.999174027680719,-0.014461831105912,0.0379752267847644));
#7328=DIRECTION('',(-0.0376483620562522,-0.0222405294311729,-0.999043522417869));
#7329=DIRECTION('',(-0.0376483620562522,-0.0222405294311729,-0.999043522417869));
#7330=DIRECTION('center_axis',(0.970678189604767,-0.238339709195806,-0.0312735550596893));
#7331=DIRECTION('ref_axis',(-0.237416202185306,-0.970927155800619,0.0305614965082907));
#7332=DIRECTION('',(-0.238456347077818,-0.971153216819212,0.));
#7333=DIRECTION('',(-0.237416202185306,-0.970927155800619,0.0305614965082907));
#7334=DIRECTION('center_axis',(0.037648362056253,0.022240529431175,0.999043522417869));
#7335=DIRECTION('ref_axis',(-0.999290698137215,2.23079971499165E-20,0.0376576767264997));
#7336=DIRECTION('',(-0.0376483620562522,-0.0222405294311729,-0.999043522417869));
#7337=DIRECTION('',(-0.0376483620562522,-0.0222405294311729,-0.999043522417869));
#7338=DIRECTION('',(-0.0376483620562522,-0.0222405294311729,-0.999043522417869));
#7339=DIRECTION('',(-0.0376483620562522,-0.0222405294311729,-0.999043522417869));
#7340=DIRECTION('center_axis',(0.943616617127956,0.328253085063028,-0.0428671439053022));
#7341=DIRECTION('ref_axis',(0.328892506321556,-0.94432794674161,0.00862834215244501));
#7342=DIRECTION('',(0.328555098986518,-0.944484805028625,0.));
#7343=DIRECTION('',(0.328892506321556,-0.94432794674161,0.00862834215244501));
#7344=DIRECTION('',(-0.0376483620562522,-0.0222405294311729,-0.999043522417869));
#7345=DIRECTION('',(-0.0376483620562522,-0.0222405294311729,-0.999043522417869));
#7346=DIRECTION('',(-0.0376483620562522,-0.0222405294311729,-0.999043522417869));
#7347=DIRECTION('center_axis',(-0.0152925878376438,0.999648045209755,-0.0216776951160241));
#7348=DIRECTION('ref_axis',(0.999174027680719,0.0144618311059312,-0.0379752267847644));
#7349=DIRECTION('',(0.999883006560252,0.0152961822698123,0.));
#7350=DIRECTION('',(0.999174027680719,0.0144618311059312,-0.0379752267847644));
#7351=DIRECTION('',(-0.0376483620562522,-0.0222405294311729,-0.999043522417869));
#7352=DIRECTION('center_axis',(0.999174027680719,0.0144618311059207,-0.0379752267847633));
#7353=DIRECTION('ref_axis',(0.0152925878376334,-0.999648045209755,0.0216776951160264));
#7354=DIRECTION('',(0.0144722702305006,-0.999895271213128,0.));
#7355=DIRECTION('',(0.0152925878376334,-0.999648045209755,0.0216776951160264));
#7356=DIRECTION('',(-0.0376483620562522,-0.0222405294311729,-0.999043522417869));
#7357=DIRECTION('center_axis',(0.0152925878376438,-0.999648045209755,0.0216776951160241));
#7358=DIRECTION('ref_axis',(-0.999174027680719,-0.0144618311059312,0.0379752267847644));
#7359=DIRECTION('',(-0.999883006560252,-0.0152961822698123,0.));
#7360=DIRECTION('',(-0.999174027680719,-0.0144618311059312,0.0379752267847644));
#7361=DIRECTION('',(-0.0376483620562522,-0.0222405294311729,-0.999043522417869));
#7362=DIRECTION('',(-0.0376483620562522,-0.0222405294311729,-0.999043522417869));
#7363=DIRECTION('',(-0.0376483620562522,-0.0222405294311729,-0.999043522417869));
#7364=DIRECTION('center_axis',(-0.9437964541055,-0.327736275877692,0.0428624158407594));
#7365=DIRECTION('ref_axis',(-0.328376086297961,0.944507433705232,-0.00865179884136079));
#7366=DIRECTION('',(-0.328037747698575,0.944664615662535,0.));
#7367=DIRECTION('',(-0.328376086297961,0.944507433705232,-0.00865179884136079));
#7368=DIRECTION('',(-0.0376483620562522,-0.0222405294311729,-0.999043522417869));
#7369=DIRECTION('',(-0.0376483620562522,-0.0222405294311729,-0.999043522417869));
#7370=DIRECTION('center_axis',(-0.953406175384061,0.300268966996913,0.0292440113210033));
#7371=DIRECTION('ref_axis',(0.2993313641669,0.953595252876831,-0.0325088928872501));
#7372=DIRECTION('',(0.300397446252208,0.9538141193572,0.));
#7373=DIRECTION('',(-0.0376483620562522,-0.0222405294311729,-0.999043522417869));
#7374=DIRECTION('',(0.2993313641669,0.953595252876831,-0.0325088928872501));
#7375=DIRECTION('',(-0.0376483620562522,-0.0222405294311729,-0.999043522417869));
#7376=DIRECTION('',(-0.0376483620562522,-0.0222405294311729,-0.999043522417869));
#7377=DIRECTION('center_axis',(-0.0152925878376438,0.999648045209755,-0.0216776951160241));
#7378=DIRECTION('ref_axis',(0.999174027680719,0.0144618311059312,-0.0379752267847644));
#7379=DIRECTION('',(0.999883006560252,0.0152961822698123,0.));
#7380=DIRECTION('',(-0.0376483620562522,-0.0222405294311729,-0.999043522417869));
#7381=DIRECTION('',(0.999174027680719,0.0144618311059312,-0.0379752267847644));
#7382=DIRECTION('center_axis',(-0.999174027680719,-0.0144618311059207,0.0379752267847633));
#7383=DIRECTION('ref_axis',(-0.0152925878376334,0.999648045209755,-0.0216776951160264));
#7384=DIRECTION('',(-0.0144722702305006,0.999895271213128,0.));
#7385=DIRECTION('',(-0.0376483620562522,-0.0222405294311729,-0.999043522417869));
#7386=DIRECTION('',(-0.0152925878376334,0.999648045209755,-0.0216776951160264));
#7387=DIRECTION('center_axis',(0.0152925878376438,-0.999648045209755,0.0216776951160241));
#7388=DIRECTION('ref_axis',(-0.999174027680719,-0.0144618311059312,0.0379752267847644));
#7389=DIRECTION('',(-0.999883006560252,-0.0152961822698123,0.));
#7390=DIRECTION('',(-0.0376483620562522,-0.0222405294311729,-0.999043522417869));
#7391=DIRECTION('',(-0.999174027680719,-0.0144618311059312,0.0379752267847644));
#7392=DIRECTION('',(-0.0376483620562522,-0.0222405294311729,-0.999043522417869));
#7393=DIRECTION('',(-0.0376483620562522,-0.0222405294311729,-0.999043522417869));
#7394=DIRECTION('center_axis',(0.954067996002085,-0.298152355298017,-0.029316071271758));
#7395=DIRECTION('ref_axis',(-0.297215174308189,-0.954259153417386,0.0324439251646109));
#7396=DIRECTION('',(-0.298280558783274,-0.954478238752429,0.));
#7397=DIRECTION('',(-0.297215174308189,-0.954259153417386,0.0324439251646109));
#7398=DIRECTION('center_axis',(0.037648362056253,0.022240529431175,0.999043522417869));
#7399=DIRECTION('ref_axis',(-0.999290698137215,2.23079971499165E-20,0.0376576767264997));
#7400=DIRECTION('center_axis',(0.999174027680719,0.0144618311059207,-0.0379752267847633));
#7401=DIRECTION('ref_axis',(0.0152925878376334,-0.999648045209755,0.0216776951160264));
#7402=DIRECTION('',(0.0144722702305006,-0.999895271213128,0.));
#7403=DIRECTION('',(-0.0376483620562522,-0.0222405294311729,-0.999043522417869));
#7404=DIRECTION('',(0.0152925878376334,-0.999648045209755,0.0216776951160264));
#7405=DIRECTION('',(-0.0376483620562522,-0.0222405294311729,-0.999043522417869));
#7406=DIRECTION('center_axis',(0.0152925878376323,-0.999648045209755,0.0216776951160246));
#7407=DIRECTION('ref_axis',(-0.999174027680719,-0.0144618311059197,0.0379752267847642));
#7408=DIRECTION('',(-0.999883006560252,-0.0152961822698009,0.));
#7409=DIRECTION('',(-0.999174027680719,-0.0144618311059197,0.0379752267847642));
#7410=DIRECTION('',(-0.0376483620562522,-0.0222405294311729,-0.999043522417869));
#7411=DIRECTION('center_axis',(-0.999174027680719,-0.0144618311059207,0.0379752267847633));
#7412=DIRECTION('ref_axis',(-0.0152925878376334,0.999648045209755,-0.0216776951160264));
#7413=DIRECTION('',(-0.0144722702305006,0.999895271213128,0.));
#7414=DIRECTION('',(-0.0152925878376334,0.999648045209755,-0.0216776951160264));
#7415=DIRECTION('',(-0.0376483620562522,-0.0222405294311729,-0.999043522417869));
#7416=DIRECTION('center_axis',(-0.0152925878376323,0.999648045209755,-0.0216776951160246));
#7417=DIRECTION('ref_axis',(0.999174027680719,0.0144618311059197,-0.0379752267847642));
#7418=DIRECTION('',(0.999883006560252,0.0152961822698009,0.));
#7419=DIRECTION('',(0.999174027680719,0.0144618311059197,-0.0379752267847642));
#7420=DIRECTION('center_axis',(-0.0376483620562522,-0.0222405294311729,
-0.999043522417869));
#7421=DIRECTION('ref_axis',(-0.999290698137215,0.,0.037657676726499));
#7422=DIRECTION('center_axis',(0.0152925878376376,-0.999648045209755,0.0216776951160244));
#7423=DIRECTION('ref_axis',(-0.999174027680719,-0.0144618311059249,0.0379752267847642));
#7424=DIRECTION('',(-0.999883006560252,-0.0152961822698061,0.));
#7425=DIRECTION('',(-0.0376483620562522,-0.0222405294311729,-0.999043522417869));
#7426=DIRECTION('',(-0.999174027680719,-0.0144618311059249,0.0379752267847642));
#7427=DIRECTION('',(-0.0376483620562522,-0.0222405294311729,-0.999043522417869));
#7428=DIRECTION('center_axis',(-0.999174027680719,-0.01446183110592,0.0379752267847633));
#7429=DIRECTION('ref_axis',(-0.0152925878376327,0.999648045209755,-0.0216776951160264));
#7430=DIRECTION('',(-0.0144722702304999,0.999895271213128,0.));
#7431=DIRECTION('',(-0.0152925878376327,0.999648045209755,-0.0216776951160265));
#7432=DIRECTION('',(-0.0376483620562522,-0.0222405294311729,-0.999043522417869));
#7433=DIRECTION('center_axis',(-0.0152925878376328,0.999648045209755,-0.0216776951160246));
#7434=DIRECTION('ref_axis',(0.999174027680719,0.0144618311059202,-0.0379752267847643));
#7435=DIRECTION('',(0.999883006560252,0.0152961822698014,0.));
#7436=DIRECTION('',(0.999174027680719,0.0144618311059202,-0.0379752267847643));
#7437=DIRECTION('',(-0.0376483620562522,-0.0222405294311729,-0.999043522417869));
#7438=DIRECTION('center_axis',(0.999174027680719,0.0144618311059347,-0.0379752267847637));
#7439=DIRECTION('ref_axis',(0.0152925878376475,-0.999648045209755,0.0216776951160269));
#7440=DIRECTION('',(0.0144722702305146,-0.999895271213128,0.));
#7441=DIRECTION('',(0.0152925878376474,-0.999648045209755,0.0216776951160269));
#7442=DIRECTION('',(-0.0376483620562522,-0.0222405294311729,-0.999043522417869));
#7443=DIRECTION('center_axis',(0.999174027680719,0.0144618311059237,-0.0379752267847634));
#7444=DIRECTION('ref_axis',(0.0152925878376364,-0.999648045209755,0.0216776951160266));
#7445=DIRECTION('',(0.0144722702305036,-0.999895271213128,0.));
#7446=DIRECTION('',(-0.0376483620562522,-0.0222405294311729,-0.999043522417869));
#7447=DIRECTION('',(0.0152925878376364,-0.999648045209755,0.0216776951160266));
#7448=DIRECTION('center_axis',(0.0152925878376303,-0.999648045209755,0.0216776951160247));
#7449=DIRECTION('ref_axis',(-0.999174027680719,-0.0144618311059176,0.0379752267847643));
#7450=DIRECTION('',(-0.999883006560252,-0.0152961822697988,0.));
#7451=DIRECTION('',(-0.999174027680719,-0.0144618311059176,0.0379752267847643));
#7452=DIRECTION('center_axis',(-0.0376483620562522,-0.0222405294311729,
-0.999043522417869));
#7453=DIRECTION('ref_axis',(-0.999290698137215,0.,0.037657676726499));
#7454=DIRECTION('center_axis',(0.,1.,0.));
#7455=DIRECTION('ref_axis',(-1.,0.,0.));
#7456=DIRECTION('',(0.,0.,1.));
#7457=DIRECTION('',(1.,0.,0.));
#7458=DIRECTION('',(0.,0.,-1.));
#7459=DIRECTION('center_axis',(0.,0.,1.));
#7460=DIRECTION('ref_axis',(-0.707106781186547,0.707106781186548,0.));
#7461=DIRECTION('center_axis',(0.,0.,1.));
#7462=DIRECTION('ref_axis',(-0.707106781186547,0.707106781186548,0.));
#7463=DIRECTION('',(0.,0.,1.));
#7464=DIRECTION('center_axis',(-1.,0.,0.));
#7465=DIRECTION('ref_axis',(0.,-1.,0.));
#7466=DIRECTION('',(0.,1.,0.));
#7467=DIRECTION('',(0.,0.,-1.));
#7468=DIRECTION('center_axis',(0.,0.,1.));
#7469=DIRECTION('ref_axis',(1.,0.,0.));
#7470=DIRECTION('center_axis',(0.,0.,1.));
#7471=DIRECTION('ref_axis',(0.707106781186547,0.707106781186547,0.));
#7472=DIRECTION('',(0.,-1.,0.));
#7473=DIRECTION('center_axis',(0.,0.,1.));
#7474=DIRECTION('ref_axis',(0.707106781186547,-0.707106781186547,0.));
#7475=DIRECTION('',(-1.,0.,0.));
#7476=DIRECTION('center_axis',(0.,0.,1.));
#7477=DIRECTION('ref_axis',(-0.707106781186547,-0.707106781186547,0.));
#7478=DIRECTION('center_axis',(0.,0.,-1.));
#7479=DIRECTION('ref_axis',(1.,0.,0.));
#7480=DIRECTION('center_axis',(0.,0.,-1.));
#7481=DIRECTION('ref_axis',(1.,0.,0.));
#7482=DIRECTION('center_axis',(0.,0.,-1.));
#7483=DIRECTION('ref_axis',(1.,0.,0.));
#7484=DIRECTION('center_axis',(0.,0.,-1.));
#7485=DIRECTION('ref_axis',(1.,0.,0.));
#7486=DIRECTION('center_axis',(0.,0.,1.));
#7487=DIRECTION('ref_axis',(-0.707106781186547,-0.707106781186547,0.));
#7488=DIRECTION('',(0.,0.,1.));
#7489=DIRECTION('center_axis',(0.,-1.,0.));
#7490=DIRECTION('ref_axis',(1.,0.,0.));
#7491=DIRECTION('',(0.,0.,-1.));
#7492=DIRECTION('center_axis',(0.,0.,1.));
#7493=DIRECTION('ref_axis',(0.707106781186547,0.707106781186547,0.));
#7494=DIRECTION('',(0.,0.,-1.));
#7495=DIRECTION('center_axis',(0.,0.,1.));
#7496=DIRECTION('ref_axis',(0.707106781186547,-0.707106781186547,0.));
#7497=DIRECTION('',(0.,0.,1.));
#7498=DIRECTION('center_axis',(0.,0.,1.));
#7499=DIRECTION('ref_axis',(1.,0.,0.));
#7500=DIRECTION('',(-1.,0.,0.));
#7501=DIRECTION('',(-1.0449157878825E-15,-1.,0.));
#7502=DIRECTION('',(2.17690789142188E-17,1.,0.));
#7503=DIRECTION('center_axis',(-1.,1.0449157878825E-15,0.));
#7504=DIRECTION('ref_axis',(-1.0449157878825E-15,-1.,0.));
#7505=DIRECTION('',(0.,0.,1.));
#7506=DIRECTION('center_axis',(0.,0.,1.));
#7507=DIRECTION('ref_axis',(1.,0.,0.));
#7508=DIRECTION('center_axis',(0.,0.,1.));
#7509=DIRECTION('ref_axis',(1.,0.,0.));
#7510=DIRECTION('',(0.,0.,-1.));
#7511=DIRECTION('center_axis',(0.,0.,1.));
#7512=DIRECTION('ref_axis',(1.,0.,0.));
#7513=DIRECTION('center_axis',(0.,0.,1.));
#7514=DIRECTION('ref_axis',(1.,0.,0.));
#7515=DIRECTION('',(0.,0.,-1.));
#7516=DIRECTION('center_axis',(0.,0.,1.));
#7517=DIRECTION('ref_axis',(1.,0.,0.));
#7518=DIRECTION('center_axis',(0.,0.,1.));
#7519=DIRECTION('ref_axis',(1.,0.,0.));
#7520=DIRECTION('',(0.,0.,-1.));
#7521=DIRECTION('center_axis',(0.,0.,1.));
#7522=DIRECTION('ref_axis',(1.,0.,0.));
#7523=DIRECTION('center_axis',(0.,0.,1.));
#7524=DIRECTION('ref_axis',(1.,0.,0.));
#7525=DIRECTION('',(0.,0.,-1.));
#7526=DIRECTION('center_axis',(1.,-2.17690789142188E-17,0.));
#7527=DIRECTION('ref_axis',(2.17690789142188E-17,1.,0.));
#7528=DIRECTION('',(0.,0.,1.));
#7529=DIRECTION('center_axis',(0.,1.,0.));
#7530=DIRECTION('ref_axis',(-1.,0.,0.));
#7531=DIRECTION('center_axis',(1.,0.,0.));
#7532=DIRECTION('ref_axis',(0.,1.,0.));
#7533=DIRECTION('center_axis',(0.,0.,1.));
#7534=DIRECTION('ref_axis',(1.,0.,0.));
#7535=DIRECTION('',(0.,0.,-1.));
#7536=DIRECTION('center_axis',(0.,0.,-1.));
#7537=DIRECTION('ref_axis',(1.,0.,0.));
#7538=DIRECTION('center_axis',(0.,0.,1.));
#7539=DIRECTION('ref_axis',(1.,0.,0.));
#7540=DIRECTION('center_axis',(0.,0.,1.));
#7541=DIRECTION('ref_axis',(1.,0.,0.));
#7542=DIRECTION('',(0.,0.,-1.));
#7543=DIRECTION('center_axis',(0.,0.,-1.));
#7544=DIRECTION('ref_axis',(1.,0.,0.));
#7545=DIRECTION('center_axis',(0.,0.,1.));
#7546=DIRECTION('ref_axis',(1.,0.,0.));
#7547=DIRECTION('center_axis',(0.,0.,1.));
#7548=DIRECTION('ref_axis',(1.,0.,0.));
#7549=DIRECTION('',(0.,0.,-1.));
#7550=DIRECTION('center_axis',(0.,0.,-1.));
#7551=DIRECTION('ref_axis',(1.,0.,0.));
#7552=DIRECTION('center_axis',(0.,0.,1.));
#7553=DIRECTION('ref_axis',(1.,0.,0.));
#7554=DIRECTION('center_axis',(0.,0.,1.));
#7555=DIRECTION('ref_axis',(1.,0.,0.));
#7556=DIRECTION('',(0.,0.,-1.));
#7557=DIRECTION('center_axis',(0.,0.,-1.));
#7558=DIRECTION('ref_axis',(1.,0.,0.));
#7559=DIRECTION('center_axis',(0.,0.,1.));
#7560=DIRECTION('ref_axis',(1.,0.,0.));
#7561=DIRECTION('',(0.,0.,1.));
#7562=DIRECTION('',(1.,0.,0.));
#7563=CARTESIAN_POINT('',(0.,0.,0.));
#7564=CARTESIAN_POINT('',(0.,0.,0.));
#7565=CARTESIAN_POINT('Ctrl Pts',(50.3901960452929,70.9617704548093,5.5));
#7566=CARTESIAN_POINT('Ctrl Pts',(50.3901960452929,69.2951037881426,5.5));
#7567=CARTESIAN_POINT('Ctrl Pts',(50.3901960452929,67.6284371214759,5.5));
#7568=CARTESIAN_POINT('Ctrl Pts',(50.3901960452929,65.9617704548092,5.5));
#7569=CARTESIAN_POINT('Ctrl Pts',(49.986135027472,70.9617704548093,5.5));
#7570=CARTESIAN_POINT('Ctrl Pts',(49.986135027472,69.2951037881426,5.5));
#7571=CARTESIAN_POINT('Ctrl Pts',(49.986135027472,67.6284371214759,5.5));
#7572=CARTESIAN_POINT('Ctrl Pts',(49.986135027472,65.9617704548092,5.5));
#7573=CARTESIAN_POINT('Ctrl Pts',(49.4851546807342,70.9617704548093,5.57563828515461));
#7574=CARTESIAN_POINT('Ctrl Pts',(49.4851546807342,69.2951037881426,5.57563828515461));
#7575=CARTESIAN_POINT('Ctrl Pts',(49.4851546807342,67.6284371214759,5.57563828515461));
#7576=CARTESIAN_POINT('Ctrl Pts',(49.4851546807342,65.9617704548092,5.57563828515461));
#7577=CARTESIAN_POINT('Ctrl Pts',(49.1499017006116,70.9617704548093,5.81268902116698));
#7578=CARTESIAN_POINT('Ctrl Pts',(49.1499017006116,69.2951037881426,5.81268902116698));
#7579=CARTESIAN_POINT('Ctrl Pts',(49.1499017006116,67.6284371214759,5.81268902116698));
#7580=CARTESIAN_POINT('Ctrl Pts',(49.1499017006116,65.9617704548092,5.81268902116698));
#7581=CARTESIAN_POINT('Ctrl Pts',(48.9457931803568,70.9617704548093,6.2202057694075));
#7582=CARTESIAN_POINT('Ctrl Pts',(48.9457931803568,69.2951037881426,6.2202057694075));
#7583=CARTESIAN_POINT('Ctrl Pts',(48.9457931803568,67.6284371214759,6.2202057694075));
#7584=CARTESIAN_POINT('Ctrl Pts',(48.9457931803568,65.9617704548092,6.2202057694075));
#7585=CARTESIAN_POINT('Ctrl Pts',(48.8901960452929,70.9617704548093,6.59593898217912));
#7586=CARTESIAN_POINT('Ctrl Pts',(48.8901960452929,69.2951037881426,6.59593898217912));
#7587=CARTESIAN_POINT('Ctrl Pts',(48.8901960452929,67.6284371214759,6.59593898217912));
#7588=CARTESIAN_POINT('Ctrl Pts',(48.8901960452929,65.9617704548092,6.59593898217912));
#7589=CARTESIAN_POINT('Ctrl Pts',(48.8901960452929,70.9617704548093,7.));
#7590=CARTESIAN_POINT('Ctrl Pts',(48.8901960452929,69.2951037881426,7.));
#7591=CARTESIAN_POINT('Ctrl Pts',(48.8901960452929,67.6284371214759,7.));
#7592=CARTESIAN_POINT('Ctrl Pts',(48.8901960452929,65.9617704548092,7.));
#7593=CARTESIAN_POINT('',(50.3901960452929,70.9617704548093,5.5));
#7594=CARTESIAN_POINT('',(48.8901960452929,70.9617704548093,7.));
#7595=CARTESIAN_POINT('Ctrl Pts',(50.3901960452929,70.9617704548093,5.5));
#7596=CARTESIAN_POINT('Ctrl Pts',(49.986135027472,70.9617704548093,5.5));
#7597=CARTESIAN_POINT('Ctrl Pts',(49.7356448541031,70.9617704548093,5.5378191425773));
#7598=CARTESIAN_POINT('Ctrl Pts',(49.5433491713941,70.9617704548093,5.60413886106843));
#7599=CARTESIAN_POINT('Ctrl Pts',(49.3510534886851,70.9617704548093,5.67045857955956));
#7600=CARTESIAN_POINT('Ctrl Pts',(49.2169522966361,70.9617704548093,5.7652788739645));
#7601=CARTESIAN_POINT('Ctrl Pts',(49.1178229605518,70.9617704548093,5.90555677163029));
#7602=CARTESIAN_POINT('Ctrl Pts',(49.0682582925097,70.9617704548093,5.97569572046318));
#7603=CARTESIAN_POINT('Ctrl Pts',(49.0274365884587,70.9617704548093,6.05719907011129));
#7604=CARTESIAN_POINT('Ctrl Pts',(48.9940446596399,70.9617704548093,6.15328277129576));
#7605=CARTESIAN_POINT('Ctrl Pts',(48.9272608020022,70.9617704548093,6.3454501736647));
#7606=CARTESIAN_POINT('Ctrl Pts',(48.8901960452929,70.9617704548093,6.59593898217912));
#7607=CARTESIAN_POINT('Ctrl Pts',(48.8901960452929,70.9617704548093,7.));
#7608=CARTESIAN_POINT('',(48.8901960452929,65.9617704548092,7.));
#7609=CARTESIAN_POINT('Ctrl Pts',(48.8901960452929,70.9617704548093,7.));
#7610=CARTESIAN_POINT('Ctrl Pts',(48.8901960452929,69.2951037881426,7.));
#7611=CARTESIAN_POINT('Ctrl Pts',(48.8901960452929,67.6284371214759,7.));
#7612=CARTESIAN_POINT('Ctrl Pts',(48.8901960452929,65.9617704548092,7.));
#7613=CARTESIAN_POINT('',(50.3901960452929,65.9617704548092,5.5));
#7614=CARTESIAN_POINT('Ctrl Pts',(48.8901960452929,65.9617704548092,7.));
#7615=CARTESIAN_POINT('Ctrl Pts',(48.8901960452929,65.9617704548092,6.59593898217912));
#7616=CARTESIAN_POINT('Ctrl Pts',(48.9272608020022,65.9617704548092,6.3454501736647));
#7617=CARTESIAN_POINT('Ctrl Pts',(48.9940446596399,65.9617704548092,6.15328277129576));
#7618=CARTESIAN_POINT('Ctrl Pts',(49.0274365884587,65.9617704548092,6.05719907011129));
#7619=CARTESIAN_POINT('Ctrl Pts',(49.0682582925097,65.9617704548092,5.97569572046318));
#7620=CARTESIAN_POINT('Ctrl Pts',(49.1178229605518,65.9617704548092,5.90555677163029));
#7621=CARTESIAN_POINT('Ctrl Pts',(49.2169522966361,65.9617704548092,5.7652788739645));
#7622=CARTESIAN_POINT('Ctrl Pts',(49.3510534886851,65.9617704548092,5.67045857955956));
#7623=CARTESIAN_POINT('Ctrl Pts',(49.5433491713941,65.9617704548092,5.60413886106843));
#7624=CARTESIAN_POINT('Ctrl Pts',(49.7356448541031,65.9617704548092,5.5378191425773));
#7625=CARTESIAN_POINT('Ctrl Pts',(49.986135027472,65.9617704548092,5.5));
#7626=CARTESIAN_POINT('Ctrl Pts',(50.3901960452929,65.9617704548092,5.5));
#7627=CARTESIAN_POINT('Ctrl Pts',(50.3901960452929,65.9617704548092,5.5));
#7628=CARTESIAN_POINT('Ctrl Pts',(50.3901960452929,67.6284371214759,5.5));
#7629=CARTESIAN_POINT('Ctrl Pts',(50.3901960452929,69.2951037881426,5.5));
#7630=CARTESIAN_POINT('Ctrl Pts',(50.3901960452929,70.9617704548093,5.5));
#7631=CARTESIAN_POINT('Origin',(48.8901960452929,65.9617704548093,13.));
#7632=CARTESIAN_POINT('',(48.8901960452929,70.9617704548093,13.));
#7633=CARTESIAN_POINT('',(48.8901960452929,70.9617704548093,6.5));
#7634=CARTESIAN_POINT('',(48.8901960452929,65.9617704548092,13.));
#7635=CARTESIAN_POINT('',(48.8901960452929,65.9617704548093,13.));
#7636=CARTESIAN_POINT('',(48.8901960452929,65.9617704548092,6.5));
#7637=CARTESIAN_POINT('Ctrl Pts',(62.3901960452929,65.9617704548092,5.5));
#7638=CARTESIAN_POINT('Ctrl Pts',(62.3901960452929,67.6284371214759,5.5));
#7639=CARTESIAN_POINT('Ctrl Pts',(62.3901960452929,69.2951037881426,5.5));
#7640=CARTESIAN_POINT('Ctrl Pts',(62.3901960452929,70.9617704548093,5.5));
#7641=CARTESIAN_POINT('Ctrl Pts',(62.7942570631138,65.9617704548092,5.5));
#7642=CARTESIAN_POINT('Ctrl Pts',(62.7942570631138,67.6284371214759,5.5));
#7643=CARTESIAN_POINT('Ctrl Pts',(62.7942570631138,69.2951037881426,5.5));
#7644=CARTESIAN_POINT('Ctrl Pts',(62.7942570631138,70.9617704548093,5.5));
#7645=CARTESIAN_POINT('Ctrl Pts',(63.2952753847042,65.9617704548092,5.57561020801126));
#7646=CARTESIAN_POINT('Ctrl Pts',(63.2952753847042,67.6284371214759,5.57561020801126));
#7647=CARTESIAN_POINT('Ctrl Pts',(63.2952753847042,69.2951037881426,5.57561020801126));
#7648=CARTESIAN_POINT('Ctrl Pts',(63.2952753847042,70.9617704548093,5.57561020801126));
#7649=CARTESIAN_POINT('Ctrl Pts',(63.6305158626966,65.9617704548092,5.81266193550063));
#7650=CARTESIAN_POINT('Ctrl Pts',(63.6305158626966,67.6284371214759,5.81266193550063));
#7651=CARTESIAN_POINT('Ctrl Pts',(63.6305158626966,69.2951037881426,5.81266193550063));
#7652=CARTESIAN_POINT('Ctrl Pts',(63.6305158626966,70.9617704548093,5.81266193550063));
#7653=CARTESIAN_POINT('Ctrl Pts',(63.8346222336669,65.9617704548092,6.22017315115715));
#7654=CARTESIAN_POINT('Ctrl Pts',(63.8346222336669,67.6284371214759,6.22017315115715));
#7655=CARTESIAN_POINT('Ctrl Pts',(63.8346222336669,69.2951037881426,6.22017315115715));
#7656=CARTESIAN_POINT('Ctrl Pts',(63.8346222336669,70.9617704548093,6.22017315115715));
#7657=CARTESIAN_POINT('Ctrl Pts',(63.8901960452929,65.9617704548092,6.59593898217912));
#7658=CARTESIAN_POINT('Ctrl Pts',(63.8901960452929,67.6284371214759,6.59593898217912));
#7659=CARTESIAN_POINT('Ctrl Pts',(63.8901960452929,69.2951037881426,6.59593898217912));
#7660=CARTESIAN_POINT('Ctrl Pts',(63.8901960452929,70.9617704548093,6.59593898217912));
#7661=CARTESIAN_POINT('Ctrl Pts',(63.8901960452929,65.9617704548092,7.));
#7662=CARTESIAN_POINT('Ctrl Pts',(63.8901960452929,67.6284371214759,7.));
#7663=CARTESIAN_POINT('Ctrl Pts',(63.8901960452929,69.2951037881426,7.));
#7664=CARTESIAN_POINT('Ctrl Pts',(63.8901960452929,70.9617704548093,7.));
#7665=CARTESIAN_POINT('',(62.3901960452929,65.9617704548093,5.5));
#7666=CARTESIAN_POINT('',(63.8901960452929,65.9617704548093,7.));
#7667=CARTESIAN_POINT('Ctrl Pts',(62.3901960452929,65.9617704548093,5.5));
#7668=CARTESIAN_POINT('Ctrl Pts',(62.7942570631138,65.9617704548093,5.5));
#7669=CARTESIAN_POINT('Ctrl Pts',(63.044766223909,65.9617704548093,5.53780510400563));
#7670=CARTESIAN_POINT('Ctrl Pts',(63.2370688999051,65.9617704548093,5.60411800150632));
#7671=CARTESIAN_POINT('Ctrl Pts',(63.4293715759012,65.9617704548093,5.67043089900701));
#7672=CARTESIAN_POINT('Ctrl Pts',(63.5634677670981,65.9617704548093,5.76525159000275));
#7673=CARTESIAN_POINT('Ctrl Pts',(63.6625948630892,65.9617704548093,5.90552814450974));
#7674=CARTESIAN_POINT('Ctrl Pts',(63.7121584110848,65.9617704548093,5.97566642176324));
#7675=CARTESIAN_POINT('Ctrl Pts',(63.7529796852788,65.9617704548093,6.05716866489454));
#7676=CARTESIAN_POINT('Ctrl Pts',(63.7863687360333,65.9617704548093,6.15325525265119));
#7677=CARTESIAN_POINT('Ctrl Pts',(63.8531468375423,65.9617704548093,6.34542842816447));
#7678=CARTESIAN_POINT('Ctrl Pts',(63.8901960452929,65.9617704548093,6.59593898217912));
#7679=CARTESIAN_POINT('Ctrl Pts',(63.8901960452929,65.9617704548093,7.));
#7680=CARTESIAN_POINT('',(63.8901960452929,70.9617704548093,7.));
#7681=CARTESIAN_POINT('Ctrl Pts',(63.8901960452929,65.9617704548092,7.));
#7682=CARTESIAN_POINT('Ctrl Pts',(63.8901960452929,67.6284371214759,7.));
#7683=CARTESIAN_POINT('Ctrl Pts',(63.8901960452929,69.2951037881426,7.));
#7684=CARTESIAN_POINT('Ctrl Pts',(63.8901960452929,70.9617704548093,7.));
#7685=CARTESIAN_POINT('',(62.3901960452929,70.9617704548093,5.5));
#7686=CARTESIAN_POINT('Ctrl Pts',(63.8901960452929,70.9617704548093,7.));
#7687=CARTESIAN_POINT('Ctrl Pts',(63.8901960452929,70.9617704548093,6.59593898217912));
#7688=CARTESIAN_POINT('Ctrl Pts',(63.8531468375423,70.9617704548093,6.34542842816447));
#7689=CARTESIAN_POINT('Ctrl Pts',(63.7863687360333,70.9617704548093,6.15325525265119));
#7690=CARTESIAN_POINT('Ctrl Pts',(63.7529796852788,70.9617704548093,6.05716866489454));
#7691=CARTESIAN_POINT('Ctrl Pts',(63.7121584110848,70.9617704548093,5.97566642176324));
#7692=CARTESIAN_POINT('Ctrl Pts',(63.6625948630892,70.9617704548093,5.90552814450974));
#7693=CARTESIAN_POINT('Ctrl Pts',(63.5634677670981,70.9617704548093,5.76525159000275));
#7694=CARTESIAN_POINT('Ctrl Pts',(63.4293715759012,70.9617704548093,5.67043089900701));
#7695=CARTESIAN_POINT('Ctrl Pts',(63.2370688999051,70.9617704548093,5.60411800150632));
#7696=CARTESIAN_POINT('Ctrl Pts',(63.044766223909,70.9617704548093,5.53780510400563));
#7697=CARTESIAN_POINT('Ctrl Pts',(62.7942570631138,70.9617704548093,5.5));
#7698=CARTESIAN_POINT('Ctrl Pts',(62.3901960452929,70.9617704548093,5.5));
#7699=CARTESIAN_POINT('Ctrl Pts',(62.3901960452929,70.9617704548093,5.5));
#7700=CARTESIAN_POINT('Ctrl Pts',(62.3901960452929,69.2951037881426,5.5));
#7701=CARTESIAN_POINT('Ctrl Pts',(62.3901960452929,67.6284371214759,5.5));
#7702=CARTESIAN_POINT('Ctrl Pts',(62.3901960452929,65.9617704548092,5.5));
#7703=CARTESIAN_POINT('Origin',(63.8901960452929,70.9617704548093,13.));
#7704=CARTESIAN_POINT('',(63.8901960452929,65.9617704548093,13.));
#7705=CARTESIAN_POINT('',(63.8901960452929,65.9617704548093,6.5));
#7706=CARTESIAN_POINT('',(63.8901960452929,70.9617704548093,13.));
#7707=CARTESIAN_POINT('',(63.8901960452929,68.4617704548093,13.));
#7708=CARTESIAN_POINT('',(63.8901960452929,70.9617704548093,6.5));
#7709=CARTESIAN_POINT('Origin',(9.7401960452929,65.9617704548092,0.));
#7710=CARTESIAN_POINT('',(29.5651960452929,65.9617704548092,5.5));
#7711=CARTESIAN_POINT('',(9.74019604529291,65.9617704548092,13.));
#7712=CARTESIAN_POINT('',(9.7401960452929,65.9617704548092,13.));
#7713=CARTESIAN_POINT('',(9.74019604529291,65.9617704548092,3.));
#7714=CARTESIAN_POINT('',(9.7401960452929,65.9617704548092,0.));
#7715=CARTESIAN_POINT('',(110.740196045293,65.9617704548093,3.));
#7716=CARTESIAN_POINT('',(34.9901960452929,65.9617704548092,3.));
#7717=CARTESIAN_POINT('',(110.740196045293,65.9617704548093,13.));
#7718=CARTESIAN_POINT('',(110.740196045293,65.9617704548093,0.));
#7719=CARTESIAN_POINT('',(9.7401960452929,65.9617704548092,13.));
#7720=CARTESIAN_POINT('Origin',(4.7401960452929,65.9617704548093,13.));
#7721=CARTESIAN_POINT('',(4.7401960452929,70.9617704548093,13.));
#7722=CARTESIAN_POINT('',(-0.259803954707096,70.9617704548093,13.));
#7723=CARTESIAN_POINT('',(-0.259803954707096,65.9617704548093,13.));
#7724=CARTESIAN_POINT('Origin',(4.7401960452929,65.9617704548093,13.));
#7725=CARTESIAN_POINT('',(-0.259803954707096,14.9617704548093,13.));
#7726=CARTESIAN_POINT('',(-0.259803954707096,9.9617704548093,13.));
#7727=CARTESIAN_POINT('',(4.74019604529291,9.9617704548093,13.));
#7728=CARTESIAN_POINT('Origin',(4.7401960452929,14.9617704548093,13.));
#7729=CARTESIAN_POINT('',(115.740196045293,9.9617704548093,13.));
#7730=CARTESIAN_POINT('',(120.740196045293,9.9617704548093,13.));
#7731=CARTESIAN_POINT('',(120.740196045293,14.9617704548093,13.));
#7732=CARTESIAN_POINT('Origin',(115.740196045293,14.9617704548093,13.));
#7733=CARTESIAN_POINT('',(120.740196045293,65.9617704548093,13.));
#7734=CARTESIAN_POINT('',(120.740196045293,70.9617704548093,13.));
#7735=CARTESIAN_POINT('',(115.740196045293,70.9617704548093,13.));
#7736=CARTESIAN_POINT('Origin',(115.740196045293,65.9617704548093,13.));
#7737=CARTESIAN_POINT('',(-0.259803954707096,70.9617704548093,13.));
#7738=CARTESIAN_POINT('',(110.740196045293,14.9617704548093,13.));
#7739=CARTESIAN_POINT('',(110.740196045293,65.9617704548093,13.));
#7740=CARTESIAN_POINT('',(9.74019604529291,14.9617704548093,13.));
#7741=CARTESIAN_POINT('',(110.740196045293,14.9617704548093,13.));
#7742=CARTESIAN_POINT('',(9.7401960452929,14.9617704548093,13.));
#7743=CARTESIAN_POINT('',(3.0401960452929,65.9617704548093,13.));
#7744=CARTESIAN_POINT('Origin',(4.7401960452929,65.9617704548093,13.));
#7745=CARTESIAN_POINT('',(114.040196045293,65.9617704548093,13.));
#7746=CARTESIAN_POINT('Origin',(115.740196045293,65.9617704548093,13.));
#7747=CARTESIAN_POINT('',(114.040196045293,14.9617704548093,13.));
#7748=CARTESIAN_POINT('Origin',(115.740196045293,14.9617704548093,13.));
#7749=CARTESIAN_POINT('',(3.0401960452929,14.9617704548093,13.));
#7750=CARTESIAN_POINT('Origin',(4.7401960452929,14.9617704548093,13.));
#7751=CARTESIAN_POINT('Origin',(56.3901960452929,68.4617704548093,5.5));
#7752=CARTESIAN_POINT('',(85.0651960452929,70.9617704548093,5.5));
#7753=CARTESIAN_POINT('Origin',(9.74034999999993,15.4843750000001,6.6));
#7754=CARTESIAN_POINT('',(9.74027302308095,15.4843750000001,6.6));
#7755=CARTESIAN_POINT('',(9.7401960452929,65.484375,6.6));
#7756=CARTESIAN_POINT('',(9.7401960452929,27.7230727274047,6.6));
#7757=CARTESIAN_POINT('',(9.74034999999993,15.4843750000001,3.6));
#7758=CARTESIAN_POINT('',(9.74034999999993,15.4843750000001,6.6));
#7759=CARTESIAN_POINT('',(9.74027302264642,65.484375,3.6));
#7760=CARTESIAN_POINT('',(9.74034999999993,15.4843750000001,3.6));
#7761=CARTESIAN_POINT('',(9.7401960452929,65.484375,3.3));
#7762=CARTESIAN_POINT('Origin',(54.9191631101963,45.0499830674566,4.57718838968588));
#7763=CARTESIAN_POINT('',(54.859727702035,45.0148719796889,3.));
#7764=CARTESIAN_POINT('',(54.8389695796057,46.4490594378924,3.));
#7765=CARTESIAN_POINT('',(54.892986752099,42.7169901439856,3.));
#7766=CARTESIAN_POINT('',(54.8551608947007,45.0121741674236,2.8788144015755));
#7767=CARTESIAN_POINT('',(54.9191631101963,45.0499830674566,4.57718838968588));
#7768=CARTESIAN_POINT('',(54.8332313216851,46.4456695986751,2.84772858386416));
#7769=CARTESIAN_POINT('',(54.8551608947007,45.0121741674236,2.87881440157551));
#7770=CARTESIAN_POINT('',(54.8972335371808,46.4834784987081,4.54610257197454));
#7771=CARTESIAN_POINT('Origin',(54.8972335371808,46.4834784987081,4.54610257197454));
#7772=CARTESIAN_POINT('',(54.380692438798,46.4420487270094,3.));
#7773=CARTESIAN_POINT('',(57.5225533388446,46.4901128271873,3.));
#7774=CARTESIAN_POINT('',(54.3756096127194,46.4390460799665,2.86512123789456));
#7775=CARTESIAN_POINT('',(54.8332313216851,46.4456695986751,2.84772858386417));
#7776=CARTESIAN_POINT('',(54.439611828215,46.4768549799995,4.56349522600494));
#7777=CARTESIAN_POINT('Origin',(54.439611828215,46.4768549799995,4.56349522600494));
#7778=CARTESIAN_POINT('',(54.3771893261181,46.6840802636926,3.));
#7779=CARTESIAN_POINT('',(54.4243299687897,43.4271133235717,3.));
#7780=CARTESIAN_POINT('',(54.3719088076221,46.6809608311169,2.85987523732002));
#7781=CARTESIAN_POINT('',(54.3756096127194,46.4390460799665,2.86512123789456));
#7782=CARTESIAN_POINT('',(54.4359110231177,46.7187697311499,4.5582492254304));
#7783=CARTESIAN_POINT('Origin',(54.4359110231177,46.7187697311499,4.5582492254304));
#7784=CARTESIAN_POINT('',(55.0776128256398,46.694795322799,3.));
#7785=CARTESIAN_POINT('',(57.2900428236132,46.7286410150311,3.));
#7786=CARTESIAN_POINT('',(55.0713305555321,46.6910841118566,2.83329258128689));
#7787=CARTESIAN_POINT('',(54.3719088076221,46.6809608311169,2.85987523732002));
#7788=CARTESIAN_POINT('',(55.1353327710277,46.7288930118896,4.53166656939726));
#7789=CARTESIAN_POINT('Origin',(55.1609631491405,45.0534828294877,4.56799838768314));
#7790=CARTESIAN_POINT('',(55.101874060749,45.0185763279122,3.));
#7791=CARTESIAN_POINT('',(57.6653917173801,45.0577929493274,3.));
#7792=CARTESIAN_POINT('',(55.0969609336449,45.0156739294547,2.86962439957276));
#7793=CARTESIAN_POINT('',(55.1609631491405,45.0534828294877,4.56799838768314));
#7794=CARTESIAN_POINT('',(55.0969609336449,45.0156739294547,2.86962439957276));
#7795=CARTESIAN_POINT('Origin',(55.1353327710277,46.7288930118896,4.53166656939726));
#7796=CARTESIAN_POINT('',(55.1230110899218,43.5582100425437,3.));
#7797=CARTESIAN_POINT('',(55.0713305555321,46.6910841118566,2.83329258128689));
#7798=CARTESIAN_POINT('Origin',(60.2148172249117,44.8199750240116,2.68111763774166));
#7799=CARTESIAN_POINT('Ctrl Pts',(57.8545533077153,45.4964164937118,4.45663153106498));
#7800=CARTESIAN_POINT('Ctrl Pts',(57.7905510922197,45.4586075936788,2.7582575429546));
#7801=CARTESIAN_POINT('Ctrl Pts',(57.8408606046074,45.5109225444293,4.45682460132858));
#7802=CARTESIAN_POINT('Ctrl Pts',(57.7768583891118,45.4731136443963,2.7584506132182));
#7803=CARTESIAN_POINT('Ctrl Pts',(57.8143216249296,45.5390379415253,4.45719880704689));
#7804=CARTESIAN_POINT('Ctrl Pts',(57.750319409434,45.5012290414923,2.75882481893651));
#7805=CARTESIAN_POINT('Ctrl Pts',(57.7986990326552,45.5743791774204,4.45700077484667));
#7806=CARTESIAN_POINT('Ctrl Pts',(57.7346968171596,45.5365702773874,2.7586267867363));
#7807=CARTESIAN_POINT('Ctrl Pts',(57.7911368677366,45.5914862137926,4.45690491673741));
#7808=CARTESIAN_POINT('Ctrl Pts',(57.727134652241,45.5536773137596,2.75853092862703));
#7809=CARTESIAN_POINT('',(57.7996610132021,45.4639892213157,3.));
#7810=CARTESIAN_POINT('',(57.7362342708466,45.5590528553332,3.));
#7811=CARTESIAN_POINT('Ctrl Pts',(57.7996610132021,45.4639892213157,3.));
#7812=CARTESIAN_POINT('Ctrl Pts',(57.7863844779326,45.4780427488657,3.));
#7813=CARTESIAN_POINT('Ctrl Pts',(57.7731079426631,45.4920962764158,3.));
#7814=CARTESIAN_POINT('Ctrl Pts',(57.7624813747104,45.5079035138931,3.));
#7815=CARTESIAN_POINT('Ctrl Pts',(57.7621418391542,45.5084085799872,3.));
#7816=CARTESIAN_POINT('Ctrl Pts',(57.7618056386046,45.508914499476,3.00000000000878));
#7817=CARTESIAN_POINT('Ctrl Pts',(57.7614727718446,45.50942139683,2.99999999304375));
#7818=CARTESIAN_POINT('Ctrl Pts',(57.7578952626207,45.5148693122645,2.99999991818655));
#7819=CARTESIAN_POINT('Ctrl Pts',(57.7546980881962,45.5204270355857,2.99999928689257));
#7820=CARTESIAN_POINT('Ctrl Pts',(57.7516931393464,45.5261255771265,2.99999921208091));
#7821=CARTESIAN_POINT('Ctrl Pts',(57.747408798261,45.5342503396002,2.99999910541731));
#7822=CARTESIAN_POINT('Ctrl Pts',(57.7435214818002,45.5426655065701,2.99999980133997));
#7823=CARTESIAN_POINT('Ctrl Pts',(57.7395732334483,45.5515186994253,2.99999995241514));
#7824=CARTESIAN_POINT('Ctrl Pts',(57.7384688511962,45.5539950657001,2.99999999467306));
#7825=CARTESIAN_POINT('Ctrl Pts',(57.7373595929225,45.556505631254,3.));
#7826=CARTESIAN_POINT('Ctrl Pts',(57.7362342708466,45.5590528553332,3.));
#7827=CARTESIAN_POINT('',(57.7905510922197,45.4586075936788,2.7582575429546));
#7828=CARTESIAN_POINT('',(57.8545533077153,45.4964164937118,4.45663153106498));
#7829=CARTESIAN_POINT('',(57.727134652241,45.5536773137596,2.75853092862703));
#7830=CARTESIAN_POINT('Ctrl Pts',(57.7905510922196,45.4586075936788,2.7582575429546));
#7831=CARTESIAN_POINT('Ctrl Pts',(57.7768583891118,45.4731136443963,2.7584506132182));
#7832=CARTESIAN_POINT('Ctrl Pts',(57.750319409434,45.5012290414923,2.75882481893651));
#7833=CARTESIAN_POINT('Ctrl Pts',(57.7346968171596,45.5365702773874,2.7586267867363));
#7834=CARTESIAN_POINT('Ctrl Pts',(57.727134652241,45.5536773137596,2.75853092862703));
#7835=CARTESIAN_POINT('',(57.7911368677366,45.5914862137926,4.45690491673741));
#7836=CARTESIAN_POINT('Origin',(57.7911368677366,45.5914862137926,4.45690491673741));
#7837=CARTESIAN_POINT('',(57.3561195200195,46.6516244130954,3.));
#7838=CARTESIAN_POINT('',(58.6602995522493,42.9029932265523,3.));
#7839=CARTESIAN_POINT('',(57.3466438442693,46.6460267181654,2.74855181044398));
#7840=CARTESIAN_POINT('',(57.727134652241,45.5536773137596,2.75853092862703));
#7841=CARTESIAN_POINT('',(57.4106460597649,46.6838356181984,4.44692579855436));
#7842=CARTESIAN_POINT('Ctrl Pts',(57.4106460597649,46.6838356181984,4.44692579855436));
#7843=CARTESIAN_POINT('Ctrl Pts',(57.3466438442693,46.6460267181654,2.74855181044398));
#7844=CARTESIAN_POINT('Ctrl Pts',(57.4039497523794,46.7007656124842,4.44680125239746));
#7845=CARTESIAN_POINT('Ctrl Pts',(57.3399475368837,46.6629567124512,2.74842726428708));
#7846=CARTESIAN_POINT('Ctrl Pts',(57.390330471271,46.7351986720892,4.44654794426447));
#7847=CARTESIAN_POINT('Ctrl Pts',(57.3263282557754,46.6973897720562,2.74817395615409));
#7848=CARTESIAN_POINT('Ctrl Pts',(57.3657494979068,46.7629075830672,4.44685741279898));
#7849=CARTESIAN_POINT('Ctrl Pts',(57.3017472824112,46.7250986830342,2.74848342468861));
#7850=CARTESIAN_POINT('Ctrl Pts',(57.3532544600758,46.7769926189117,4.44701472231594));
#7851=CARTESIAN_POINT('Ctrl Pts',(57.2892522445801,46.7391837188787,2.74864073420557));
#7852=CARTESIAN_POINT('',(57.2987245692912,46.7447794342037,3.));
#7853=CARTESIAN_POINT('Ctrl Pts',(57.3561195200195,46.6516244130954,3.));
#7854=CARTESIAN_POINT('Ctrl Pts',(57.3525235744504,46.6607237587409,3.));
#7855=CARTESIAN_POINT('Ctrl Pts',(57.3490323804996,46.6695397053246,3.0000002993468));
#7856=CARTESIAN_POINT('Ctrl Pts',(57.3451931776726,46.6780642342073,3.00000041627292));
#7857=CARTESIAN_POINT('Ctrl Pts',(57.3422355105188,46.6846314097941,3.00000050635114));
#7858=CARTESIAN_POINT('Ctrl Pts',(57.3390757395494,46.691028352687,3.00000026034441));
#7859=CARTESIAN_POINT('Ctrl Pts',(57.3354949267499,46.6972440802585,3.0000000703201));
#7860=CARTESIAN_POINT('Ctrl Pts',(57.3348092969456,46.6984342257133,3.00000003393554));
#7861=CARTESIAN_POINT('Ctrl Pts',(57.3341081025865,46.699617648738,3.00000000619137));
#7862=CARTESIAN_POINT('Ctrl Pts',(57.33338958713,46.7007941375026,3.00000000111639));
#7863=CARTESIAN_POINT('Ctrl Pts',(57.3332314794126,46.7010530212211,2.99999999999965));
#7864=CARTESIAN_POINT('Ctrl Pts',(57.3330725326117,46.7013115689438,3.));
#7865=CARTESIAN_POINT('Ctrl Pts',(57.3329127526882,46.7015697935506,3.));
#7866=CARTESIAN_POINT('Ctrl Pts',(57.3233172099562,46.7170774067436,3.));
#7867=CARTESIAN_POINT('Ctrl Pts',(57.3110208896238,46.7309284204736,3.));
#7868=CARTESIAN_POINT('Ctrl Pts',(57.2987245692912,46.7447794342037,3.));
#7869=CARTESIAN_POINT('',(57.2892522445801,46.7391837188787,2.74864073420557));
#7870=CARTESIAN_POINT('Ctrl Pts',(57.3466438442693,46.6460267181654,2.74855181044398));
#7871=CARTESIAN_POINT('Ctrl Pts',(57.3399475368837,46.6629567124512,2.74842726428708));
#7872=CARTESIAN_POINT('Ctrl Pts',(57.3263282557754,46.6973897720562,2.74817395615409));
#7873=CARTESIAN_POINT('Ctrl Pts',(57.3017472824112,46.7250986830342,2.74848342468861));
#7874=CARTESIAN_POINT('Ctrl Pts',(57.2892522445801,46.7391837188787,2.74864073420557));
#7875=CARTESIAN_POINT('',(57.3532544600758,46.7769926189117,4.44701472231594));
#7876=CARTESIAN_POINT('Ctrl Pts',(57.3532544600758,46.7769926189117,4.44701472231594));
#7877=CARTESIAN_POINT('Ctrl Pts',(57.2892522445801,46.7391837188787,2.74864073420557));
#7878=CARTESIAN_POINT('Ctrl Pts',(57.3304179588326,46.7953262355141,4.4474671625922));
#7879=CARTESIAN_POINT('Ctrl Pts',(57.266415743337,46.7575173354811,2.74909317448182));
#7880=CARTESIAN_POINT('Ctrl Pts',(57.2845345386825,46.8321623963811,4.44837621197185));
#7881=CARTESIAN_POINT('Ctrl Pts',(57.2205323231869,46.7943534963482,2.75000222386147));
#7882=CARTESIAN_POINT('Ctrl Pts',(57.2258711379338,46.8365235277555,4.45048982067134));
#7883=CARTESIAN_POINT('Ctrl Pts',(57.1618689224381,46.7987146277226,2.75211583256096));
#7884=CARTESIAN_POINT('Ctrl Pts',(57.1964049247474,46.8387140933411,4.45155147144059));
#7885=CARTESIAN_POINT('Ctrl Pts',(57.1324027092518,46.8009051933081,2.75317748333021));
#7886=CARTESIAN_POINT('',(57.1417040692653,46.8063999123299,3.));
#7887=CARTESIAN_POINT('Ctrl Pts',(57.2987245692912,46.7447794342037,3.));
#7888=CARTESIAN_POINT('Ctrl Pts',(57.2853356715596,46.7555143987971,3.));
#7889=CARTESIAN_POINT('Ctrl Pts',(57.2720817859162,46.7661320390049,3.0000002558525));
#7890=CARTESIAN_POINT('Ctrl Pts',(57.2582264452586,46.7751653114821,3.00000027823152));
#7891=CARTESIAN_POINT('Ctrl Pts',(57.2482202204869,46.7816890742004,3.00000029439349));
#7892=CARTESIAN_POINT('Ctrl Pts',(57.2379022481318,46.7873914422041,3.00000000512143));
#7893=CARTESIAN_POINT('Ctrl Pts',(57.2269869129419,46.7916989608185,3.00000000005561));
#7894=CARTESIAN_POINT('Ctrl Pts',(57.2268670862181,46.7917462480373,3.));
#7895=CARTESIAN_POINT('Ctrl Pts',(57.2267471872778,46.7917933665829,3.));
#7896=CARTESIAN_POINT('Ctrl Pts',(57.2266272163415,46.7918403172171,3.));
#7897=CARTESIAN_POINT('Ctrl Pts',(57.2004473275349,46.8020858185032,3.));
#7898=CARTESIAN_POINT('Ctrl Pts',(57.1710756984,46.8042428654166,3.));
#7899=CARTESIAN_POINT('Ctrl Pts',(57.1417040692653,46.8063999123299,3.));
#7900=CARTESIAN_POINT('',(57.1324027092518,46.8009051933081,2.75317748333021));
#7901=CARTESIAN_POINT('Ctrl Pts',(57.2892522445801,46.7391837188787,2.74864073420557));
#7902=CARTESIAN_POINT('Ctrl Pts',(57.266415743337,46.7575173354811,2.74909317448182));
#7903=CARTESIAN_POINT('Ctrl Pts',(57.2205323231869,46.7943534963482,2.75000222386147));
#7904=CARTESIAN_POINT('Ctrl Pts',(57.1618689224381,46.7987146277226,2.75211583256096));
#7905=CARTESIAN_POINT('Ctrl Pts',(57.1324027092518,46.8009051933081,2.75317748333021));
#7906=CARTESIAN_POINT('',(57.1964049247474,46.8387140933411,4.45155147144059));
#7907=CARTESIAN_POINT('Ctrl Pts',(57.1964049247474,46.8387140933411,4.45155147144059));
#7908=CARTESIAN_POINT('Ctrl Pts',(57.1324027092518,46.8009051933081,2.75317748333021));
#7909=CARTESIAN_POINT('Ctrl Pts',(57.1676649589292,46.8356618923424,4.45270246754731));
#7910=CARTESIAN_POINT('Ctrl Pts',(57.1036627434336,46.7978529923094,2.75432847943694));
#7911=CARTESIAN_POINT('Ctrl Pts',(57.1103463857158,46.829574626703,4.45499799757782));
#7912=CARTESIAN_POINT('Ctrl Pts',(57.0463441702202,46.79176572667,2.75662400946745));
#7913=CARTESIAN_POINT('Ctrl Pts',(57.0670808694961,46.7915147459835,4.45747571517564));
#7914=CARTESIAN_POINT('Ctrl Pts',(57.0030786540005,46.7537058459505,2.75910172706526));
#7915=CARTESIAN_POINT('Ctrl Pts',(57.0455090101062,46.7725383771102,4.45871108644352));
#7916=CARTESIAN_POINT('Ctrl Pts',(56.9815067946106,46.7347294770772,2.76033709833315));
#7917=CARTESIAN_POINT('',(56.9905383487831,46.7400648100217,3.));
#7918=CARTESIAN_POINT('Ctrl Pts',(57.1417040692653,46.8063999123299,3.));
#7919=CARTESIAN_POINT('Ctrl Pts',(57.1130020081917,46.8033307793225,3.));
#7920=CARTESIAN_POINT('Ctrl Pts',(57.0842999471178,46.800261646315,3.));
#7921=CARTESIAN_POINT('Ctrl Pts',(57.0590994011396,46.7892211854939,3.));
#7922=CARTESIAN_POINT('Ctrl Pts',(57.059028036353,46.7891899202931,3.));
#7923=CARTESIAN_POINT('Ctrl Pts',(57.0589567007817,46.7891585916634,3.));
#7924=CARTESIAN_POINT('Ctrl Pts',(57.0588853944931,46.7891271994255,3.00000000000202));
#7925=CARTESIAN_POINT('Ctrl Pts',(57.0468979605158,46.7838497914139,3.00000000034102));
#7926=CARTESIAN_POINT('Ctrl Pts',(57.0357360385319,46.7767794086674,3.00000003093484));
#7927=CARTESIAN_POINT('Ctrl Pts',(57.0249752431541,46.7687581803339,3.00000002478827));
#7928=CARTESIAN_POINT('Ctrl Pts',(57.0131956287554,46.7599775118558,3.00000001805975));
#7929=CARTESIAN_POINT('Ctrl Pts',(57.0018992150258,46.7500516866949,3.));
#7930=CARTESIAN_POINT('Ctrl Pts',(56.9905383487831,46.7400648100217,3.));
#7931=CARTESIAN_POINT('',(56.9815067946106,46.7347294770772,2.76033709833315));
#7932=CARTESIAN_POINT('Ctrl Pts',(57.1324027092518,46.8009051933081,2.75317748333021));
#7933=CARTESIAN_POINT('Ctrl Pts',(57.1036627434336,46.7978529923094,2.75432847943694));
#7934=CARTESIAN_POINT('Ctrl Pts',(57.0463441702201,46.79176572667,2.75662400946745));
#7935=CARTESIAN_POINT('Ctrl Pts',(57.0030786540005,46.7537058459505,2.75910172706526));
#7936=CARTESIAN_POINT('Ctrl Pts',(56.9815067946106,46.7347294770772,2.76033709833315));
#7937=CARTESIAN_POINT('',(57.0455090101062,46.7725383771102,4.45871108644352));
#7938=CARTESIAN_POINT('Ctrl Pts',(57.0455090101062,46.7725383771102,4.45871108644352));
#7939=CARTESIAN_POINT('Ctrl Pts',(56.9815067946106,46.7347294770772,2.76033709833315));
#7940=CARTESIAN_POINT('Ctrl Pts',(57.0328614053939,46.7579858507972,4.45951166967455));
#7941=CARTESIAN_POINT('Ctrl Pts',(56.9688591898983,46.7201769507642,2.76113768156417));
#7942=CARTESIAN_POINT('Ctrl Pts',(57.0079135865193,46.7292805110206,4.46109084659351));
#7943=CARTESIAN_POINT('Ctrl Pts',(56.9439113710237,46.6914716109876,2.76271685848313));
#7944=CARTESIAN_POINT('Ctrl Pts',(56.9952624190288,46.6934159637235,4.46236600851111));
#7945=CARTESIAN_POINT('Ctrl Pts',(56.9312602035332,46.6556070636905,2.76399202040073));
#7946=CARTESIAN_POINT('Ctrl Pts',(56.9890249170524,46.6757333913588,4.46299471135512));
#7947=CARTESIAN_POINT('Ctrl Pts',(56.9250227015568,46.6379244913258,2.76462072324474));
#7948=CARTESIAN_POINT('',(56.9338928298675,46.6431644629734,3.));
#7949=CARTESIAN_POINT('Ctrl Pts',(56.9905383487831,46.7400648100217,3.));
#7950=CARTESIAN_POINT('Ctrl Pts',(56.9780347786777,46.7256946710676,3.));
#7951=CARTESIAN_POINT('Ctrl Pts',(56.9655312085723,46.7113245321133,3.));
#7952=CARTESIAN_POINT('Ctrl Pts',(56.9560623384548,46.69519088017,3.));
#7953=CARTESIAN_POINT('Ctrl Pts',(56.9559303663527,46.6949660178648,3.));
#7954=CARTESIAN_POINT('Ctrl Pts',(56.9557990329155,46.6947408967694,3.00000000000008));
#7955=CARTESIAN_POINT('Ctrl Pts',(56.9556683430205,46.6945155094039,2.99999999963743));
#7956=CARTESIAN_POINT('Ctrl Pts',(56.9517830137235,46.6878148832051,2.99999998885608));
#7957=CARTESIAN_POINT('Ctrl Pts',(56.9484613674321,46.6808818888666,2.99999978364119));
#7958=CARTESIAN_POINT('Ctrl Pts',(56.9454292735558,46.6737542044823,2.99999979690688));
#7959=CARTESIAN_POINT('Ctrl Pts',(56.9415104015313,46.6645419293772,2.99999981405232));
#7960=CARTESIAN_POINT('Ctrl Pts',(56.9380833226143,46.6549997120779,2.99999999574144));
#7961=CARTESIAN_POINT('Ctrl Pts',(56.9346060869511,46.6451798469072,2.99999999972099));
#7962=CARTESIAN_POINT('Ctrl Pts',(56.934368653709,46.644509325076,2.99999999999272));
#7963=CARTESIAN_POINT('Ctrl Pts',(56.9341309637964,46.6438375220079,3.));
#7964=CARTESIAN_POINT('Ctrl Pts',(56.9338928298675,46.6431644629734,3.));
#7965=CARTESIAN_POINT('',(56.9250227015568,46.6379244913258,2.76462072324474));
#7966=CARTESIAN_POINT('Ctrl Pts',(56.9815067946106,46.7347294770772,2.76033709833315));
#7967=CARTESIAN_POINT('Ctrl Pts',(56.9688591898983,46.7201769507642,2.76113768156417));
#7968=CARTESIAN_POINT('Ctrl Pts',(56.9439113710237,46.6914716109876,2.76271685848313));
#7969=CARTESIAN_POINT('Ctrl Pts',(56.9312602035332,46.6556070636905,2.76399202040073));
#7970=CARTESIAN_POINT('Ctrl Pts',(56.9250227015568,46.6379244913258,2.76462072324474));
#7971=CARTESIAN_POINT('',(56.9890249170524,46.6757333913588,4.46299471135512));
#7972=CARTESIAN_POINT('Origin',(56.9890249170524,46.6757333913588,4.46299471135512));
#7973=CARTESIAN_POINT('',(56.5855383086298,45.5414495406857,3.));
#7974=CARTESIAN_POINT('',(56.2029028759651,44.3313169307658,3.));
#7975=CARTESIAN_POINT('',(56.5780844251195,45.5370462066087,2.80220244305111));
#7976=CARTESIAN_POINT('',(56.9250227015568,46.6379244913258,2.76462072324474));
#7977=CARTESIAN_POINT('',(56.6420866406151,45.5748551066416,4.50057643116149));
#7978=CARTESIAN_POINT('Ctrl Pts',(56.6420866406151,45.5748551066416,4.50057643116149));
#7979=CARTESIAN_POINT('Ctrl Pts',(56.5780844251195,45.5370462066087,2.80220244305111));
#7980=CARTESIAN_POINT('Ctrl Pts',(56.635050882495,45.5575367981108,4.50122710663762));
#7981=CARTESIAN_POINT('Ctrl Pts',(56.5710486669994,45.5197278980778,2.80285311852724));
#7982=CARTESIAN_POINT('Ctrl Pts',(56.6205158234865,45.5217591843664,4.50257132658939));
#7983=CARTESIAN_POINT('Ctrl Pts',(56.5565136079909,45.4839502843334,2.80419733847901));
#7984=CARTESIAN_POINT('Ctrl Pts',(56.5948486521934,45.4928880570249,4.50418130261051));
#7985=CARTESIAN_POINT('Ctrl Pts',(56.5308464366977,45.4550791569919,2.80580731450014));
#7986=CARTESIAN_POINT('Ctrl Pts',(56.5816057860745,45.4779921236274,4.50501196278178));
#7987=CARTESIAN_POINT('Ctrl Pts',(56.5176035705789,45.4401832235944,2.80663797467141));
#7988=CARTESIAN_POINT('',(56.5248903037132,45.4444878146545,3.));
#7989=CARTESIAN_POINT('Ctrl Pts',(56.5855383086298,45.5414495406857,3.));
#7990=CARTESIAN_POINT('Ctrl Pts',(56.5825086461118,45.5340118006564,3.));
#7991=CARTESIAN_POINT('Ctrl Pts',(56.5795996195878,45.5268849177638,3.00000011410231));
#7992=CARTESIAN_POINT('Ctrl Pts',(56.5765637074008,45.5199903935032,3.00000025108029));
#7993=CARTESIAN_POINT('Ctrl Pts',(56.5738263141674,45.5137738026087,3.00000037458932));
#7994=CARTESIAN_POINT('Ctrl Pts',(56.570990115749,45.5077434202793,3.00000041275027));
#7995=CARTESIAN_POINT('Ctrl Pts',(56.5678749489838,45.5018409033982,3.00000026796544));
#7996=CARTESIAN_POINT('Ctrl Pts',(56.5659554598822,45.4982039177472,3.00000017875259));
#7997=CARTESIAN_POINT('Ctrl Pts',(56.5639298306055,45.4946156178107,3.00000002542007));
#7998=CARTESIAN_POINT('Ctrl Pts',(56.5617467773804,45.4910680223413,3.00000000322822));
#7999=CARTESIAN_POINT('Ctrl Pts',(56.5614288103309,45.4905513063715,2.99999999999593));
#8000=CARTESIAN_POINT('Ctrl Pts',(56.5611074845611,45.4900354657377,3.));
#8001=CARTESIAN_POINT('Ctrl Pts',(56.5607828026164,45.4895203758855,3.));
#8002=CARTESIAN_POINT('Ctrl Pts',(56.5506182964865,45.4733949520812,3.));
#8003=CARTESIAN_POINT('Ctrl Pts',(56.5377543000999,45.4589413833679,3.));
#8004=CARTESIAN_POINT('Ctrl Pts',(56.5248903037132,45.4444878146545,3.));
#8005=CARTESIAN_POINT('',(56.5176035705789,45.4401832235944,2.80663797467141));
#8006=CARTESIAN_POINT('Ctrl Pts',(56.5780844251195,45.5370462066087,2.80220244305111));
#8007=CARTESIAN_POINT('Ctrl Pts',(56.5710486669993,45.5197278980778,2.80285311852724));
#8008=CARTESIAN_POINT('Ctrl Pts',(56.5565136079909,45.4839502843334,2.80419733847901));
#8009=CARTESIAN_POINT('Ctrl Pts',(56.5308464366977,45.4550791569919,2.80580731450014));
#8010=CARTESIAN_POINT('Ctrl Pts',(56.5176035705788,45.4401832235944,2.80663797467141));
#8011=CARTESIAN_POINT('',(56.5816057860745,45.4779921236274,4.50501196278178));
#8012=CARTESIAN_POINT('Ctrl Pts',(56.5816057860745,45.4779921236274,4.50501196278178));
#8013=CARTESIAN_POINT('Ctrl Pts',(56.5176035705789,45.4401832235944,2.80663797467141));
#8014=CARTESIAN_POINT('Ctrl Pts',(56.5546575247205,45.4547719907189,4.50654441448707));
#8015=CARTESIAN_POINT('Ctrl Pts',(56.4906553092248,45.4169630906859,2.8081704263767));
#8016=CARTESIAN_POINT('Ctrl Pts',(56.500800880734,45.4083660866444,4.5096070501367));
#8017=CARTESIAN_POINT('Ctrl Pts',(56.4367986652384,45.3705571866114,2.81123306202633));
#8018=CARTESIAN_POINT('Ctrl Pts',(56.4302390587004,45.3996542710892,4.51246007140111));
#8019=CARTESIAN_POINT('Ctrl Pts',(56.3662368432048,45.3618453710562,2.81408608329073));
#8020=CARTESIAN_POINT('Ctrl Pts',(56.3949842718073,45.3953015886896,4.51388552575842));
#8021=CARTESIAN_POINT('Ctrl Pts',(56.3309820563117,45.3574926886566,2.81551153764805));
#8022=CARTESIAN_POINT('',(56.3379343944931,45.3615997380339,3.));
#8023=CARTESIAN_POINT('Ctrl Pts',(56.5248903037132,45.4444878146545,3.));
#8024=CARTESIAN_POINT('Ctrl Pts',(56.497905055979,45.4212514452462,3.));
#8025=CARTESIAN_POINT('Ctrl Pts',(56.4709198082448,45.398015075838,3.));
#8026=CARTESIAN_POINT('Ctrl Pts',(56.4397636916053,45.3841956039994,3.));
#8027=CARTESIAN_POINT('Ctrl Pts',(56.4397397192492,45.3841849709252,3.));
#8028=CARTESIAN_POINT('Ctrl Pts',(56.4397157444523,45.3841743434386,3.));
#8029=CARTESIAN_POINT('Ctrl Pts',(56.4396917672125,45.3841637215437,2.99999999999995));
#8030=CARTESIAN_POINT('Ctrl Pts',(56.4177100941993,45.3744258608855,2.99999999995649));
#8031=CARTESIAN_POINT('Ctrl Pts',(56.3936777818097,45.3693820292767,2.9999999916534));
#8032=CARTESIAN_POINT('Ctrl Pts',(56.3690055747631,45.3657111466056,2.99999999694631));
#8033=CARTESIAN_POINT('Ctrl Pts',(56.3587259104848,45.3641816749458,2.9999999991516));
#8034=CARTESIAN_POINT('Ctrl Pts',(56.3483348662696,45.3628912113414,3.));
#8035=CARTESIAN_POINT('Ctrl Pts',(56.3379343944931,45.3615997380339,3.));
#8036=CARTESIAN_POINT('',(56.3309820563117,45.3574926886566,2.81551153764805));
#8037=CARTESIAN_POINT('Ctrl Pts',(56.5176035705788,45.4401832235944,2.80663797467141));
#8038=CARTESIAN_POINT('Ctrl Pts',(56.4906553092248,45.4169630906859,2.8081704263767));
#8039=CARTESIAN_POINT('Ctrl Pts',(56.4367986652384,45.3705571866114,2.81123306202633));
#8040=CARTESIAN_POINT('Ctrl Pts',(56.3662368432048,45.3618453710562,2.81408608329073));
#8041=CARTESIAN_POINT('Ctrl Pts',(56.3309820563117,45.3574926886566,2.81551153764805));
#8042=CARTESIAN_POINT('',(56.3949842718073,45.3953015886896,4.51388552575842));
#8043=CARTESIAN_POINT('Origin',(56.3949842718073,45.3953015886896,4.51388552575842));
#8044=CARTESIAN_POINT('',(55.9777164243371,45.356089133601,3.));
#8045=CARTESIAN_POINT('',(58.27991474019,45.3913080990494,3.));
#8046=CARTESIAN_POINT('',(55.9712792729425,45.3522864275276,2.8291826243608));
#8047=CARTESIAN_POINT('',(56.3309820563117,45.3574926886566,2.81551153764805));
#8048=CARTESIAN_POINT('',(56.0352814884381,45.3900953275606,4.52755661247118));
#8049=CARTESIAN_POINT('Origin',(56.0352814884381,45.3900953275606,4.52755661247118));
#8050=CARTESIAN_POINT('',(55.9741843598135,45.6001209654045,3.));
#8051=CARTESIAN_POINT('',(56.0133350282287,42.8951847259827,3.));
#8052=CARTESIAN_POINT('',(55.9675478821518,45.5962005086119,2.82389326766212));
#8053=CARTESIAN_POINT('',(55.9712792729425,45.3522864275276,2.8291826243608));
#8054=CARTESIAN_POINT('',(56.0315500976475,45.6340094086449,4.5222672557725));
#8055=CARTESIAN_POINT('Origin',(56.0315500976475,45.6340094086449,4.5222672557725));
#8056=CARTESIAN_POINT('',(56.2903755566378,45.6049580494904,3.));
#8057=CARTESIAN_POINT('',(58.096332470529,45.6325855278504,3.));
#8058=CARTESIAN_POINT('',(56.2832868596527,45.6007704470207,2.8118930965776));
#8059=CARTESIAN_POINT('',(55.9675478821518,45.5962005086119,2.82389326766212));
#8060=CARTESIAN_POINT('',(56.3472890751484,45.6385793470537,4.51026708468797));
#8061=CARTESIAN_POINT('Ctrl Pts',(56.3472890751484,45.6385793470537,4.51026708468797));
#8062=CARTESIAN_POINT('Ctrl Pts',(56.2832868596527,45.6007704470207,2.8118930965776));
#8063=CARTESIAN_POINT('Ctrl Pts',(56.3576611820885,45.6397939526882,4.5098491786605));
#8064=CARTESIAN_POINT('Ctrl Pts',(56.2936589665929,45.6019850526552,2.81147519055012));
#8065=CARTESIAN_POINT('Ctrl Pts',(56.3787544679067,45.642264041355,4.50899930203142));
#8066=CARTESIAN_POINT('Ctrl Pts',(56.314752252411,45.604455141322,2.81062531392105));
#8067=CARTESIAN_POINT('Ctrl Pts',(56.3947473663913,45.6562646989943,4.50808493899291));
#8068=CARTESIAN_POINT('Ctrl Pts',(56.3307451508957,45.6184557989613,2.80971095088253));
#8069=CARTESIAN_POINT('Ctrl Pts',(56.4028761485502,45.6633808759738,4.5076201915951));
#8070=CARTESIAN_POINT('Ctrl Pts',(56.3388739330546,45.6255719759408,2.80924620348472));
#8071=CARTESIAN_POINT('',(56.3460623766346,45.6298185030743,3.));
#8072=CARTESIAN_POINT('Ctrl Pts',(56.2903755566378,45.6049580494904,3.));
#8073=CARTESIAN_POINT('Ctrl Pts',(56.2960136695183,45.6056223383825,3.));
#8074=CARTESIAN_POINT('Ctrl Pts',(56.3014747511526,45.6062723788977,2.99999996486566));
#8075=CARTESIAN_POINT('Ctrl Pts',(56.3067197996591,45.6073214008797,2.99999995215617));
#8076=CARTESIAN_POINT('Ctrl Pts',(56.3107381634383,45.6081250830441,2.99999994241912));
#8077=CARTESIAN_POINT('Ctrl Pts',(56.3146318298378,45.6091581926753,2.99999997243077));
#8078=CARTESIAN_POINT('Ctrl Pts',(56.3183773323075,45.6106199514949,2.99999999311929));
#8079=CARTESIAN_POINT('Ctrl Pts',(56.3190249231416,45.6108726870413,2.9999999966963));
#8080=CARTESIAN_POINT('Ctrl Pts',(56.3196680339853,45.611138351403,2.99999999935223));
#8081=CARTESIAN_POINT('Ctrl Pts',(56.3203064676772,45.6114181458019,2.99999999987417));
#8082=CARTESIAN_POINT('Ctrl Pts',(56.3204604272045,45.6114856187658,3.00000000000004));
#8083=CARTESIAN_POINT('Ctrl Pts',(56.3206141145929,45.6115539137741,3.));
#8084=CARTESIAN_POINT('Ctrl Pts',(56.3207675383839,45.6116230221118,3.));
#8085=CARTESIAN_POINT('Ctrl Pts',(56.3300349843192,45.615797458027,3.));
#8086=CARTESIAN_POINT('Ctrl Pts',(56.338048678721,45.6228079790146,3.));
#8087=CARTESIAN_POINT('Ctrl Pts',(56.3460623766346,45.6298185030743,3.));
#8088=CARTESIAN_POINT('',(56.3388739330546,45.6255719759408,2.80924620348472));
#8089=CARTESIAN_POINT('Ctrl Pts',(56.2832868596527,45.6007704470207,2.81189309657759));
#8090=CARTESIAN_POINT('Ctrl Pts',(56.2936589665929,45.6019850526552,2.81147519055012));
#8091=CARTESIAN_POINT('Ctrl Pts',(56.314752252411,45.604455141322,2.81062531392105));
#8092=CARTESIAN_POINT('Ctrl Pts',(56.3307451508957,45.6184557989613,2.80971095088253));
#8093=CARTESIAN_POINT('Ctrl Pts',(56.3388739330546,45.6255719759408,2.80924620348472));
#8094=CARTESIAN_POINT('',(56.4028761485502,45.6633808759738,4.5076201915951));
#8095=CARTESIAN_POINT('Ctrl Pts',(56.4028761485502,45.6633808759738,4.5076201915951));
#8096=CARTESIAN_POINT('Ctrl Pts',(56.3388739330546,45.6255719759408,2.80924620348472));
#8097=CARTESIAN_POINT('Ctrl Pts',(56.4066263368323,45.6674870094077,4.50738745796289));
#8098=CARTESIAN_POINT('Ctrl Pts',(56.3426241213367,45.6296781093747,2.80901346985251));
#8099=CARTESIAN_POINT('Ctrl Pts',(56.4140308959415,45.6755943644083,4.50692793705173));
#8100=CARTESIAN_POINT('Ctrl Pts',(56.3500286804459,45.6377854643753,2.80855394894135));
#8101=CARTESIAN_POINT('Ctrl Pts',(56.4196758256861,45.6850126146831,4.50650554381083));
#8102=CARTESIAN_POINT('Ctrl Pts',(56.3556736101905,45.6472037146501,2.80813155570045));
#8103=CARTESIAN_POINT('Ctrl Pts',(56.4224617669252,45.6896608021767,4.50629708014482));
#8104=CARTESIAN_POINT('Ctrl Pts',(56.3584595514296,45.6518519021437,2.80792309203444));
#8105=CARTESIAN_POINT('',(56.3656978556791,45.6561278841493,3.));
#8106=CARTESIAN_POINT('Ctrl Pts',(56.3460623766346,45.6298185030743,3.));
#8107=CARTESIAN_POINT('Ctrl Pts',(56.3497629992607,45.6338660132133,3.));
#8108=CARTESIAN_POINT('Ctrl Pts',(56.3534842283344,45.6379360566806,3.));
#8109=CARTESIAN_POINT('Ctrl Pts',(56.3567605512329,45.6423182048314,3.));
#8110=CARTESIAN_POINT('Ctrl Pts',(56.3568029633459,45.6423749318905,3.));
#8111=CARTESIAN_POINT('Ctrl Pts',(56.3568452889527,45.6424316948446,3.));
#8112=CARTESIAN_POINT('Ctrl Pts',(56.3568875277747,45.6424884949932,3.00000000003581));
#8113=CARTESIAN_POINT('Ctrl Pts',(56.3594065920859,45.6458759764715,3.00000000217158));
#8114=CARTESIAN_POINT('Ctrl Pts',(56.3616224362931,45.6493916877558,3.00000001664854));
#8115=CARTESIAN_POINT('Ctrl Pts',(56.3638379542832,45.6530415870155,3.00000000425372));
#8116=CARTESIAN_POINT('Ctrl Pts',(56.3644559645606,45.654059712467,3.00000000079624));
#8117=CARTESIAN_POINT('Ctrl Pts',(56.3650737242305,45.6550884470035,3.));
#8118=CARTESIAN_POINT('Ctrl Pts',(56.3656978556791,45.6561278841493,3.));
#8119=CARTESIAN_POINT('',(56.3584595514296,45.6518519021437,2.80792309203444));
#8120=CARTESIAN_POINT('Ctrl Pts',(56.3388739330546,45.6255719759408,2.80924620348472));
#8121=CARTESIAN_POINT('Ctrl Pts',(56.3426241213367,45.6296781093747,2.80901346985251));
#8122=CARTESIAN_POINT('Ctrl Pts',(56.3500286804459,45.6377854643753,2.80855394894135));
#8123=CARTESIAN_POINT('Ctrl Pts',(56.3556736101905,45.6472037146501,2.80813155570045));
#8124=CARTESIAN_POINT('Ctrl Pts',(56.3584595514296,45.6518519021437,2.80792309203444));
#8125=CARTESIAN_POINT('',(56.4224617669252,45.6896608021767,4.50629708014482));
#8126=CARTESIAN_POINT('Ctrl Pts',(58.04362163188,45.4191636131176,4.45122639341496));
#8127=CARTESIAN_POINT('Ctrl Pts',(57.9796194163844,45.3813547130846,2.75285240530459));
#8128=CARTESIAN_POINT('Ctrl Pts',(58.0082490789754,45.4224939835985,4.45248524695606));
#8129=CARTESIAN_POINT('Ctrl Pts',(57.9442468634798,45.3846850835655,2.75411125884569));
#8130=CARTESIAN_POINT('Ctrl Pts',(57.9374519159242,45.4291596258154,4.45500480667366));
#8131=CARTESIAN_POINT('Ctrl Pts',(57.8734497004285,45.3913507257824,2.75663081856328));
#8132=CARTESIAN_POINT('Ctrl Pts',(57.8821997194545,45.4739865506485,4.45608902385912));
#8133=CARTESIAN_POINT('Ctrl Pts',(57.8181975039589,45.4361776506155,2.75771503574875));
#8134=CARTESIAN_POINT('Ctrl Pts',(57.8545533077153,45.4964164937118,4.45663153106498));
#8135=CARTESIAN_POINT('Ctrl Pts',(57.7905510922197,45.4586075936788,2.7582575429546));
#8136=CARTESIAN_POINT('',(57.9889330267703,45.3868566689357,3.));
#8137=CARTESIAN_POINT('Ctrl Pts',(57.9889330267703,45.3868566689357,3.));
#8138=CARTESIAN_POINT('Ctrl Pts',(57.9578174679665,45.3897576956872,3.));
#8139=CARTESIAN_POINT('Ctrl Pts',(57.926780563204,45.3926534478061,2.99999992540408));
#8140=CARTESIAN_POINT('Ctrl Pts',(57.898346278024,45.4019839257169,2.99999998429359));
#8141=CARTESIAN_POINT('Ctrl Pts',(57.8943665250796,45.4032898490662,2.99999999253595));
#8142=CARTESIAN_POINT('Ctrl Pts',(57.8904377938889,45.4047219181265,2.99999999995478));
#8143=CARTESIAN_POINT('Ctrl Pts',(57.8865670818703,45.4062979796414,2.99999999999974));
#8144=CARTESIAN_POINT('Ctrl Pts',(57.8865444662,45.4063071882023,3.));
#8145=CARTESIAN_POINT('Ctrl Pts',(57.8865218525105,45.4063164016792,3.));
#8146=CARTESIAN_POINT('Ctrl Pts',(57.8864992408003,45.4063256200685,3.));
#8147=CARTESIAN_POINT('Ctrl Pts',(57.8549550885411,45.4191856060098,3.));
#8148=CARTESIAN_POINT('Ctrl Pts',(57.8273080508716,45.4415874136628,3.));
#8149=CARTESIAN_POINT('Ctrl Pts',(57.7996610132021,45.4639892213157,3.));
#8150=CARTESIAN_POINT('',(57.9796194163844,45.3813547130846,2.75285240530459));
#8151=CARTESIAN_POINT('',(58.04362163188,45.4191636131176,4.45122639341496));
#8152=CARTESIAN_POINT('Ctrl Pts',(57.9796194163843,45.3813547130846,2.75285240530459));
#8153=CARTESIAN_POINT('Ctrl Pts',(57.9442468634798,45.3846850835655,2.75411125884569));
#8154=CARTESIAN_POINT('Ctrl Pts',(57.8734497004285,45.3913507257824,2.75663081856328));
#8155=CARTESIAN_POINT('Ctrl Pts',(57.8181975039589,45.4361776506155,2.75771503574874));
#8156=CARTESIAN_POINT('Ctrl Pts',(57.7905510922196,45.4586075936788,2.7582575429546));
#8157=CARTESIAN_POINT('Origin',(58.4033244152492,45.4243698742466,4.43755530670221));
#8158=CARTESIAN_POINT('',(58.3491509969264,45.3923672733686,3.));
#8159=CARTESIAN_POINT('',(59.2840721539214,45.4066696710806,3.));
#8160=CARTESIAN_POINT('',(58.3393221997535,45.3865609742136,2.73918131859183));
#8161=CARTESIAN_POINT('',(58.4033244152492,45.4243698742466,4.43755530670221));
#8162=CARTESIAN_POINT('',(58.3393221997535,45.3865609742136,2.73918131859183));
#8163=CARTESIAN_POINT('Origin',(58.3995930244585,45.6682839553308,4.43226595000353));
#8164=CARTESIAN_POINT('',(58.3456189324029,45.6363991051721,3.));
#8165=CARTESIAN_POINT('',(58.3830326827881,43.0514672670622,3.));
#8166=CARTESIAN_POINT('',(58.3355908089629,45.6304750552979,2.73389196189315));
#8167=CARTESIAN_POINT('',(58.3995930244585,45.6682839553308,4.43226595000353));
#8168=CARTESIAN_POINT('',(58.3355908089629,45.6304750552979,2.73389196189315));
#8169=CARTESIAN_POINT('Origin',(58.0838540469576,45.663714016922,4.44426612108806));
#8170=CARTESIAN_POINT('',(58.0294277355786,45.6315620210863,3.));
#8171=CARTESIAN_POINT('',(59.1224715101033,45.6482833741789,3.));
#8172=CARTESIAN_POINT('',(58.0198518314619,45.625905116889,2.74589213297768));
#8173=CARTESIAN_POINT('',(58.0838540469576,45.663714016922,4.44426612108806));
#8174=CARTESIAN_POINT('',(58.0198518314619,45.625905116889,2.74589213297768));
#8175=CARTESIAN_POINT('Ctrl Pts',(58.0275329260289,45.6868958105799,4.44587248012249));
#8176=CARTESIAN_POINT('Ctrl Pts',(57.9635307105333,45.6490869105469,2.74749849201211));
#8177=CARTESIAN_POINT('Ctrl Pts',(58.0358755841277,45.680018036529,4.44571120378887));
#8178=CARTESIAN_POINT('Ctrl Pts',(57.9718733686321,45.642209136496,2.7473372156785));
#8179=CARTESIAN_POINT('Ctrl Pts',(58.0522895501561,45.6664861923273,4.4453938967352));
#8180=CARTESIAN_POINT('Ctrl Pts',(57.9882873346605,45.6286772922943,2.74701990862482));
#8181=CARTESIAN_POINT('Ctrl Pts',(58.0734491491499,45.6646278348098,4.44463788023354));
#8182=CARTESIAN_POINT('Ctrl Pts',(58.0094469336543,45.6268189347768,2.74626389212317));
#8183=CARTESIAN_POINT('Ctrl Pts',(58.0838540469576,45.663714016922,4.44426612108806));
#8184=CARTESIAN_POINT('Ctrl Pts',(58.0198518314619,45.625905116889,2.74589213297768));
#8185=CARTESIAN_POINT('',(57.9730460799633,45.6547080542647,3.));
#8186=CARTESIAN_POINT('Ctrl Pts',(57.9730460799633,45.6547080542647,3.));
#8187=CARTESIAN_POINT('Ctrl Pts',(57.9812590399567,45.6479456655499,3.));
#8188=CARTESIAN_POINT('Ctrl Pts',(57.9894719963942,45.6411832797631,3.));
#8189=CARTESIAN_POINT('Ctrl Pts',(57.9988561329021,45.6372942014232,3.));
#8190=CARTESIAN_POINT('Ctrl Pts',(57.9990113519317,45.6372298738246,3.));
#8191=CARTESIAN_POINT('Ctrl Pts',(57.9991668105674,45.6371663658217,3.00000000000026));
#8192=CARTESIAN_POINT('Ctrl Pts',(57.9993225170335,45.6371036863508,2.99999999914613));
#8193=CARTESIAN_POINT('Ctrl Pts',(58.0031818616302,45.6355501113219,2.9999999779755));
#8194=CARTESIAN_POINT('Ctrl Pts',(58.0071912416604,45.6345000853608,2.9999996369966));
#8195=CARTESIAN_POINT('Ctrl Pts',(58.0113277567354,45.633725292818,2.99999965652933));
#8196=CARTESIAN_POINT('Ctrl Pts',(58.0166928345651,45.6327203835601,2.99999968186337));
#8197=CARTESIAN_POINT('Ctrl Pts',(58.0222752778216,45.6321870778175,2.99999999044295));
#8198=CARTESIAN_POINT('Ctrl Pts',(58.0280474843807,45.6316822352161,2.99999999927569));
#8199=CARTESIAN_POINT('Ctrl Pts',(58.0285063898727,45.6316420989112,2.99999999997791));
#8200=CARTESIAN_POINT('Ctrl Pts',(58.0289664816579,45.631602110197,3.));
#8201=CARTESIAN_POINT('Ctrl Pts',(58.0294277355786,45.6315620210863,3.));
#8202=CARTESIAN_POINT('',(57.9635307105333,45.6490869105469,2.74749849201211));
#8203=CARTESIAN_POINT('',(58.0275329260289,45.6868958105799,4.44587248012249));
#8204=CARTESIAN_POINT('Ctrl Pts',(57.9635307105332,45.6490869105469,2.74749849201211));
#8205=CARTESIAN_POINT('Ctrl Pts',(57.9718733686321,45.642209136496,2.7473372156785));
#8206=CARTESIAN_POINT('Ctrl Pts',(57.9882873346605,45.6286772922943,2.74701990862482));
#8207=CARTESIAN_POINT('Ctrl Pts',(58.0094469336543,45.6268189347768,2.74626389212317));
#8208=CARTESIAN_POINT('Ctrl Pts',(58.0198518314619,45.625905116889,2.74589213297768));
#8209=CARTESIAN_POINT('Ctrl Pts',(58.0071520978554,45.7125972709861,4.44606835818696));
#8210=CARTESIAN_POINT('Ctrl Pts',(57.9431498823598,45.6747883709532,2.74769437007658));
#8211=CARTESIAN_POINT('Ctrl Pts',(58.010078737177,45.7080317244778,4.4460597069069));
#8212=CARTESIAN_POINT('Ctrl Pts',(57.9460765216814,45.6702228244448,2.74768571879653));
#8213=CARTESIAN_POINT('Ctrl Pts',(58.016008884415,45.6987807167379,4.4460421771197));
#8214=CARTESIAN_POINT('Ctrl Pts',(57.9520066689194,45.6609718167049,2.74766818900932));
#8215=CARTESIAN_POINT('Ctrl Pts',(58.0236585263999,45.6908915333959,4.4459295325009));
#8216=CARTESIAN_POINT('Ctrl Pts',(57.9596563109042,45.6530826333629,2.74755554439053));
#8217=CARTESIAN_POINT('Ctrl Pts',(58.0275329260289,45.6868958105799,4.44587248012249));
#8218=CARTESIAN_POINT('Ctrl Pts',(57.9635307105333,45.6490869105469,2.74749849201211));
#8219=CARTESIAN_POINT('',(57.9526578702412,45.6804051540682,3.));
#8220=CARTESIAN_POINT('Ctrl Pts',(57.9526578702412,45.6804051540682,3.));
#8221=CARTESIAN_POINT('Ctrl Pts',(57.9553951223641,45.6761357066221,3.));
#8222=CARTESIAN_POINT('Ctrl Pts',(57.9580158337526,45.6720511033734,2.99999992781387));
#8223=CARTESIAN_POINT('Ctrl Pts',(57.9609960389856,45.6681510922017,2.9999999889069));
#8224=CARTESIAN_POINT('Ctrl Pts',(57.9612800423148,45.6677794345238,2.99999999472886));
#8225=CARTESIAN_POINT('Ctrl Pts',(57.9615673549098,45.6674094884868,2.99999999929711));
#8226=CARTESIAN_POINT('Ctrl Pts',(57.9618584408399,45.6670412951309,2.99999999990783));
#8227=CARTESIAN_POINT('Ctrl Pts',(57.9619023769587,45.666985720521,3.00000000000001));
#8228=CARTESIAN_POINT('Ctrl Pts',(57.9619463990802,45.6669301858705,3.));
#8229=CARTESIAN_POINT('Ctrl Pts',(57.9619905069652,45.6668746898673,3.));
#8230=CARTESIAN_POINT('Ctrl Pts',(57.9653922129932,45.6625947048108,3.));
#8231=CARTESIAN_POINT('Ctrl Pts',(57.9692297616373,45.6586404438014,3.));
#8232=CARTESIAN_POINT('Ctrl Pts',(57.9730460799633,45.6547080542647,3.));
#8233=CARTESIAN_POINT('',(57.9431498823598,45.6747883709532,2.74769437007658));
#8234=CARTESIAN_POINT('',(58.0071520978554,45.7125972709861,4.44606835818696));
#8235=CARTESIAN_POINT('Ctrl Pts',(57.9431498823597,45.6747883709532,2.74769437007658));
#8236=CARTESIAN_POINT('Ctrl Pts',(57.9460765216814,45.6702228244448,2.74768571879652));
#8237=CARTESIAN_POINT('Ctrl Pts',(57.9520066689194,45.6609718167049,2.74766818900932));
#8238=CARTESIAN_POINT('Ctrl Pts',(57.9596563109042,45.6530826333629,2.74755554439053));
#8239=CARTESIAN_POINT('Ctrl Pts',(57.9635307105332,45.6490869105469,2.74749849201211));
#8240=CARTESIAN_POINT('Origin',(57.6475314823155,46.7472563829201,4.43658705023499));
#8241=CARTESIAN_POINT('',(57.5933945521628,46.7152753371956,3.));
#8242=CARTESIAN_POINT('',(58.7024186273957,43.520693842019,3.));
#8243=CARTESIAN_POINT('',(57.5835292668199,46.7094474828871,2.73821306212461));
#8244=CARTESIAN_POINT('',(57.6475314823155,46.7472563829201,4.43658705023499));
#8245=CARTESIAN_POINT('',(57.5835292668198,46.7094474828871,2.73821306212461));
#8246=CARTESIAN_POINT('Ctrl Pts',(57.5244806775521,46.9514485254256,4.43667845755808));
#8247=CARTESIAN_POINT('Ctrl Pts',(57.4604784620565,46.9136396253926,2.73830446944771));
#8248=CARTESIAN_POINT('Ctrl Pts',(57.5523450164407,46.9210898183306,4.43630424663342));
#8249=CARTESIAN_POINT('Ctrl Pts',(57.4883428009451,46.8832809182976,2.73793025852305));
#8250=CARTESIAN_POINT('Ctrl Pts',(57.6072000077603,46.8613243015235,4.43556755816915));
#8251=CARTESIAN_POINT('Ctrl Pts',(57.5431977922647,46.8235154014905,2.73719357005877));
#8252=CARTESIAN_POINT('Ctrl Pts',(57.6342311677005,46.7848731381127,4.43625084717342));
#8253=CARTESIAN_POINT('Ctrl Pts',(57.5702289522049,46.7470642380798,2.73787685906304));
#8254=CARTESIAN_POINT('Ctrl Pts',(57.6475314823155,46.7472563829201,4.43658705023499));
#8255=CARTESIAN_POINT('Ctrl Pts',(57.5835292668199,46.7094474828871,2.73821306212461));
#8256=CARTESIAN_POINT('',(57.4703403027688,46.9194654448075,3.));
#8257=CARTESIAN_POINT('Ctrl Pts',(57.4703403027688,46.9194654448075,3.));
#8258=CARTESIAN_POINT('Ctrl Pts',(57.4977816335495,46.8895909361839,3.));
#8259=CARTESIAN_POINT('Ctrl Pts',(57.5252229643302,46.8597164275603,3.));
#8260=CARTESIAN_POINT('Ctrl Pts',(57.54580425557,46.825728146234,3.));
#8261=CARTESIAN_POINT('Ctrl Pts',(57.5461322490806,46.8251864923805,3.));
#8262=CARTESIAN_POINT('Ctrl Pts',(57.5464583415379,46.8246440560172,2.9999999999993));
#8263=CARTESIAN_POINT('Ctrl Pts',(57.5467825177158,46.8241008112054,3.00000000248564));
#8264=CARTESIAN_POINT('Ctrl Pts',(57.5529174957107,46.8138199972736,3.00000004953918));
#8265=CARTESIAN_POINT('Ctrl Pts',(57.5583702233164,46.8032520749803,3.00000077995596));
#8266=CARTESIAN_POINT('Ctrl Pts',(57.5633915324384,46.7924335446072,3.00000098748052));
#8267=CARTESIAN_POINT('Ctrl Pts',(57.5717720435999,46.7743775332487,3.00000133383679));
#8268=CARTESIAN_POINT('Ctrl Pts',(57.5789468580027,46.7556210661832,3.00000042625422));
#8269=CARTESIAN_POINT('Ctrl Pts',(57.5859357401864,46.7362460655892,3.00000012605128));
#8270=CARTESIAN_POINT('Ctrl Pts',(57.5884294491028,46.7293328553693,3.00000001893562));
#8271=CARTESIAN_POINT('Ctrl Pts',(57.5908992736068,46.7223407696678,3.));
#8272=CARTESIAN_POINT('Ctrl Pts',(57.5933945521629,46.7152753371956,3.));
#8273=CARTESIAN_POINT('',(57.4604784620565,46.9136396253926,2.73830446944771));
#8274=CARTESIAN_POINT('',(57.5244806775521,46.9514485254256,4.43667845755808));
#8275=CARTESIAN_POINT('Ctrl Pts',(57.4604784620565,46.9136396253926,2.73830446944771));
#8276=CARTESIAN_POINT('Ctrl Pts',(57.4883428009451,46.8832809182976,2.73793025852305));
#8277=CARTESIAN_POINT('Ctrl Pts',(57.5431977922647,46.8235154014905,2.73719357005877));
#8278=CARTESIAN_POINT('Ctrl Pts',(57.5702289522049,46.7470642380798,2.73787685906304));
#8279=CARTESIAN_POINT('Ctrl Pts',(57.5835292668198,46.7094474828871,2.73821306212461));
#8280=CARTESIAN_POINT('Ctrl Pts',(57.1926735339567,47.0826281744254,4.44626211474191));
#8281=CARTESIAN_POINT('Ctrl Pts',(57.1286713184611,47.0448192743924,2.74788812663154));
#8282=CARTESIAN_POINT('Ctrl Pts',(57.2549027414282,47.0779180754969,4.44402189938663));
#8283=CARTESIAN_POINT('Ctrl Pts',(57.1909005259326,47.0401091754639,2.74564791127625));
#8284=CARTESIAN_POINT('Ctrl Pts',(57.3790602262612,47.0685206548961,4.43955230198538));
#8285=CARTESIAN_POINT('Ctrl Pts',(57.3150580107656,47.0307117548631,2.741178313875));
#8286=CARTESIAN_POINT('Ctrl Pts',(57.4760855830786,46.9904094605323,4.43763485654685));
#8287=CARTESIAN_POINT('Ctrl Pts',(57.412083367583,46.9526005604993,2.73926086843648));
#8288=CARTESIAN_POINT('Ctrl Pts',(57.5244806775521,46.9514485254256,4.43667845755808));
#8289=CARTESIAN_POINT('Ctrl Pts',(57.4604784620565,46.9136396253926,2.73830446944771));
#8290=CARTESIAN_POINT('',(57.1381720047418,47.0504317441335,3.));
#8291=CARTESIAN_POINT('Ctrl Pts',(57.1381720047418,47.0504317441335,3.));
#8292=CARTESIAN_POINT('Ctrl Pts',(57.2003313527496,47.0457830546146,3.));
#8293=CARTESIAN_POINT('Ctrl Pts',(57.2624907007573,47.0411343650956,3.));
#8294=CARTESIAN_POINT('Ctrl Pts',(57.3178606150941,47.019337587737,3.));
#8295=CARTESIAN_POINT('Ctrl Pts',(57.3179980459202,47.0192834870732,3.));
#8296=CARTESIAN_POINT('Ctrl Pts',(57.318135433239,47.019229281429,3.));
#8297=CARTESIAN_POINT('Ctrl Pts',(57.3182727769631,47.0191749705455,3.00000000001908));
#8298=CARTESIAN_POINT('Ctrl Pts',(57.3412796941317,47.0100771686122,3.00000000321478));
#8299=CARTESIAN_POINT('Ctrl Pts',(57.3630654638735,46.9980317263096,3.00000033913336));
#8300=CARTESIAN_POINT('Ctrl Pts',(57.3841791434325,46.9842541891748,3.00000032320149));
#8301=CARTESIAN_POINT('Ctrl Pts',(57.4118298922223,46.966210947721,3.00000030233691));
#8302=CARTESIAN_POINT('Ctrl Pts',(57.4383244516759,46.9451881586207,3.00000000693795));
#8303=CARTESIAN_POINT('Ctrl Pts',(57.4648737221128,46.9238594886495,3.00000000045663));
#8304=CARTESIAN_POINT('Ctrl Pts',(57.4666955156394,46.9223959293032,3.00000000001188));
#8305=CARTESIAN_POINT('Ctrl Pts',(57.4685175766396,46.9209309546549,3.));
#8306=CARTESIAN_POINT('Ctrl Pts',(57.4703403027688,46.9194654448075,3.));
#8307=CARTESIAN_POINT('',(57.1286713184611,47.0448192743924,2.74788812663154));
#8308=CARTESIAN_POINT('',(57.1926735339567,47.0826281744254,4.44626211474191));
#8309=CARTESIAN_POINT('Ctrl Pts',(57.1286713184611,47.0448192743924,2.74788812663154));
#8310=CARTESIAN_POINT('Ctrl Pts',(57.1909005259326,47.0401091754639,2.74564791127625));
#8311=CARTESIAN_POINT('Ctrl Pts',(57.3150580107656,47.0307117548631,2.741178313875));
#8312=CARTESIAN_POINT('Ctrl Pts',(57.412083367583,46.9526005604993,2.73926086843648));
#8313=CARTESIAN_POINT('Ctrl Pts',(57.4604784620565,46.9136396253926,2.73830446944771));
#8314=CARTESIAN_POINT('Ctrl Pts',(56.8670240558505,46.9419326389442,4.46166616101973));
#8315=CARTESIAN_POINT('Ctrl Pts',(56.8030218403549,46.9041237389112,2.76329217290935));
#8316=CARTESIAN_POINT('Ctrl Pts',(56.9140291235653,46.9822744393265,4.45899672095363));
#8317=CARTESIAN_POINT('Ctrl Pts',(56.8500269080697,46.9444655392935,2.76062273284326));
#8318=CARTESIAN_POINT('Ctrl Pts',(57.007993645899,47.0629188929416,4.45366043121077));
#8319=CARTESIAN_POINT('Ctrl Pts',(56.9439914304034,47.0251099929086,2.7552864431004));
#8320=CARTESIAN_POINT('Ctrl Pts',(57.1311334964854,47.076060540376,4.4487274220231));
#8321=CARTESIAN_POINT('Ctrl Pts',(57.0671312809898,47.038251640343,2.75035343391273));
#8322=CARTESIAN_POINT('Ctrl Pts',(57.1926735339567,47.0826281744254,4.44626211474191));
#8323=CARTESIAN_POINT('Ctrl Pts',(57.1286713184611,47.0448192743924,2.74788812663154));
#8324=CARTESIAN_POINT('',(56.8119420342963,46.9093932865104,3.));
#8325=CARTESIAN_POINT('Ctrl Pts',(56.8119420342963,46.9093932865104,3.));
#8326=CARTESIAN_POINT('Ctrl Pts',(56.8590207106682,46.9497713669681,3.));
#8327=CARTESIAN_POINT('Ctrl Pts',(56.9060993870401,46.9901494474257,3.));
#8328=CARTESIAN_POINT('Ctrl Pts',(56.9604626407101,47.0136622123285,3.));
#8329=CARTESIAN_POINT('Ctrl Pts',(56.9604938041838,47.0136756909079,3.));
#8330=CARTESIAN_POINT('Ctrl Pts',(56.9605249700308,47.0136891639363,3.));
#8331=CARTESIAN_POINT('Ctrl Pts',(56.9605561382525,47.0137026314107,3.00000000000004));
#8332=CARTESIAN_POINT('Ctrl Pts',(56.9948221315153,47.0285086215762,3.00000000004157));
#8333=CARTESIAN_POINT('Ctrl Pts',(57.0319560862334,47.0366069165825,3.0000000141408));
#8334=CARTESIAN_POINT('Ctrl Pts',(57.0701832244688,47.0422347437761,3.00000000693356));
#8335=CARTESIAN_POINT('Ctrl Pts',(57.0925888828978,47.0455333211642,3.00000000270926));
#8336=CARTESIAN_POINT('Ctrl Pts',(57.1153707280045,47.0479817259497,3.));
#8337=CARTESIAN_POINT('Ctrl Pts',(57.1381720047418,47.0504317441335,3.));
#8338=CARTESIAN_POINT('',(56.8030218403549,46.9041237389112,2.76329217290935));
#8339=CARTESIAN_POINT('',(56.8670240558505,46.9419326389442,4.46166616101973));
#8340=CARTESIAN_POINT('Ctrl Pts',(56.8030218403548,46.9041237389112,2.76329217290935));
#8341=CARTESIAN_POINT('Ctrl Pts',(56.8500269080697,46.9444655392935,2.76062273284326));
#8342=CARTESIAN_POINT('Ctrl Pts',(56.9439914304034,47.0251099929086,2.7552864431004));
#8343=CARTESIAN_POINT('Ctrl Pts',(57.0671312809898,47.038251640343,2.75035343391273));
#8344=CARTESIAN_POINT('Ctrl Pts',(57.1286713184611,47.0448192743924,2.74788812663154));
#8345=CARTESIAN_POINT('Ctrl Pts',(56.7521801261321,46.740296576823,4.47048277253098));
#8346=CARTESIAN_POINT('Ctrl Pts',(56.6881779106365,46.70248767679,2.77210878442061));
#8347=CARTESIAN_POINT('Ctrl Pts',(56.7642915183437,46.7770628312491,4.4692078780804));
#8348=CARTESIAN_POINT('Ctrl Pts',(56.700289302848,46.7392539312161,2.77083388997002));
#8349=CARTESIAN_POINT('Ctrl Pts',(56.7889738298038,46.8519903149865,4.46660971749254));
#8350=CARTESIAN_POINT('Ctrl Pts',(56.7249716143082,46.8141814149535,2.76823572938216));
#8351=CARTESIAN_POINT('Ctrl Pts',(56.8406863914305,46.911582044647,4.46333433980686));
#8352=CARTESIAN_POINT('Ctrl Pts',(56.7766841759349,46.873773144614,2.76496035169649));
#8353=CARTESIAN_POINT('Ctrl Pts',(56.8670240558505,46.9419326389442,4.46166616101973));
#8354=CARTESIAN_POINT('Ctrl Pts',(56.8030218403549,46.9041237389112,2.76329217290935));
#8355=CARTESIAN_POINT('',(56.6967658558071,46.7075609505498,3.));
#8356=CARTESIAN_POINT('Ctrl Pts',(56.6967658558071,46.7075609505498,3.));
#8357=CARTESIAN_POINT('Ctrl Pts',(56.7012608925233,46.7211629993079,3.));
#8358=CARTESIAN_POINT('Ctrl Pts',(56.7056562096888,46.7344462375998,2.99999988106932));
#8359=CARTESIAN_POINT('Ctrl Pts',(56.7103036603784,46.7474108757302,2.99999967939606));
#8360=CARTESIAN_POINT('Ctrl Pts',(56.7146673386225,46.7595838955493,2.99999949003693));
#8361=CARTESIAN_POINT('Ctrl Pts',(56.7192490772458,46.7714784304844,2.99999933352758));
#8362=CARTESIAN_POINT('Ctrl Pts',(56.7243314799519,46.7830995636456,2.99999945660311));
#8363=CARTESIAN_POINT('Ctrl Pts',(56.7289749801353,46.7937171272438,2.99999956905017));
#8364=CARTESIAN_POINT('Ctrl Pts',(56.7340342721924,46.8041076813411,2.99999996834323));
#8365=CARTESIAN_POINT('Ctrl Pts',(56.7397585928131,46.8142559787421,2.99999999815889));
#8366=CARTESIAN_POINT('Ctrl Pts',(56.740112207899,46.8148828812682,3.00000000000072));
#8367=CARTESIAN_POINT('Ctrl Pts',(56.7404683780323,46.8155088495347,3.));
#8368=CARTESIAN_POINT('Ctrl Pts',(56.7408270822186,46.8161339251926,3.));
#8369=CARTESIAN_POINT('Ctrl Pts',(56.7601048955013,46.8497273213155,3.));
#8370=CARTESIAN_POINT('Ctrl Pts',(56.7860234648988,46.879560303913,3.));
#8371=CARTESIAN_POINT('Ctrl Pts',(56.8119420342963,46.9093932865104,3.));
#8372=CARTESIAN_POINT('',(56.6881779106365,46.70248767679,2.77210878442061));
#8373=CARTESIAN_POINT('',(56.7521801261321,46.740296576823,4.47048277253098));
#8374=CARTESIAN_POINT('Ctrl Pts',(56.6881779106364,46.70248767679,2.77210878442061));
#8375=CARTESIAN_POINT('Ctrl Pts',(56.700289302848,46.7392539312161,2.77083388997002));
#8376=CARTESIAN_POINT('Ctrl Pts',(56.7249716143081,46.8141814149535,2.76823572938216));
#8377=CARTESIAN_POINT('Ctrl Pts',(56.7766841759349,46.873773144614,2.76496035169649));
#8378=CARTESIAN_POINT('Ctrl Pts',(56.8030218403548,46.9041237389112,2.76329217290935));
#8379=CARTESIAN_POINT('Origin',(56.4224617669252,45.6896608021767,4.50629708014482));
#8380=CARTESIAN_POINT('',(55.8037885976039,43.8715701074133,3.));
#8381=CARTESIAN_POINT('',(56.3584595514296,45.6518519021437,2.80792309203444));
#8382=CARTESIAN_POINT('Origin',(60.2148172249117,44.8199750240116,2.68111763774166));
#8383=CARTESIAN_POINT('Ctrl Pts',(60.9285840556593,45.7648800172498,4.33481201996645));
#8384=CARTESIAN_POINT('Ctrl Pts',(60.8645818401637,45.7270711172168,2.63643803185607));
#8385=CARTESIAN_POINT('Ctrl Pts',(60.9309558902438,45.7602791665562,4.33482506210905));
#8386=CARTESIAN_POINT('Ctrl Pts',(60.8669536747481,45.7224702665232,2.63645107399868));
#8387=CARTESIAN_POINT('Ctrl Pts',(60.9358349157821,45.7508149028256,4.33485189068608));
#8388=CARTESIAN_POINT('Ctrl Pts',(60.8718327002865,45.7130060027926,2.6364779025757));
#8389=CARTESIAN_POINT('Ctrl Pts',(60.9431885659003,45.7431093220497,4.33474631301736));
#8390=CARTESIAN_POINT('Ctrl Pts',(60.8791863504046,45.7053004220167,2.63637232490698));
#8391=CARTESIAN_POINT('Ctrl Pts',(60.9469673952812,45.7391496456216,4.33469205968872));
#8392=CARTESIAN_POINT('Ctrl Pts',(60.8829651797856,45.7013407455886,2.63631807157834));
#8393=CARTESIAN_POINT('',(60.8782824571032,45.7351646691704,3.));
#8394=CARTESIAN_POINT('',(60.8966703173569,45.7094369680766,3.));
#8395=CARTESIAN_POINT('Ctrl Pts',(60.8782824571032,45.7351646691704,3.));
#8396=CARTESIAN_POINT('Ctrl Pts',(60.8800771291915,45.7316824487384,3.));
#8397=CARTESIAN_POINT('Ctrl Pts',(60.8817582658096,45.7284321743271,2.99999976482545));
#8398=CARTESIAN_POINT('Ctrl Pts',(60.8836618009804,45.7253184942944,2.99999985798585));
#8399=CARTESIAN_POINT('Ctrl Pts',(60.8843950531845,45.724119087642,2.99999989387174));
#8400=CARTESIAN_POINT('Ctrl Pts',(60.8851611244976,45.7229398205937,2.99999998816777));
#8401=CARTESIAN_POINT('Ctrl Pts',(60.8859824716732,45.7217775566189,2.99999999889989));
#8402=CARTESIAN_POINT('Ctrl Pts',(60.8860667429089,45.721658306898,3.00000000000102));
#8403=CARTESIAN_POINT('Ctrl Pts',(60.8861516001924,45.7215392391238,3.));
#8404=CARTESIAN_POINT('Ctrl Pts',(60.8862370442949,45.7214203332187,3.));
#8405=CARTESIAN_POINT('Ctrl Pts',(60.8893126885691,45.717140198541,3.));
#8406=CARTESIAN_POINT('Ctrl Pts',(60.8929915025376,45.7132885837542,3.));
#8407=CARTESIAN_POINT('Ctrl Pts',(60.896670317357,45.7094369680766,3.));
#8408=CARTESIAN_POINT('',(60.8645818401637,45.7270711172168,2.63643803185607));
#8409=CARTESIAN_POINT('',(60.9285840556593,45.7648800172498,4.33481201996645));
#8410=CARTESIAN_POINT('',(60.8829651797856,45.7013407455886,2.63631807157834));
#8411=CARTESIAN_POINT('Ctrl Pts',(60.8645818401637,45.7270711172168,2.63643803185607));
#8412=CARTESIAN_POINT('Ctrl Pts',(60.8669536747481,45.7224702665232,2.63645107399868));
#8413=CARTESIAN_POINT('Ctrl Pts',(60.8718327002865,45.7130060027926,2.6364779025757));
#8414=CARTESIAN_POINT('Ctrl Pts',(60.8791863504047,45.7053004220167,2.63637232490698));
#8415=CARTESIAN_POINT('Ctrl Pts',(60.8829651797856,45.7013407455886,2.63631807157834));
#8416=CARTESIAN_POINT('',(60.9469673952812,45.7391496456216,4.33469205968872));
#8417=CARTESIAN_POINT('Ctrl Pts',(60.9469673952812,45.7391496456216,4.33469205968872));
#8418=CARTESIAN_POINT('Ctrl Pts',(60.8829651797856,45.7013407455886,2.63631807157834));
#8419=CARTESIAN_POINT('Ctrl Pts',(60.9590218567772,45.7294087172935,4.33445464527953));
#8420=CARTESIAN_POINT('Ctrl Pts',(60.8950196412815,45.6915998172605,2.63608065716916));
#8421=CARTESIAN_POINT('Ctrl Pts',(60.983119016163,45.7099363665322,4.33398004814713));
#8422=CARTESIAN_POINT('Ctrl Pts',(60.9191168006674,45.6721274664992,2.63560606003676));
#8423=CARTESIAN_POINT('Ctrl Pts',(61.013990639436,45.7075433945394,4.33286994126858));
#8424=CARTESIAN_POINT('Ctrl Pts',(60.9499884239404,45.6697344945064,2.6344959531582));
#8425=CARTESIAN_POINT('Ctrl Pts',(61.0294189157109,45.7063474926363,4.33231515879194));
#8426=CARTESIAN_POINT('Ctrl Pts',(60.9654167002153,45.6685385926033,2.63394117068157));
#8427=CARTESIAN_POINT('',(60.9792114098859,45.6766877292368,3.));
#8428=CARTESIAN_POINT('Ctrl Pts',(60.8966703173569,45.7094369680766,3.));
#8429=CARTESIAN_POINT('Ctrl Pts',(60.9087278493541,45.6997060674462,3.));
#8430=CARTESIAN_POINT('Ctrl Pts',(60.9207853383958,45.6899752014826,3.));
#8431=CARTESIAN_POINT('Ctrl Pts',(60.9345416178764,45.6845156022846,3.));
#8432=CARTESIAN_POINT('Ctrl Pts',(60.9482979304682,45.6790559899455,3.));
#8433=CARTESIAN_POINT('Ctrl Pts',(60.9637395785413,45.6778730157511,3.));
#8434=CARTESIAN_POINT('Ctrl Pts',(60.9792114098859,45.6766877292368,3.));
#8435=CARTESIAN_POINT('',(60.9654167002153,45.6685385926033,2.63394117068157));
#8436=CARTESIAN_POINT('Ctrl Pts',(60.8829651797856,45.7013407455886,2.63631807157834));
#8437=CARTESIAN_POINT('Ctrl Pts',(60.8950196412816,45.6915998172605,2.63608065716916));
#8438=CARTESIAN_POINT('Ctrl Pts',(60.9191168006674,45.6721274664992,2.63560606003676));
#8439=CARTESIAN_POINT('Ctrl Pts',(60.9499884239404,45.6697344945064,2.6344959531582));
#8440=CARTESIAN_POINT('Ctrl Pts',(60.9654167002153,45.6685385926033,2.63394117068157));
#8441=CARTESIAN_POINT('',(61.0294189157109,45.7063474926363,4.33231515879194));
#8442=CARTESIAN_POINT('Origin',(61.0294189157109,45.7063474926363,4.33231515879194));
#8443=CARTESIAN_POINT('',(61.1212976520729,45.678861360596,3.));
#8444=CARTESIAN_POINT('',(60.5952353794328,45.6708136746619,3.));
#8445=CARTESIAN_POINT('',(61.1072997294572,45.6705921772131,2.6285486764182));
#8446=CARTESIAN_POINT('',(60.9654167002153,45.6685385926033,2.63394117068157));
#8447=CARTESIAN_POINT('',(61.1713019449529,45.7084010772461,4.32692266452858));
#8448=CARTESIAN_POINT('Origin',(61.1713019449529,45.708401077246,4.32692266452858));
#8449=CARTESIAN_POINT('',(61.1248297165964,45.4348295287924,3.));
#8450=CARTESIAN_POINT('',(61.1587445068486,43.0916423261472,3.));
#8451=CARTESIAN_POINT('',(61.1110311202479,45.4266780961288,2.63383803311688));
#8452=CARTESIAN_POINT('',(61.1072997294572,45.670592177213,2.6285486764182));
#8453=CARTESIAN_POINT('',(61.1750333357435,45.4644869961618,4.33221202122726));
#8454=CARTESIAN_POINT('Origin',(61.1750333357435,45.4644869961618,4.33221202122726));
#8455=CARTESIAN_POINT('',(60.9407182433603,45.4320129966241,3.));
#8456=CARTESIAN_POINT('',(60.6699091448854,45.4278701666095,3.));
#8457=CARTESIAN_POINT('',(60.9271829647976,45.4240171172606,2.64082547995173));
#8458=CARTESIAN_POINT('',(61.1110311202479,45.4266780961288,2.63383803311688));
#8459=CARTESIAN_POINT('',(60.9911851802933,45.4618260172936,4.33919946806211));
#8460=CARTESIAN_POINT('Ctrl Pts',(60.9911851802933,45.4618260172936,4.33919946806211));
#8461=CARTESIAN_POINT('Ctrl Pts',(60.9271829647976,45.4240171172606,2.64082547995173));
#8462=CARTESIAN_POINT('Ctrl Pts',(60.9518295120678,45.4650038530915,4.3406118186395));
#8463=CARTESIAN_POINT('Ctrl Pts',(60.8878272965722,45.4271949530585,2.64223783052913));
#8464=CARTESIAN_POINT('Ctrl Pts',(60.8726760145681,45.4713952276818,4.3434523875572));
#8465=CARTESIAN_POINT('Ctrl Pts',(60.8086737990725,45.4335863276488,2.64507839944683));
#8466=CARTESIAN_POINT('Ctrl Pts',(60.8110156229843,45.5215437405886,4.34465962552289));
#8467=CARTESIAN_POINT('Ctrl Pts',(60.7470134074887,45.4837348405556,2.64628563741252));
#8468=CARTESIAN_POINT('Ctrl Pts',(60.7800132059749,45.5467580648834,4.34526661639468));
#8469=CARTESIAN_POINT('Ctrl Pts',(60.7160109904793,45.5089491648504,2.6468926282843));
#8470=CARTESIAN_POINT('',(60.7293176321588,45.5168099784354,3.));
#8471=CARTESIAN_POINT('Ctrl Pts',(60.9407182433603,45.432012996624,3.));
#8472=CARTESIAN_POINT('Ctrl Pts',(60.9220663004742,45.4335021622432,3.));
#8473=CARTESIAN_POINT('Ctrl Pts',(60.9036032267778,45.4349824590905,2.99999977535031));
#8474=CARTESIAN_POINT('Ctrl Pts',(60.885640798332,45.4375678843047,2.99999961647541));
#8475=CARTESIAN_POINT('Ctrl Pts',(60.8710668695703,45.4396655852367,2.99999948757127));
#8476=CARTESIAN_POINT('Ctrl Pts',(60.8568205724817,45.442485931877,2.99999958334571));
#8477=CARTESIAN_POINT('Ctrl Pts',(60.8430710999163,45.446630601974,2.99999980975355));
#8478=CARTESIAN_POINT('Ctrl Pts',(60.837574345346,45.4482875553001,2.99999990026672));
#8479=CARTESIAN_POINT('Ctrl Pts',(60.8321571601772,45.4501565797839,2.99999999623612));
#8480=CARTESIAN_POINT('Ctrl Pts',(60.8268313378799,45.4522785780706,2.9999999998663));
#8481=CARTESIAN_POINT('Ctrl Pts',(60.826635175864,45.452356736041,3.00000000000001));
#8482=CARTESIAN_POINT('Ctrl Pts',(60.8264391378828,45.4524352374256,3.));
#8483=CARTESIAN_POINT('Ctrl Pts',(60.8262432230411,45.4525140805549,3.));
#8484=CARTESIAN_POINT('Ctrl Pts',(60.7910249648312,45.4666871654613,3.));
#8485=CARTESIAN_POINT('Ctrl Pts',(60.760171298495,45.4917485719483,3.));
#8486=CARTESIAN_POINT('Ctrl Pts',(60.7293176321588,45.5168099784354,3.));
#8487=CARTESIAN_POINT('',(60.7160109904793,45.5089491648504,2.6468926282843));
#8488=CARTESIAN_POINT('Ctrl Pts',(60.9271829647977,45.4240171172606,2.64082547995173));
#8489=CARTESIAN_POINT('Ctrl Pts',(60.8878272965722,45.4271949530585,2.64223783052913));
#8490=CARTESIAN_POINT('Ctrl Pts',(60.8086737990725,45.4335863276488,2.64507839944682));
#8491=CARTESIAN_POINT('Ctrl Pts',(60.7470134074887,45.4837348405556,2.64628563741252));
#8492=CARTESIAN_POINT('Ctrl Pts',(60.7160109904793,45.5089491648504,2.6468926282843));
#8493=CARTESIAN_POINT('',(60.7800132059749,45.5467580648834,4.34526661639468));
#8494=CARTESIAN_POINT('Ctrl Pts',(60.7800132059749,45.5467580648834,4.34526661639468));
#8495=CARTESIAN_POINT('Ctrl Pts',(60.7160109904793,45.5089491648504,2.6468926282843));
#8496=CARTESIAN_POINT('Ctrl Pts',(60.7597968446459,45.569208062672,4.34552868010697));
#8497=CARTESIAN_POINT('Ctrl Pts',(60.6957946291502,45.531399162639,2.6471546919966));
#8498=CARTESIAN_POINT('Ctrl Pts',(60.7198205149417,45.6136012400024,4.34604689133181));
#8499=CARTESIAN_POINT('Ctrl Pts',(60.6558182994461,45.5757923399694,2.64767290322144));
#8500=CARTESIAN_POINT('Ctrl Pts',(60.703696130065,45.671097831378,4.34537455029978));
#8501=CARTESIAN_POINT('Ctrl Pts',(60.6396939145694,45.633288931345,2.64700056218941));
#8502=CARTESIAN_POINT('Ctrl Pts',(60.6957259802891,45.699517919857,4.34504221770125));
#8503=CARTESIAN_POINT('Ctrl Pts',(60.6317237647935,45.661709019824,2.64666822959088));
#8504=CARTESIAN_POINT('',(60.6450388628046,45.6695748289329,3.));
#8505=CARTESIAN_POINT('Ctrl Pts',(60.7293176321588,45.5168099784354,3.));
#8506=CARTESIAN_POINT('Ctrl Pts',(60.7093197206828,45.5390007793884,3.));
#8507=CARTESIAN_POINT('Ctrl Pts',(60.6893218092068,45.5611915803414,3.));
#8508=CARTESIAN_POINT('Ctrl Pts',(60.6752306495595,45.5866278005091,3.));
#8509=CARTESIAN_POINT('Ctrl Pts',(60.6750697240536,45.5869182901992,3.));
#8510=CARTESIAN_POINT('Ctrl Pts',(60.6749096094866,45.5872091299496,3.00000000000011));
#8511=CARTESIAN_POINT('Ctrl Pts',(60.6747503121017,45.5875003264229,2.99999999920062));
#8512=CARTESIAN_POINT('Ctrl Pts',(60.6697222268135,45.5966916932703,2.99999997396538));
#8513=CARTESIAN_POINT('Ctrl Pts',(60.6655033475208,45.6062357428002,2.999999399084));
#8514=CARTESIAN_POINT('Ctrl Pts',(60.6617647445395,45.6160534317134,2.99999934347626));
#8515=CARTESIAN_POINT('Ctrl Pts',(60.6564410098384,45.6300337263352,2.99999926429138));
#8516=CARTESIAN_POINT('Ctrl Pts',(60.6520983175436,45.6445728278159,2.99999988053807));
#8517=CARTESIAN_POINT('Ctrl Pts',(60.6478730787604,45.6594898508669,2.99999997641782));
#8518=CARTESIAN_POINT('Ctrl Pts',(60.6469260229758,45.6628333904144,2.99999999790855));
#8519=CARTESIAN_POINT('Ctrl Pts',(60.6459847329322,45.6661958424725,3.));
#8520=CARTESIAN_POINT('Ctrl Pts',(60.6450388628046,45.6695748289329,3.));
#8521=CARTESIAN_POINT('',(60.6317237647935,45.661709019824,2.64666822959088));
#8522=CARTESIAN_POINT('Ctrl Pts',(60.7160109904793,45.5089491648504,2.6468926282843));
#8523=CARTESIAN_POINT('Ctrl Pts',(60.6957946291503,45.531399162639,2.6471546919966));
#8524=CARTESIAN_POINT('Ctrl Pts',(60.6558182994461,45.5757923399694,2.64767290322144));
#8525=CARTESIAN_POINT('Ctrl Pts',(60.6396939145694,45.633288931345,2.64700056218941));
#8526=CARTESIAN_POINT('Ctrl Pts',(60.6317237647935,45.661709019824,2.64666822959088));
#8527=CARTESIAN_POINT('',(60.6957259802891,45.699517919857,4.34504221770125));
#8528=CARTESIAN_POINT('Ctrl Pts',(60.6957259802891,45.699517919857,4.34504221770125));
#8529=CARTESIAN_POINT('Ctrl Pts',(60.6317237647935,45.661709019824,2.64666822959088));
#8530=CARTESIAN_POINT('Ctrl Pts',(60.6237456352516,45.9775265904517,4.34156577463181));
#8531=CARTESIAN_POINT('Ctrl Pts',(60.559743419756,45.9397176904187,2.64319178652144));
#8532=CARTESIAN_POINT('Ctrl Pts',(60.5259005985023,46.3554320947499,4.33684014154811));
#8533=CARTESIAN_POINT('Ctrl Pts',(60.4618983830067,46.3176231947169,2.63846615343773));
#8534=CARTESIAN_POINT('Ctrl Pts',(60.4157442890083,46.7299062810545,4.3326548388608));
#8535=CARTESIAN_POINT('Ctrl Pts',(60.3517420735127,46.6920973810215,2.63428085075042));
#8536=CARTESIAN_POINT('Ctrl Pts',(60.3866251933461,46.8288960684221,4.33154848163182));
#8537=CARTESIAN_POINT('Ctrl Pts',(60.3226229778505,46.7910871683891,2.63317449352144));
#8538=CARTESIAN_POINT('',(60.3364465792948,46.7992533726533,3.));
#8539=CARTESIAN_POINT('Ctrl Pts',(60.6450388628046,45.6695748289329,3.));
#8540=CARTESIAN_POINT('Ctrl Pts',(60.5962087458038,45.8585671769856,3.));
#8541=CARTESIAN_POINT('Ctrl Pts',(60.5473786288039,46.0475595250354,3.));
#8542=CARTESIAN_POINT('Ctrl Pts',(60.496453599275,46.235966913318,3.));
#8543=CARTESIAN_POINT('Ctrl Pts',(60.4792594926927,46.2995799685288,3.));
#8544=CARTESIAN_POINT('Ctrl Pts',(60.4635656480154,46.3567035722158,2.99999987534833));
#8545=CARTESIAN_POINT('Ctrl Pts',(60.4487155847326,46.4099645285464,2.99999951735182));
#8546=CARTESIAN_POINT('Ctrl Pts',(60.4398312505817,46.4418289135143,2.99999930317358));
#8547=CARTESIAN_POINT('Ctrl Pts',(60.4312483259879,46.4723105891435,2.99999903188243));
#8548=CARTESIAN_POINT('Ctrl Pts',(60.422817051369,46.5019694892892,2.99999908325659));
#8549=CARTESIAN_POINT('Ctrl Pts',(60.4104542199513,46.5454585225737,2.99999915858684));
#8550=CARTESIAN_POINT('Ctrl Pts',(60.398421188357,46.5871795874534,2.9999997633379));
#8551=CARTESIAN_POINT('Ctrl Pts',(60.3862948733466,46.6289116249636,2.99999994185442));
#8552=CARTESIAN_POINT('Ctrl Pts',(60.3702018183667,46.6842949770786,3.00000017876695));
#8553=CARTESIAN_POINT('Ctrl Pts',(60.35393683521,46.7396955271297,3.));
#8554=CARTESIAN_POINT('Ctrl Pts',(60.3364465792948,46.7992533726533,3.));
#8555=CARTESIAN_POINT('',(60.3226229778505,46.7910871683891,2.63317449352144));
#8556=CARTESIAN_POINT('Ctrl Pts',(60.6317237647935,45.661709019824,2.64666822959088));
#8557=CARTESIAN_POINT('Ctrl Pts',(60.559743419756,45.9397176904187,2.64319178652144));
#8558=CARTESIAN_POINT('Ctrl Pts',(60.4618983830067,46.3176231947169,2.63846615343773));
#8559=CARTESIAN_POINT('Ctrl Pts',(60.3517420735127,46.6920973810215,2.63428085075042));
#8560=CARTESIAN_POINT('Ctrl Pts',(60.3226229778505,46.7910871683891,2.63317449352144));
#8561=CARTESIAN_POINT('',(60.3866251933461,46.8288960684221,4.33154848163182));
#8562=CARTESIAN_POINT('Ctrl Pts',(60.3866251933461,46.8288960684221,4.33154848163182));
#8563=CARTESIAN_POINT('Ctrl Pts',(60.3226229778505,46.7910871683891,2.63317449352144));
#8564=CARTESIAN_POINT('Ctrl Pts',(60.3776599251498,46.8409185220776,4.33161869071385));
#8565=CARTESIAN_POINT('Ctrl Pts',(60.3136577096542,46.8031096220447,2.63324470260348));
#8566=CARTESIAN_POINT('Ctrl Pts',(60.3598415895173,46.8648129678065,4.33175823020791));
#8567=CARTESIAN_POINT('Ctrl Pts',(60.2958393740217,46.8270040677735,2.63338424209754));
#8568=CARTESIAN_POINT('Ctrl Pts',(60.3318124881579,46.874888369978,4.33259019343965));
#8569=CARTESIAN_POINT('Ctrl Pts',(60.2678102726623,46.837079469945,2.63421620532928));
#8570=CARTESIAN_POINT('Ctrl Pts',(60.3178861860819,46.8798943490274,4.33300355564962));
#8571=CARTESIAN_POINT('Ctrl Pts',(60.2538839705863,46.8420854489944,2.63462956753925));
#8572=CARTESIAN_POINT('',(60.26765273843,46.8502192606594,3.));
#8573=CARTESIAN_POINT('Ctrl Pts',(60.3364465792948,46.7992533726533,3.));
#8574=CARTESIAN_POINT('Ctrl Pts',(60.3275347843306,46.8111990395231,3.));
#8575=CARTESIAN_POINT('Ctrl Pts',(60.3186229893663,46.8231447063932,3.));
#8576=CARTESIAN_POINT('Ctrl Pts',(60.3071679957076,46.831653403494,3.));
#8577=CARTESIAN_POINT('Ctrl Pts',(60.3070958561731,46.8317069882856,3.));
#8578=CARTESIAN_POINT('Ctrl Pts',(60.3070236213894,46.831760432595,3.));
#8579=CARTESIAN_POINT('Ctrl Pts',(60.3069512906657,46.831813735707,3.00000000008169));
#8580=CARTESIAN_POINT('Ctrl Pts',(60.3016018494877,46.8357559313307,3.00000000612332));
#8581=CARTESIAN_POINT('Ctrl Pts',(60.2957306647429,46.8389299049163,3.0000002536392));
#8582=CARTESIAN_POINT('Ctrl Pts',(60.2895535513786,46.8417166281977,3.00000020823025));
#8583=CARTESIAN_POINT('Ctrl Pts',(60.2825507611466,46.8448758447157,3.00000015675162));
#8584=CARTESIAN_POINT('Ctrl Pts',(60.2751507919708,46.8475319543543,3.));
#8585=CARTESIAN_POINT('Ctrl Pts',(60.26765273843,46.8502192606594,3.));
#8586=CARTESIAN_POINT('',(60.2538839705863,46.8420854489944,2.63462956753925));
#8587=CARTESIAN_POINT('Ctrl Pts',(60.3226229778505,46.7910871683891,2.63317449352144));
#8588=CARTESIAN_POINT('Ctrl Pts',(60.3136577096542,46.8031096220447,2.63324470260348));
#8589=CARTESIAN_POINT('Ctrl Pts',(60.2958393740217,46.8270040677735,2.63338424209754));
#8590=CARTESIAN_POINT('Ctrl Pts',(60.2678102726623,46.837079469945,2.63421620532928));
#8591=CARTESIAN_POINT('Ctrl Pts',(60.2538839705863,46.8420854489944,2.63462956753925));
#8592=CARTESIAN_POINT('',(60.3178861860819,46.8798943490274,4.33300355564962));
#8593=CARTESIAN_POINT('Ctrl Pts',(60.3178861860819,46.8798943490274,4.33300355564962));
#8594=CARTESIAN_POINT('Ctrl Pts',(60.2538839705863,46.8420854489944,2.63462956753925));
#8595=CARTESIAN_POINT('Ctrl Pts',(60.3033085688244,46.8815631265023,4.3335157544742));
#8596=CARTESIAN_POINT('Ctrl Pts',(60.2393063533288,46.8437542264693,2.63514176636383));
#8597=CARTESIAN_POINT('Ctrl Pts',(60.2738805900257,46.8849319039427,4.33454973526023));
#8598=CARTESIAN_POINT('Ctrl Pts',(60.20987837453,46.8471230039097,2.63617574714986));
#8599=CARTESIAN_POINT('Ctrl Pts',(60.2474880242925,46.8714751355128,4.33584389562023));
#8600=CARTESIAN_POINT('Ctrl Pts',(60.1834858087969,46.8336662354798,2.63746990750986));
#8601=CARTESIAN_POINT('Ctrl Pts',(60.2341694356862,46.8646843913123,4.33649697306635));
#8602=CARTESIAN_POINT('Ctrl Pts',(60.1701672201905,46.8268754912793,2.63812298495598));
#8603=CARTESIAN_POINT('',(60.1838043406728,46.8349315331062,3.));
#8604=CARTESIAN_POINT('Ctrl Pts',(60.26765273843,46.8502192606594,3.));
#8605=CARTESIAN_POINT('Ctrl Pts',(60.2589037825493,46.8512126415605,3.));
#8606=CARTESIAN_POINT('Ctrl Pts',(60.2503344873536,46.8521784890395,3.00000011262646));
#8607=CARTESIAN_POINT('Ctrl Pts',(60.2419371314166,46.8523050404969,3.00000011887103));
#8608=CARTESIAN_POINT('Ctrl Pts',(60.2360763024753,46.8523933654947,3.00000012322935));
#8609=CARTESIAN_POINT('Ctrl Pts',(60.2302983939807,46.8520774785167,3.00000000427883));
#8610=CARTESIAN_POINT('Ctrl Pts',(60.2246044270318,46.8510611877842,3.00000000009517));
#8611=CARTESIAN_POINT('Ctrl Pts',(60.2244748899451,46.851038067288,2.99999999999999));
#8612=CARTESIAN_POINT('Ctrl Pts',(60.2243453967204,46.8510145819785,3.));
#8613=CARTESIAN_POINT('Ctrl Pts',(60.2242159462266,46.8509907347056,3.));
#8614=CARTESIAN_POINT('Ctrl Pts',(60.2102457684814,46.8484171590353,3.));
#8615=CARTESIAN_POINT('Ctrl Pts',(60.1970250764069,46.8416743572044,3.));
#8616=CARTESIAN_POINT('Ctrl Pts',(60.1838043406728,46.8349315331062,3.));
#8617=CARTESIAN_POINT('',(60.1701672201905,46.8268754912793,2.63812298495598));
#8618=CARTESIAN_POINT('Ctrl Pts',(60.2538839705863,46.8420854489944,2.63462956753925));
#8619=CARTESIAN_POINT('Ctrl Pts',(60.2393063533288,46.8437542264693,2.63514176636383));
#8620=CARTESIAN_POINT('Ctrl Pts',(60.2098783745301,46.8471230039097,2.63617574714986));
#8621=CARTESIAN_POINT('Ctrl Pts',(60.1834858087969,46.8336662354798,2.63746990750986));
#8622=CARTESIAN_POINT('Ctrl Pts',(60.1701672201905,46.8268754912793,2.63812298495598));
#8623=CARTESIAN_POINT('',(60.2341694356862,46.8646843913123,4.33649697306635));
#8624=CARTESIAN_POINT('Ctrl Pts',(60.2341694356862,46.8646843913123,4.33649697306635));
#8625=CARTESIAN_POINT('Ctrl Pts',(60.1701672201905,46.8268754912793,2.63812298495598));
#8626=CARTESIAN_POINT('Ctrl Pts',(60.2221392974077,46.8555545281408,4.33715356907778));
#8627=CARTESIAN_POINT('Ctrl Pts',(60.1581370819121,46.8177456281078,2.6387795809674));
#8628=CARTESIAN_POINT('Ctrl Pts',(60.197950824869,46.8371975118294,4.3384737579421));
#8629=CARTESIAN_POINT('Ctrl Pts',(60.1339486093734,46.7993886117964,2.64009976983172));
#8630=CARTESIAN_POINT('Ctrl Pts',(60.1881896385789,46.808421357051,4.3394822120987));
#8631=CARTESIAN_POINT('Ctrl Pts',(60.1241874230833,46.770612457018,2.64110822398833));
#8632=CARTESIAN_POINT('Ctrl Pts',(60.1832831788799,46.79395702459,4.3399891115196));
#8633=CARTESIAN_POINT('Ctrl Pts',(60.1192809633843,46.7561481245571,2.64161512340922));
#8634=CARTESIAN_POINT('',(60.1327864847021,46.7641264250181,3.));
#8635=CARTESIAN_POINT('Ctrl Pts',(60.1838043406728,46.8349315331062,3.));
#8636=CARTESIAN_POINT('Ctrl Pts',(60.1757172288776,46.8287968869578,3.));
#8637=CARTESIAN_POINT('Ctrl Pts',(60.1677442911109,46.8227416956514,2.99999989560475));
#8638=CARTESIAN_POINT('Ctrl Pts',(60.1608117528613,46.8159373313965,2.9999999202349));
#8639=CARTESIAN_POINT('Ctrl Pts',(60.1573038767656,46.812494311559,2.9999999326978));
#8640=CARTESIAN_POINT('Ctrl Pts',(60.1540614385441,46.8088601566729,2.99999999858557));
#8641=CARTESIAN_POINT('Ctrl Pts',(60.1512112928168,46.8049225614301,2.99999999997794));
#8642=CARTESIAN_POINT('Ctrl Pts',(60.1511661401082,46.8048601810793,3.));
#8643=CARTESIAN_POINT('Ctrl Pts',(60.1511210861277,46.8047977243757,3.));
#8644=CARTESIAN_POINT('Ctrl Pts',(60.1510761303371,46.8047351916259,3.));
#8645=CARTESIAN_POINT('Ctrl Pts',(60.142585725419,46.7929251809722,3.));
#8646=CARTESIAN_POINT('Ctrl Pts',(60.1376861050605,46.7785258029951,3.));
#8647=CARTESIAN_POINT('Ctrl Pts',(60.1327864847021,46.7641264250181,3.));
#8648=CARTESIAN_POINT('',(60.1192809633843,46.7561481245571,2.64161512340922));
#8649=CARTESIAN_POINT('Ctrl Pts',(60.1701672201905,46.8268754912793,2.63812298495598));
#8650=CARTESIAN_POINT('Ctrl Pts',(60.1581370819121,46.8177456281078,2.6387795809674));
#8651=CARTESIAN_POINT('Ctrl Pts',(60.1339486093734,46.7993886117964,2.64009976983172));
#8652=CARTESIAN_POINT('Ctrl Pts',(60.1241874230833,46.770612457018,2.64110822398833));
#8653=CARTESIAN_POINT('Ctrl Pts',(60.1192809633843,46.7561481245571,2.64161512340922));
#8654=CARTESIAN_POINT('',(60.1832831788799,46.79395702459,4.3399891115196));
#8655=CARTESIAN_POINT('Ctrl Pts',(60.1832831788799,46.79395702459,4.3399891115196));
#8656=CARTESIAN_POINT('Ctrl Pts',(60.1192809633843,46.7561481245571,2.64161512340922));
#8657=CARTESIAN_POINT('Ctrl Pts',(60.1566570802724,46.6817595426309,4.34349022065213));
#8658=CARTESIAN_POINT('Ctrl Pts',(60.0926548647768,46.6439506425979,2.64511623254176));
#8659=CARTESIAN_POINT('Ctrl Pts',(60.0520935199016,46.2411479325249,4.35723945374637));
#8660=CARTESIAN_POINT('Ctrl Pts',(59.988091304406,46.2033390324919,2.65886546563599));
#8661=CARTESIAN_POINT('Ctrl Pts',(59.9487447698627,45.8002482827308,4.3709493197228));
#8662=CARTESIAN_POINT('Ctrl Pts',(59.884742554367,45.7624393826978,2.67257533161242));
#8663=CARTESIAN_POINT('Ctrl Pts',(59.871712778738,45.4716194614146,4.38116810102222));
#8664=CARTESIAN_POINT('Ctrl Pts',(59.8077105632424,45.4338105613816,2.68279411291184));
#8665=CARTESIAN_POINT('',(59.8196642787868,45.4408721424932,3.));
#8666=CARTESIAN_POINT('Ctrl Pts',(60.1327864847021,46.7641264250181,3.));
#8667=CARTESIAN_POINT('Ctrl Pts',(60.1048207527175,46.6467835673728,3.));
#8668=CARTESIAN_POINT('Ctrl Pts',(60.0799308759822,46.5423554939774,3.00000006319207));
#8669=CARTESIAN_POINT('Ctrl Pts',(60.0525912466094,46.4272815374513,3.00000007521012));
#8670=CARTESIAN_POINT('Ctrl Pts',(60.0297616533347,46.3311905631302,3.00000008524564));
#8671=CARTESIAN_POINT('Ctrl Pts',(60.0052257203354,46.2276759247881,3.));
#8672=CARTESIAN_POINT('Ctrl Pts',(59.9757584837197,46.1030210058607,3.));
#8673=CARTESIAN_POINT('Ctrl Pts',(59.9235908565231,45.8823368805165,3.));
#8674=CARTESIAN_POINT('Ctrl Pts',(59.8716275676574,45.6616045115153,3.));
#8675=CARTESIAN_POINT('Ctrl Pts',(59.8196642787868,45.4408721424932,3.));
#8676=CARTESIAN_POINT('',(59.8077105632424,45.4338105613816,2.68279411291184));
#8677=CARTESIAN_POINT('Ctrl Pts',(60.1192809633843,46.7561481245571,2.64161512340922));
#8678=CARTESIAN_POINT('Ctrl Pts',(60.0926548647768,46.6439506425979,2.64511623254176));
#8679=CARTESIAN_POINT('Ctrl Pts',(59.988091304406,46.2033390324919,2.65886546563599));
#8680=CARTESIAN_POINT('Ctrl Pts',(59.884742554367,45.7624393826978,2.67257533161242));
#8681=CARTESIAN_POINT('Ctrl Pts',(59.8077105632424,45.4338105613816,2.68279411291184));
#8682=CARTESIAN_POINT('',(59.871712778738,45.4716194614146,4.38116810102222));
#8683=CARTESIAN_POINT('Ctrl Pts',(59.871712778738,45.4716194614146,4.38116810102222));
#8684=CARTESIAN_POINT('Ctrl Pts',(59.8077105632424,45.4338105613816,2.68279411291184));
#8685=CARTESIAN_POINT('Ctrl Pts',(59.8707425104758,45.4688457042722,4.38126641389446));
#8686=CARTESIAN_POINT('Ctrl Pts',(59.8067402949802,45.4310368042392,2.68289242578409));
#8687=CARTESIAN_POINT('Ctrl Pts',(59.8686268730216,45.462797619708,4.38148078182019));
#8688=CARTESIAN_POINT('Ctrl Pts',(59.8046246575259,45.424988719675,2.68310679370981));
#8689=CARTESIAN_POINT('Ctrl Pts',(59.864305411781,45.4580505072451,4.38174931289598));
#8690=CARTESIAN_POINT('Ctrl Pts',(59.8003031962853,45.4202416072121,2.68337532478561));
#8691=CARTESIAN_POINT('Ctrl Pts',(59.8619658480906,45.4554805034122,4.38189469093357));
#8692=CARTESIAN_POINT('Ctrl Pts',(59.797963632595,45.4176716033792,2.68352070282319));
#8693=CARTESIAN_POINT('',(59.8098899670299,45.4247170092752,3.));
#8694=CARTESIAN_POINT('Ctrl Pts',(59.8196642787868,45.4408721424931,3.));
#8695=CARTESIAN_POINT('Ctrl Pts',(59.8189551674885,45.4388510862065,3.));
#8696=CARTESIAN_POINT('Ctrl Pts',(59.8183282052169,45.4370879416624,3.0000001697215));
#8697=CARTESIAN_POINT('Ctrl Pts',(59.8175827966154,45.4354103728908,3.000000146603));
#8698=CARTESIAN_POINT('Ctrl Pts',(59.8171916166585,45.4345300083787,3.00000013447074));
#8699=CARTESIAN_POINT('Ctrl Pts',(59.8167692195545,45.4336723839804,3.00000003478002));
#8700=CARTESIAN_POINT('Ctrl Pts',(59.816277979529,45.4328176851659,3.00000000714775));
#8701=CARTESIAN_POINT('Ctrl Pts',(59.8161494062161,45.432593982999,2.99999999991549));
#8702=CARTESIAN_POINT('Ctrl Pts',(59.81601601996,45.4323705384236,3.));
#8703=CARTESIAN_POINT('Ctrl Pts',(59.8158775641166,45.4321467496571,3.));
#8704=CARTESIAN_POINT('Ctrl Pts',(59.8142215483582,45.4294701004462,3.));
#8705=CARTESIAN_POINT('Ctrl Pts',(59.8120557577137,45.4270935548823,3.));
#8706=CARTESIAN_POINT('Ctrl Pts',(59.8098899670299,45.4247170092752,3.));
#8707=CARTESIAN_POINT('',(59.797963632595,45.4176716033792,2.68352070282319));
#8708=CARTESIAN_POINT('Ctrl Pts',(59.8077105632424,45.4338105613816,2.68279411291184));
#8709=CARTESIAN_POINT('Ctrl Pts',(59.8067402949802,45.4310368042392,2.68289242578409));
#8710=CARTESIAN_POINT('Ctrl Pts',(59.804624657526,45.424988719675,2.68310679370981));
#8711=CARTESIAN_POINT('Ctrl Pts',(59.8003031962854,45.4202416072121,2.68337532478561));
#8712=CARTESIAN_POINT('Ctrl Pts',(59.797963632595,45.4176716033792,2.68352070282319));
#8713=CARTESIAN_POINT('',(59.8619658480906,45.4554805034122,4.38189469093357));
#8714=CARTESIAN_POINT('Ctrl Pts',(59.8619658480906,45.4554805034122,4.38189469093357));
#8715=CARTESIAN_POINT('Ctrl Pts',(59.797963632595,45.4176716033792,2.68352070282319));
#8716=CARTESIAN_POINT('Ctrl Pts',(59.8585201860651,45.4525143153229,4.38209057141382));
#8717=CARTESIAN_POINT('Ctrl Pts',(59.7945179705695,45.4147054152899,2.68371658330344));
#8718=CARTESIAN_POINT('Ctrl Pts',(59.8516480090578,45.4465984218209,4.38248124389492));
#8719=CARTESIAN_POINT('Ctrl Pts',(59.7876457935622,45.4087895217879,2.68410725578454));
#8720=CARTESIAN_POINT('Ctrl Pts',(59.8426330902621,45.4456232761929,4.38284267427674));
#8721=CARTESIAN_POINT('Ctrl Pts',(59.7786308747665,45.4078143761599,2.68446868616636));
#8722=CARTESIAN_POINT('Ctrl Pts',(59.8381381894061,45.445137061839,4.38302288596466));
#8723=CARTESIAN_POINT('Ctrl Pts',(59.7741359739105,45.407328161806,2.68464889785429));
#8724=CARTESIAN_POINT('',(59.7860197929854,45.4143484520246,3.));
#8725=CARTESIAN_POINT('Ctrl Pts',(59.8098899670299,45.4247170092752,3.));
#8726=CARTESIAN_POINT('Ctrl Pts',(59.8064465128038,45.421754710033,3.));
#8727=CARTESIAN_POINT('Ctrl Pts',(59.8030030710025,45.4187924214795,3.));
#8728=CARTESIAN_POINT('Ctrl Pts',(59.7990257013858,45.4170620432273,3.));
#8729=CARTESIAN_POINT('Ctrl Pts',(59.7950482665972,45.4153316366216,3.));
#8730=CARTESIAN_POINT('Ctrl Pts',(59.7905588856541,45.414842751082,3.));
#8731=CARTESIAN_POINT('Ctrl Pts',(59.7860197929854,45.4143484520246,3.));
#8732=CARTESIAN_POINT('',(59.7741359739105,45.407328161806,2.68464889785429));
#8733=CARTESIAN_POINT('Ctrl Pts',(59.797963632595,45.4176716033792,2.68352070282319));
#8734=CARTESIAN_POINT('Ctrl Pts',(59.7945179705695,45.4147054152899,2.68371658330344));
#8735=CARTESIAN_POINT('Ctrl Pts',(59.7876457935622,45.4087895217879,2.68410725578454));
#8736=CARTESIAN_POINT('Ctrl Pts',(59.7786308747665,45.4078143761599,2.68446868616637));
#8737=CARTESIAN_POINT('Ctrl Pts',(59.7741359739105,45.407328161806,2.68464889785429));
#8738=CARTESIAN_POINT('',(59.8381381894061,45.445137061839,4.38302288596466));
#8739=CARTESIAN_POINT('Ctrl Pts',(59.8381381894061,45.445137061839,4.38302288596466));
#8740=CARTESIAN_POINT('Ctrl Pts',(59.7741359739105,45.407328161806,2.68464889785429));
#8741=CARTESIAN_POINT('Ctrl Pts',(59.8336306286306,45.4454931478033,4.38318482359408));
#8742=CARTESIAN_POINT('Ctrl Pts',(59.7696284131349,45.4076842477703,2.6848108354837));
#8743=CARTESIAN_POINT('Ctrl Pts',(59.8245901952788,45.4462073193004,4.38350960819904));
#8744=CARTESIAN_POINT('Ctrl Pts',(59.7605879797832,45.4083984192674,2.68513562008866));
#8745=CARTESIAN_POINT('Ctrl Pts',(59.8175401637263,45.4519213285814,4.38364808019321));
#8746=CARTESIAN_POINT('Ctrl Pts',(59.7535379482306,45.4141124285484,2.68527409208284));
#8747=CARTESIAN_POINT('Ctrl Pts',(59.8140052784567,45.4547863323884,4.38371751004027));
#8748=CARTESIAN_POINT('Ctrl Pts',(59.7500030629611,45.4169774323554,2.68534352192989));
#8749=CARTESIAN_POINT('',(59.7618607055401,45.4239822589763,3.));
#8750=CARTESIAN_POINT('Ctrl Pts',(59.7860197929854,45.4143484520246,3.));
#8751=CARTESIAN_POINT('Ctrl Pts',(59.7814684648613,45.4147038742832,3.));
#8752=CARTESIAN_POINT('Ctrl Pts',(59.7769671936491,45.4150553874981,3.));
#8753=CARTESIAN_POINT('Ctrl Pts',(59.77294154543,45.4166633710795,3.));
#8754=CARTESIAN_POINT('Ctrl Pts',(59.768915957491,45.418271330583,3.));
#8755=CARTESIAN_POINT('Ctrl Pts',(59.76538833228,45.4211267941608,3.));
#8756=CARTESIAN_POINT('Ctrl Pts',(59.7618607055401,45.4239822589763,3.));
#8757=CARTESIAN_POINT('',(59.7500030629611,45.4169774323554,2.68534352192989));
#8758=CARTESIAN_POINT('Ctrl Pts',(59.7741359739105,45.407328161806,2.68464889785429));
#8759=CARTESIAN_POINT('Ctrl Pts',(59.7696284131349,45.4076842477703,2.6848108354837));
#8760=CARTESIAN_POINT('Ctrl Pts',(59.7605879797832,45.4083984192674,2.68513562008866));
#8761=CARTESIAN_POINT('Ctrl Pts',(59.7535379482307,45.4141124285484,2.68527409208284));
#8762=CARTESIAN_POINT('Ctrl Pts',(59.7500030629611,45.4169774323554,2.6853435219299));
#8763=CARTESIAN_POINT('',(59.8140052784567,45.4547863323884,4.38371751004027));
#8764=CARTESIAN_POINT('Ctrl Pts',(59.8140052784567,45.4547863323884,4.38371751004027));
#8765=CARTESIAN_POINT('Ctrl Pts',(59.7500030629611,45.4169774323554,2.68534352192989));
#8766=CARTESIAN_POINT('Ctrl Pts',(59.8116303396857,45.4576170137372,4.3837439920726));
#8767=CARTESIAN_POINT('Ctrl Pts',(59.7476281241901,45.4198081137042,2.68537000396223));
#8768=CARTESIAN_POINT('Ctrl Pts',(59.8068005649085,45.4633736056745,4.38379784704073));
#8769=CARTESIAN_POINT('Ctrl Pts',(59.7427983494129,45.4255647056415,2.68542385893035));
#8770=CARTESIAN_POINT('Ctrl Pts',(59.8060747894167,45.4708590171985,4.3836585585576));
#8771=CARTESIAN_POINT('Ctrl Pts',(59.7420725739211,45.4330501171655,2.68528457044722));
#8772=CARTESIAN_POINT('Ctrl Pts',(59.8057058985488,45.4746636372022,4.38358776221628));
#8773=CARTESIAN_POINT('Ctrl Pts',(59.7417036830531,45.4368547371692,2.6852137741059));
#8774=CARTESIAN_POINT('',(59.7535662151019,45.4438624522131,3.));
#8775=CARTESIAN_POINT('Ctrl Pts',(59.7618607055401,45.4239822589763,3.));
#8776=CARTESIAN_POINT('Ctrl Pts',(59.7600831212704,45.4260996245691,3.));
#8777=CARTESIAN_POINT('Ctrl Pts',(59.7583859437666,45.4281287711791,2.99999977941806));
#8778=CARTESIAN_POINT('Ctrl Pts',(59.7570564926496,45.4303227377685,2.99999987170997));
#8779=CARTESIAN_POINT('Ctrl Pts',(59.7565548368816,45.4311506102495,2.99999990653545));
#8780=CARTESIAN_POINT('Ctrl Pts',(59.7561053791607,45.4320018829473,2.99999999348638));
#8781=CARTESIAN_POINT('Ctrl Pts',(59.7557269903531,45.4328915976121,2.99999999962329));
#8782=CARTESIAN_POINT('Ctrl Pts',(59.7557037582891,45.4329462237205,3.00000000000008));
#8783=CARTESIAN_POINT('Ctrl Pts',(59.7556807956636,45.4330009953875,3.));
#8784=CARTESIAN_POINT('Ctrl Pts',(59.7556580981808,45.433055912445,3.));
#8785=CARTESIAN_POINT('Ctrl Pts',(59.7542867415997,45.436373939772,3.));
#8786=CARTESIAN_POINT('Ctrl Pts',(59.7539264790146,45.4401181890937,3.));
#8787=CARTESIAN_POINT('Ctrl Pts',(59.7535662151019,45.4438624522131,3.));
#8788=CARTESIAN_POINT('',(59.7417036830531,45.4368547371692,2.6852137741059));
#8789=CARTESIAN_POINT('Ctrl Pts',(59.7500030629611,45.4169774323554,2.6853435219299));
#8790=CARTESIAN_POINT('Ctrl Pts',(59.7476281241901,45.4198081137042,2.68537000396223));
#8791=CARTESIAN_POINT('Ctrl Pts',(59.7427983494129,45.4255647056415,2.68542385893035));
#8792=CARTESIAN_POINT('Ctrl Pts',(59.7420725739211,45.4330501171655,2.68528457044722));
#8793=CARTESIAN_POINT('Ctrl Pts',(59.7417036830531,45.4368547371692,2.6852137741059));
#8794=CARTESIAN_POINT('',(59.8057058985488,45.4746636372022,4.38358776221628));
#8795=CARTESIAN_POINT('Ctrl Pts',(59.8057058985488,45.4746636372022,4.38358776221628));
#8796=CARTESIAN_POINT('Ctrl Pts',(59.7417036830531,45.4368547371692,2.6852137741059));
#8797=CARTESIAN_POINT('Ctrl Pts',(59.7190626072402,45.7995614702897,4.37962004536608));
#8798=CARTESIAN_POINT('Ctrl Pts',(59.6550603917446,45.7617525702567,2.6812460572557));
#8799=CARTESIAN_POINT('Ctrl Pts',(59.6027049565873,46.2358831749404,4.37429159807175));
#8800=CARTESIAN_POINT('Ctrl Pts',(59.5387027410917,46.1980742749074,2.67591760996137));
#8801=CARTESIAN_POINT('Ctrl Pts',(59.4857507794634,46.6720456075962,4.3689891762082));
#8802=CARTESIAN_POINT('Ctrl Pts',(59.4217485639678,46.6342367075632,2.67061518809783));
#8803=CARTESIAN_POINT('Ctrl Pts',(59.4558840846102,46.7834288057248,4.36763509190206));
#8804=CARTESIAN_POINT('Ctrl Pts',(59.3918818691146,46.7456199056918,2.66926110379168));
#8805=CARTESIAN_POINT('',(59.4043455680738,46.7529827562484,3.));
#8806=CARTESIAN_POINT('Ctrl Pts',(59.7535662151019,45.4438624522131,3.));
#8807=CARTESIAN_POINT('Ctrl Pts',(59.6954929312888,45.6620632954406,3.));
#8808=CARTESIAN_POINT('Ctrl Pts',(59.6374196474583,45.8802641387333,3.));
#8809=CARTESIAN_POINT('Ctrl Pts',(59.5792460874414,46.0984381550811,3.));
#8810=CARTESIAN_POINT('Ctrl Pts',(59.546429028938,46.2215151931086,3.));
#8811=CARTESIAN_POINT('Ctrl Pts',(59.5191297370441,46.3237753536455,2.99999994393778));
#8812=CARTESIAN_POINT('Ctrl Pts',(59.4937536011643,46.418732303014,2.99999995057595));
#8813=CARTESIAN_POINT('Ctrl Pts',(59.4632497856406,46.5328769182519,2.99999995855547));
#8814=CARTESIAN_POINT('Ctrl Pts',(59.435526172968,46.6364689980953,3.));
#8815=CARTESIAN_POINT('Ctrl Pts',(59.4043455680738,46.7529827562484,3.));
#8816=CARTESIAN_POINT('',(59.3918818691146,46.7456199056918,2.66926110379168));
#8817=CARTESIAN_POINT('Ctrl Pts',(59.7417036830531,45.4368547371692,2.6852137741059));
#8818=CARTESIAN_POINT('Ctrl Pts',(59.6550603917446,45.7617525702567,2.6812460572557));
#8819=CARTESIAN_POINT('Ctrl Pts',(59.5387027410917,46.1980742749074,2.67591760996137));
#8820=CARTESIAN_POINT('Ctrl Pts',(59.4217485639678,46.6342367075632,2.67061518809783));
#8821=CARTESIAN_POINT('Ctrl Pts',(59.3918818691146,46.7456199056918,2.66926110379168));
#8822=CARTESIAN_POINT('',(59.4558840846102,46.7834288057248,4.36763509190206));
#8823=CARTESIAN_POINT('Ctrl Pts',(59.4558840846102,46.7834288057248,4.36763509190206));
#8824=CARTESIAN_POINT('Ctrl Pts',(59.3918818691146,46.7456199056918,2.66926110379168));
#8825=CARTESIAN_POINT('Ctrl Pts',(59.4504609033027,46.7977643553024,4.36752032581194));
#8826=CARTESIAN_POINT('Ctrl Pts',(59.3864586878071,46.7599554552694,2.66914633770156));
#8827=CARTESIAN_POINT('Ctrl Pts',(59.4396165685165,46.8264300941278,4.36729083654487));
#8828=CARTESIAN_POINT('Ctrl Pts',(59.3756143530208,46.7886211940948,2.6689168484345));
#8829=CARTESIAN_POINT('Ctrl Pts',(59.4144423042879,46.8439029116823,4.36785053698691));
#8830=CARTESIAN_POINT('Ctrl Pts',(59.3504400887923,46.8060940116493,2.66947654887653));
#8831=CARTESIAN_POINT('Ctrl Pts',(59.4018575258956,46.8526376868009,4.36813033487753));
#8832=CARTESIAN_POINT('Ctrl Pts',(59.3378553103999,46.814828786768,2.66975634676716));
#8833=CARTESIAN_POINT('',(59.3503003464216,46.8221806123135,3.));
#8834=CARTESIAN_POINT('Ctrl Pts',(59.4043455680738,46.7529827562484,3.));
#8835=CARTESIAN_POINT('Ctrl Pts',(59.3989277260212,46.7673181767594,3.));
#8836=CARTESIAN_POINT('Ctrl Pts',(59.3935098839686,46.7816535972704,3.));
#8837=CARTESIAN_POINT('Ctrl Pts',(59.3845027981862,46.7931869211904,3.));
#8838=CARTESIAN_POINT('Ctrl Pts',(59.3754957075925,46.8047202512711,3.));
#8839=CARTESIAN_POINT('Ctrl Pts',(59.3629027402703,46.8134471655054,3.));
#8840=CARTESIAN_POINT('Ctrl Pts',(59.3503003464216,46.8221806123135,3.));
#8841=CARTESIAN_POINT('',(59.3378553103999,46.814828786768,2.66975634676716));
#8842=CARTESIAN_POINT('Ctrl Pts',(59.3918818691146,46.7456199056918,2.66926110379168));
#8843=CARTESIAN_POINT('Ctrl Pts',(59.3864586878071,46.7599554552694,2.66914633770156));
#8844=CARTESIAN_POINT('Ctrl Pts',(59.3756143530208,46.7886211940948,2.6689168484345));
#8845=CARTESIAN_POINT('Ctrl Pts',(59.3504400887923,46.8060940116493,2.66947654887653));
#8846=CARTESIAN_POINT('Ctrl Pts',(59.3378553103999,46.814828786768,2.66975634676716));
#8847=CARTESIAN_POINT('',(59.4018575258956,46.8526376868009,4.36813033487753));
#8848=CARTESIAN_POINT('Ctrl Pts',(59.4018575258956,46.8526376868009,4.36813033487753));
#8849=CARTESIAN_POINT('Ctrl Pts',(59.3378553103999,46.814828786768,2.66975634676716));
#8850=CARTESIAN_POINT('Ctrl Pts',(59.3880839927554,46.8590448317772,4.36850674757388));
#8851=CARTESIAN_POINT('Ctrl Pts',(59.3240817772598,46.8212359317442,2.6701327594635));
#8852=CARTESIAN_POINT('Ctrl Pts',(59.3609265824895,46.8716778623135,4.36924892417591));
#8853=CARTESIAN_POINT('Ctrl Pts',(59.2969243669938,46.8338689622805,2.67087493606554));
#8854=CARTESIAN_POINT('Ctrl Pts',(59.3313097703297,46.8674749158232,4.3704585814082));
#8855=CARTESIAN_POINT('Ctrl Pts',(59.2673075548341,46.8296660157902,2.67208459329782));
#8856=CARTESIAN_POINT('Ctrl Pts',(59.3167138360738,46.8654035946317,4.37105473191013));
#8857=CARTESIAN_POINT('Ctrl Pts',(59.2527116205781,46.8275946945987,2.67268074379975));
#8858=CARTESIAN_POINT('',(59.2650464524337,46.8348814177369,3.));
#8859=CARTESIAN_POINT('Ctrl Pts',(59.3503003464216,46.8221806123135,3.));
#8860=CARTESIAN_POINT('Ctrl Pts',(59.3367076625091,46.8284888639445,3.));
#8861=CARTESIAN_POINT('Ctrl Pts',(59.3231150207302,46.8347970960218,3.));
#8862=CARTESIAN_POINT('Ctrl Pts',(59.3089118662223,46.8369533396354,3.));
#8863=CARTESIAN_POINT('Ctrl Pts',(59.3087079711099,46.8369842938529,3.));
#8864=CARTESIAN_POINT('Ctrl Pts',(59.3085040306763,46.8370143801959,2.99999999999986));
#8865=CARTESIAN_POINT('Ctrl Pts',(59.3083000400175,46.8370435889098,3.0000000006069));
#8866=CARTESIAN_POINT('Ctrl Pts',(59.3027683734786,46.837835649027,3.0000000170681));
#8867=CARTESIAN_POINT('Ctrl Pts',(59.2972006107065,46.8379880764159,3.00000032096952));
#8868=CARTESIAN_POINT('Ctrl Pts',(59.2915657712727,46.8377637344053,3.00000032268677));
#8869=CARTESIAN_POINT('Ctrl Pts',(59.2839814980642,46.8374617788447,3.00000032499811));
#8870=CARTESIAN_POINT('Ctrl Pts',(59.2762744177387,46.8364684308446,3.00000002513352));
#8871=CARTESIAN_POINT('Ctrl Pts',(59.2683583731571,46.8353519739572,3.00000000321856));
#8872=CARTESIAN_POINT('Ctrl Pts',(59.2672584901508,46.8351968495204,3.00000000017362));
#8873=CARTESIAN_POINT('Ctrl Pts',(59.266154586151,46.8350394382699,3.));
#8874=CARTESIAN_POINT('Ctrl Pts',(59.2650464524337,46.8348814177369,3.));
#8875=CARTESIAN_POINT('',(59.2527116205781,46.8275946945987,2.67268074379975));
#8876=CARTESIAN_POINT('Ctrl Pts',(59.3378553103999,46.814828786768,2.66975634676716));
#8877=CARTESIAN_POINT('Ctrl Pts',(59.3240817772598,46.8212359317442,2.6701327594635));
#8878=CARTESIAN_POINT('Ctrl Pts',(59.2969243669938,46.8338689622805,2.67087493606554));
#8879=CARTESIAN_POINT('Ctrl Pts',(59.2673075548341,46.8296660157902,2.67208459329782));
#8880=CARTESIAN_POINT('Ctrl Pts',(59.2527116205781,46.8275946945987,2.67268074379975));
#8881=CARTESIAN_POINT('',(59.3167138360738,46.8654035946317,4.37105473191013));
#8882=CARTESIAN_POINT('Ctrl Pts',(59.3167138360738,46.8654035946317,4.37105473191013));
#8883=CARTESIAN_POINT('Ctrl Pts',(59.2527116205781,46.8275946945987,2.67268074379975));
#8884=CARTESIAN_POINT('Ctrl Pts',(59.3029468602827,46.8599967597692,4.37169389821726));
#8885=CARTESIAN_POINT('Ctrl Pts',(59.238944644787,46.8221878597363,2.67331991010688));
#8886=CARTESIAN_POINT('Ctrl Pts',(59.2752383058778,46.8491145166233,4.37298033720457));
#8887=CARTESIAN_POINT('Ctrl Pts',(59.2112360903822,46.8113056165903,2.67460634909419));
#8888=CARTESIAN_POINT('Ctrl Pts',(59.2581584190323,46.8247150874773,4.37416715835826));
#8889=CARTESIAN_POINT('Ctrl Pts',(59.1941562035367,46.7869061874443,2.67579317024788));
#8890=CARTESIAN_POINT('Ctrl Pts',(59.2495646619675,46.8124384975621,4.37476430825547));
#8891=CARTESIAN_POINT('Ctrl Pts',(59.1855624464719,46.7746295975291,2.67639032014509));
#8892=CARTESIAN_POINT('',(59.1977574851451,46.7818337387377,3.));
#8893=CARTESIAN_POINT('Ctrl Pts',(59.2650464524337,46.8348814177369,3.));
#8894=CARTESIAN_POINT('Ctrl Pts',(59.2560714107087,46.8313534607869,3.));
#8895=CARTESIAN_POINT('Ctrl Pts',(59.2472390277728,46.827875038268,2.99999996316711));
#8896=CARTESIAN_POINT('Ctrl Pts',(59.2391050133971,46.8235178274654,2.99999996909588));
#8897=CARTESIAN_POINT('Ctrl Pts',(59.2345877373017,46.8210980230132,2.99999997238846));
#8898=CARTESIAN_POINT('Ctrl Pts',(59.2302847368318,46.8184086009659,2.99999999932597));
#8899=CARTESIAN_POINT('Ctrl Pts',(59.2262979766011,46.8152819315299,2.99999999998825));
#8900=CARTESIAN_POINT('Ctrl Pts',(59.2262272294376,46.8152264471313,3.));
#8901=CARTESIAN_POINT('Ctrl Pts',(59.2261565822303,46.8151708245702,3.));
#8902=CARTESIAN_POINT('Ctrl Pts',(59.2260860342656,46.8151150645418,3.));
#8903=CARTESIAN_POINT('Ctrl Pts',(59.214882183962,46.8062597132363,3.));
#8904=CARTESIAN_POINT('Ctrl Pts',(59.2063198345536,46.794046725987,3.));
#8905=CARTESIAN_POINT('Ctrl Pts',(59.1977574851451,46.7818337387377,3.));
#8906=CARTESIAN_POINT('',(59.1855624464719,46.7746295975291,2.67639032014509));
#8907=CARTESIAN_POINT('Ctrl Pts',(59.2527116205781,46.8275946945987,2.67268074379975));
#8908=CARTESIAN_POINT('Ctrl Pts',(59.238944644787,46.8221878597363,2.67331991010688));
#8909=CARTESIAN_POINT('Ctrl Pts',(59.2112360903822,46.8113056165903,2.67460634909419));
#8910=CARTESIAN_POINT('Ctrl Pts',(59.1941562035367,46.7869061874443,2.67579317024788));
#8911=CARTESIAN_POINT('Ctrl Pts',(59.1855624464719,46.7746295975291,2.67639032014509));
#8912=CARTESIAN_POINT('',(59.2495646619675,46.8124384975621,4.37476430825547));
#8913=CARTESIAN_POINT('Ctrl Pts',(59.2495646619675,46.8124384975621,4.37476430825547));
#8914=CARTESIAN_POINT('Ctrl Pts',(59.1855624464719,46.7746295975291,2.67639032014509));
#8915=CARTESIAN_POINT('Ctrl Pts',(59.2346497432093,46.7605623670054,4.37648122531802));
#8916=CARTESIAN_POINT('Ctrl Pts',(59.1706475277137,46.7227534669724,2.67810723720765));
#8917=CARTESIAN_POINT('Ctrl Pts',(59.181197558651,46.5746483469805,4.38263432405));
#8918=CARTESIAN_POINT('Ctrl Pts',(59.1171953431553,46.5368394469475,2.68426033593962));
#8919=CARTESIAN_POINT('Ctrl Pts',(59.1394010738882,46.3857038155798,4.38841564936056));
#8920=CARTESIAN_POINT('Ctrl Pts',(59.0753988583926,46.3478949155468,2.69004166125018));
#8921=CARTESIAN_POINT('Ctrl Pts',(59.1092671840179,46.2494810271526,4.39258379462928));
#8922=CARTESIAN_POINT('Ctrl Pts',(59.0452649685223,46.2116721271196,2.6942098065189));
#8923=CARTESIAN_POINT('',(59.0567884904301,46.2184795740879,3.));
#8924=CARTESIAN_POINT('Ctrl Pts',(59.1977574851451,46.7818337387377,3.));
#8925=CARTESIAN_POINT('Ctrl Pts',(59.1890489741974,46.7516529522904,3.));
#8926=CARTESIAN_POINT('Ctrl Pts',(59.1810126794836,46.7237830685786,2.99999983927234));
#8927=CARTESIAN_POINT('Ctrl Pts',(59.1731963927007,46.6961504555136,2.9999999196144));
#8928=CARTESIAN_POINT('Ctrl Pts',(59.1672950636655,46.6752877177033,2.99999998027299));
#8929=CARTESIAN_POINT('Ctrl Pts',(59.161514919389,46.654561330522,3.00000031316308));
#8930=CARTESIAN_POINT('Ctrl Pts',(59.1556810114527,46.6330737379539,3.00000046377131));
#8931=CARTESIAN_POINT('Ctrl Pts',(59.155030435056,46.6306775190386,3.0000004805666));
#8932=CARTESIAN_POINT('Ctrl Pts',(59.1543792436032,46.6282718199226,3.0000004933872));
#8933=CARTESIAN_POINT('Ctrl Pts',(59.1537272409328,46.6258553837889,3.00000050012094));
#8934=CARTESIAN_POINT('Ctrl Pts',(59.1470106726591,46.6009626049597,3.00000056948824));
#8935=CARTESIAN_POINT('Ctrl Pts',(59.1402029097669,46.5749317449757,3.00000015585993));
#8936=CARTESIAN_POINT('Ctrl Pts',(59.1329921738808,46.5464141769704,3.0000000549398));
#8937=CARTESIAN_POINT('Ctrl Pts',(59.129386496283,46.5321541683212,3.0000000044754));
#8938=CARTESIAN_POINT('Ctrl Pts',(59.1256810676989,46.5172721133836,3.));
#8939=CARTESIAN_POINT('Ctrl Pts',(59.1218413264374,46.5015982409798,3.));
#8940=CARTESIAN_POINT('Ctrl Pts',(59.0988077279177,46.4075748004396,3.));
#8941=CARTESIAN_POINT('Ctrl Pts',(59.077798109174,46.3130271872645,3.));
#8942=CARTESIAN_POINT('Ctrl Pts',(59.0567884904301,46.2184795740879,3.));
#8943=CARTESIAN_POINT('',(59.0452649685223,46.2116721271196,2.6942098065189));
#8944=CARTESIAN_POINT('Ctrl Pts',(59.1855624464719,46.7746295975291,2.67639032014509));
#8945=CARTESIAN_POINT('Ctrl Pts',(59.1706475277137,46.7227534669724,2.67810723720765));
#8946=CARTESIAN_POINT('Ctrl Pts',(59.1171953431553,46.5368394469475,2.68426033593963));
#8947=CARTESIAN_POINT('Ctrl Pts',(59.0753988583926,46.3478949155468,2.69004166125018));
#8948=CARTESIAN_POINT('Ctrl Pts',(59.0452649685223,46.2116721271196,2.69420980651891));
#8949=CARTESIAN_POINT('',(59.1092671840179,46.2494810271526,4.39258379462928));
#8950=CARTESIAN_POINT('Origin',(60.6379889488331,46.8605306234101,4.32137174488561));
#8951=CARTESIAN_POINT('',(60.5881938390646,46.831114480347,3.));
#8952=CARTESIAN_POINT('',(61.362557003327,43.9055837601367,3.));
#8953=CARTESIAN_POINT('',(60.5739867333375,46.8227217233771,2.62299775677524));
#8954=CARTESIAN_POINT('',(60.6379889488331,46.8605306234101,4.32137174488561));
#8955=CARTESIAN_POINT('',(60.5739867333375,46.8227217233771,2.62299775677524));
#8956=CARTESIAN_POINT('Ctrl Pts',(60.5945245554387,46.9578885997849,4.32084230877198));
#8957=CARTESIAN_POINT('Ctrl Pts',(60.5305223399431,46.9200796997519,2.62246832066161));
#8958=CARTESIAN_POINT('Ctrl Pts',(60.6034694468017,46.9420849265727,4.32085704441691));
#8959=CARTESIAN_POINT('Ctrl Pts',(60.5394672313061,46.9042760265397,2.62248305630653));
#8960=CARTESIAN_POINT('Ctrl Pts',(60.621057215279,46.9110111734922,4.32088601817419));
#8961=CARTESIAN_POINT('Ctrl Pts',(60.5570549997834,46.8732022734592,2.62251203006381));
#8962=CARTESIAN_POINT('Ctrl Pts',(60.6324100204789,46.8771637325532,4.32121170016756));
#8963=CARTESIAN_POINT('Ctrl Pts',(60.5684078049833,46.8393548325203,2.62283771205719));
#8964=CARTESIAN_POINT('Ctrl Pts',(60.6379889488331,46.8605306234101,4.32137174488561));
#8965=CARTESIAN_POINT('Ctrl Pts',(60.5739867333375,46.8227217233771,2.62299775677524));
#8966=CARTESIAN_POINT('',(60.5447493971558,46.9284842429346,3.));
#8967=CARTESIAN_POINT('Ctrl Pts',(60.5447493971558,46.9284842429346,3.));
#8968=CARTESIAN_POINT('Ctrl Pts',(60.5535427352088,46.9129470443427,3.));
#8969=CARTESIAN_POINT('Ctrl Pts',(60.5623360732618,46.8974098457509,3.));
#8970=CARTESIAN_POINT('Ctrl Pts',(60.5695942370715,46.8811893081235,3.));
#8971=CARTESIAN_POINT('Ctrl Pts',(60.5697189420154,46.8809106176326,3.));
#8972=CARTESIAN_POINT('Ctrl Pts',(60.5698431238619,46.8806318816828,2.99999999999979));
#8973=CARTESIAN_POINT('Ctrl Pts',(60.569966779886,46.8803530895801,3.00000000064345));
#8974=CARTESIAN_POINT('Ctrl Pts',(60.5733004389495,46.8728370965108,3.00000001799583));
#8975=CARTESIAN_POINT('Ctrl Pts',(60.5762566005358,46.8652823682216,3.0000002811868));
#8976=CARTESIAN_POINT('Ctrl Pts',(60.5790588648644,46.8576025938438,3.00000022843977));
#8977=CARTESIAN_POINT('Ctrl Pts',(60.582205978842,46.848977738207,3.00000016920162));
#8978=CARTESIAN_POINT('Ctrl Pts',(60.5851529245502,46.8401924690411,3.));
#8979=CARTESIAN_POINT('Ctrl Pts',(60.5881938390646,46.831114480347,3.));
#8980=CARTESIAN_POINT('',(60.5305223399431,46.9200796997519,2.62246832066161));
#8981=CARTESIAN_POINT('',(60.5945245554387,46.9578885997849,4.32084230877198));
#8982=CARTESIAN_POINT('Ctrl Pts',(60.5305223399431,46.9200796997519,2.62246832066161));
#8983=CARTESIAN_POINT('Ctrl Pts',(60.5394672313061,46.9042760265397,2.62248305630653));
#8984=CARTESIAN_POINT('Ctrl Pts',(60.5570549997834,46.8732022734592,2.62251203006381));
#8985=CARTESIAN_POINT('Ctrl Pts',(60.5684078049833,46.8393548325203,2.62283771205719));
#8986=CARTESIAN_POINT('Ctrl Pts',(60.5739867333375,46.8227217233771,2.62299775677524));
#8987=CARTESIAN_POINT('Ctrl Pts',(60.3742274011629,47.1166789666499,4.32560911331015));
#8988=CARTESIAN_POINT('Ctrl Pts',(60.3102251856673,47.078870066617,2.62723512519977));
#8989=CARTESIAN_POINT('Ctrl Pts',(60.4190309188926,47.1015533330613,4.3242574435104));
#8990=CARTESIAN_POINT('Ctrl Pts',(60.3550287033969,47.0637444330283,2.62588345540003));
#8991=CARTESIAN_POINT('Ctrl Pts',(60.5087499688125,47.0712642498872,4.32155072456546));
#8992=CARTESIAN_POINT('Ctrl Pts',(60.4447477533168,47.0334553498542,2.62317673645509));
#8993=CARTESIAN_POINT('Ctrl Pts',(60.5659092387323,46.995711925575,4.32107864383447));
#8994=CARTESIAN_POINT('Ctrl Pts',(60.5019070232367,46.957903025542,2.6227046557241));
#8995=CARTESIAN_POINT('Ctrl Pts',(60.5945245554387,46.9578885997849,4.32084230877198));
#8996=CARTESIAN_POINT('Ctrl Pts',(60.5305223399431,46.9200796997519,2.62246832066161));
#8997=CARTESIAN_POINT('',(60.3242726086808,47.0871684920437,3.));
#8998=CARTESIAN_POINT('Ctrl Pts',(60.3242726086808,47.0871684920437,3.));
#8999=CARTESIAN_POINT('Ctrl Pts',(60.3562815742809,47.0763960343369,3.));
#9000=CARTESIAN_POINT('Ctrl Pts',(60.3881767456537,47.0656568043351,3.00000020148621));
#9001=CARTESIAN_POINT('Ctrl Pts',(60.4171466027861,47.0508441242956,3.00000012255628));
#9002=CARTESIAN_POINT('Ctrl Pts',(60.428871522144,47.0448490143389,3.00000009061111));
#9003=CARTESIAN_POINT('Ctrl Pts',(60.4401174390549,47.0381869012537,3.00000000048117));
#9004=CARTESIAN_POINT('Ctrl Pts',(60.4506953400697,47.0305818851448,3.00000000000204));
#9005=CARTESIAN_POINT('Ctrl Pts',(60.4507404621703,47.0305494444648,3.));
#9006=CARTESIAN_POINT('Ctrl Pts',(60.4507855721095,47.0305169866193,3.));
#9007=CARTESIAN_POINT('Ctrl Pts',(60.4508306699026,47.0304845116284,3.));
#9008=CARTESIAN_POINT('Ctrl Pts',(60.4875711357987,47.0040276450891,3.));
#9009=CARTESIAN_POINT('Ctrl Pts',(60.5161602664772,46.9662559440118,3.));
#9010=CARTESIAN_POINT('Ctrl Pts',(60.5447493971558,46.9284842429346,3.));
#9011=CARTESIAN_POINT('',(60.3102251856673,47.078870066617,2.62723512519977));
#9012=CARTESIAN_POINT('',(60.3742274011629,47.1166789666499,4.32560911331015));
#9013=CARTESIAN_POINT('Ctrl Pts',(60.3102251856673,47.078870066617,2.62723512519977));
#9014=CARTESIAN_POINT('Ctrl Pts',(60.3550287033969,47.0637444330283,2.62588345540003));
#9015=CARTESIAN_POINT('Ctrl Pts',(60.4447477533168,47.0334553498542,2.62317673645509));
#9016=CARTESIAN_POINT('Ctrl Pts',(60.5019070232367,46.957903025542,2.6227046557241));
#9017=CARTESIAN_POINT('Ctrl Pts',(60.5305223399431,46.9200796997519,2.62246832066161));
#9018=CARTESIAN_POINT('Ctrl Pts',(60.1030639320046,47.0727594970783,4.33680547509811));
#9019=CARTESIAN_POINT('Ctrl Pts',(60.039061716509,47.0349505970453,2.63843148698774));
#9020=CARTESIAN_POINT('Ctrl Pts',(60.1460259919051,47.0940501496023,4.33471250665083));
#9021=CARTESIAN_POINT('Ctrl Pts',(60.0820237764095,47.0562412495693,2.63633851854045));
#9022=CARTESIAN_POINT('Ctrl Pts',(60.2318800618522,47.1365967401347,4.3305299823518));
#9023=CARTESIAN_POINT('Ctrl Pts',(60.1678778463566,47.0987878401017,2.63215599424142));
#9024=CARTESIAN_POINT('Ctrl Pts',(60.3268041047945,47.1233146121038,4.3272485105204));
#9025=CARTESIAN_POINT('Ctrl Pts',(60.2628018892988,47.0855057120708,2.62887452241002));
#9026=CARTESIAN_POINT('Ctrl Pts',(60.3742274011629,47.1166789666499,4.32560911331015));
#9027=CARTESIAN_POINT('Ctrl Pts',(60.3102251856673,47.078870066617,2.62723512519977));
#9028=CARTESIAN_POINT('',(60.0526872112753,47.0429997710549,3.));
#9029=CARTESIAN_POINT('Ctrl Pts',(60.0526872112753,47.0429997710549,3.));
#9030=CARTESIAN_POINT('Ctrl Pts',(60.0956907821225,47.0643184952501,3.));
#9031=CARTESIAN_POINT('Ctrl Pts',(60.1386943529697,47.0856372194454,3.));
#9032=CARTESIAN_POINT('Ctrl Pts',(60.1839547287654,47.0930073429912,3.));
#9033=CARTESIAN_POINT('Ctrl Pts',(60.1839940508542,47.0930137461341,3.));
#9034=CARTESIAN_POINT('Ctrl Pts',(60.1840333745872,47.0930201387388,3.));
#9035=CARTESIAN_POINT('Ctrl Pts',(60.1840726999662,47.0930265207963,3.00000000000029));
#9036=CARTESIAN_POINT('Ctrl Pts',(60.2110748464807,47.0974086591732,3.00000000020154));
#9037=CARTESIAN_POINT('Ctrl Pts',(60.2388520769345,47.09682367626,3.00000004947151));
#9038=CARTESIAN_POINT('Ctrl Pts',(60.2669756903774,47.0942377439446,3.00000002726004));
#9039=CARTESIAN_POINT('Ctrl Pts',(60.2859602681614,47.0924921349287,3.0000000122664));
#9040=CARTESIAN_POINT('Ctrl Pts',(60.3051030409567,47.0898325468039,3.));
#9041=CARTESIAN_POINT('Ctrl Pts',(60.3242726086808,47.0871684920438,3.));
#9042=CARTESIAN_POINT('',(60.039061716509,47.0349505970453,2.63843148698774));
#9043=CARTESIAN_POINT('',(60.1030639320046,47.0727594970783,4.33680547509811));
#9044=CARTESIAN_POINT('Ctrl Pts',(60.039061716509,47.0349505970453,2.63843148698774));
#9045=CARTESIAN_POINT('Ctrl Pts',(60.0820237764095,47.0562412495693,2.63633851854045));
#9046=CARTESIAN_POINT('Ctrl Pts',(60.1678778463566,47.0987878401017,2.63215599424142));
#9047=CARTESIAN_POINT('Ctrl Pts',(60.2628018892988,47.0855057120708,2.62887452241002));
#9048=CARTESIAN_POINT('Ctrl Pts',(60.3102251856673,47.078870066617,2.62723512519977));
#9049=CARTESIAN_POINT('Ctrl Pts',(59.9445620487946,46.8504941108158,4.34772655701854));
#9050=CARTESIAN_POINT('Ctrl Pts',(59.8805598332989,46.8126852107828,2.64935256890816));
#9051=CARTESIAN_POINT('Ctrl Pts',(59.9591449110827,46.89588764055,4.34616646781491));
#9052=CARTESIAN_POINT('Ctrl Pts',(59.8951426955871,46.858078740517,2.64779247970453));
#9053=CARTESIAN_POINT('Ctrl Pts',(59.9883608149712,46.9868308981677,4.34304092117461));
#9054=CARTESIAN_POINT('Ctrl Pts',(59.9243585994756,46.9490219981347,2.64466693306423));
#9055=CARTESIAN_POINT('Ctrl Pts',(60.0647858054835,47.0440838528068,4.33888633567109));
#9056=CARTESIAN_POINT('Ctrl Pts',(60.0007835899878,47.0062749527738,2.64051234756071));
#9057=CARTESIAN_POINT('Ctrl Pts',(60.1030639320046,47.0727594970783,4.33680547509811));
#9058=CARTESIAN_POINT('Ctrl Pts',(60.039061716509,47.0349505970453,2.63843148698774));
#9059=CARTESIAN_POINT('',(59.8937737735764,46.8204912616066,3.));
#9060=CARTESIAN_POINT('Ctrl Pts',(59.8937737735764,46.8204912616066,3.));
#9061=CARTESIAN_POINT('Ctrl Pts',(59.9033531453956,46.8502129184156,3.));
#9062=CARTESIAN_POINT('Ctrl Pts',(59.9128958932858,46.8798020417856,2.99999989204185));
#9063=CARTESIAN_POINT('Ctrl Pts',(59.9256955586852,46.9070667887822,2.99999991342211));
#9064=CARTESIAN_POINT('Ctrl Pts',(59.9325250062006,46.921614290832,2.99999992482985));
#9065=CARTESIAN_POINT('Ctrl Pts',(59.940280456263,46.9355009291762,2.99999999949776));
#9066=CARTESIAN_POINT('Ctrl Pts',(59.9494701598164,46.9483880810414,2.99999999999758));
#9067=CARTESIAN_POINT('Ctrl Pts',(59.9495147448945,46.9484506047854,3.));
#9068=CARTESIAN_POINT('Ctrl Pts',(59.9495593637637,46.9485131049808,3.));
#9069=CARTESIAN_POINT('Ctrl Pts',(59.9496040163701,46.948575581669,3.));
#9070=CARTESIAN_POINT('Ctrl Pts',(59.9761031740265,46.9856524679773,3.));
#9071=CARTESIAN_POINT('Ctrl Pts',(60.0143951926508,47.0143261195161,3.));
#9072=CARTESIAN_POINT('Ctrl Pts',(60.0526872112753,47.0429997710549,3.));
#9073=CARTESIAN_POINT('',(59.8805598332989,46.8126852107828,2.64935256890816));
#9074=CARTESIAN_POINT('',(59.9445620487946,46.8504941108158,4.34772655701854));
#9075=CARTESIAN_POINT('Ctrl Pts',(59.8805598332989,46.8126852107828,2.64935256890816));
#9076=CARTESIAN_POINT('Ctrl Pts',(59.8951426955871,46.858078740517,2.64779247970453));
#9077=CARTESIAN_POINT('Ctrl Pts',(59.9243585994756,46.9490219981347,2.64466693306423));
#9078=CARTESIAN_POINT('Ctrl Pts',(60.0007835899879,47.0062749527738,2.64051234756071));
#9079=CARTESIAN_POINT('Ctrl Pts',(60.039061716509,47.0349505970453,2.63843148698774));
#9080=CARTESIAN_POINT('Origin',(59.8245583739658,46.3328243586743,4.36377309632982));
#9081=CARTESIAN_POINT('',(59.7731653944398,46.3024642842574,3.));
#9082=CARTESIAN_POINT('',(59.1448846726349,43.6039257119518,3.));
#9083=CARTESIAN_POINT('',(59.7605561584702,46.2950154586413,2.66539910821945));
#9084=CARTESIAN_POINT('',(59.8245583739658,46.3328243586743,4.36377309632982));
#9085=CARTESIAN_POINT('',(59.7605561584702,46.2950154586413,2.66539910821945));
#9086=CARTESIAN_POINT('Origin',(59.6907714207762,46.8468207995637,4.3573722807742));
#9087=CARTESIAN_POINT('',(59.6396196521846,46.8166032189657,3.));
#9088=CARTESIAN_POINT('',(60.4296979953577,43.7748736150461,3.));
#9089=CARTESIAN_POINT('',(59.6267692052806,46.8090118995307,2.65899829266383));
#9090=CARTESIAN_POINT('',(59.6907714207762,46.8468207995637,4.3573722807742));
#9091=CARTESIAN_POINT('',(59.6267692052806,46.8090118995307,2.65899829266383));
#9092=CARTESIAN_POINT('Ctrl Pts',(59.526540138784,47.064415015041,4.35871719536689));
#9093=CARTESIAN_POINT('Ctrl Pts',(59.4625379232884,47.0266061150081,2.66034320725651));
#9094=CARTESIAN_POINT('Ctrl Pts',(59.565396774296,47.0368163758308,4.35786730212863));
#9095=CARTESIAN_POINT('Ctrl Pts',(59.5013945588003,46.9990074757978,2.65949331401826));
#9096=CARTESIAN_POINT('Ctrl Pts',(59.6431036084851,46.9816236692906,4.35616765644203));
#9097=CARTESIAN_POINT('Ctrl Pts',(59.5791013929895,46.9438147692576,2.65779366833165));
#9098=CARTESIAN_POINT('Ctrl Pts',(59.6748830274938,46.8917526079871,4.35697076150518));
#9099=CARTESIAN_POINT('Ctrl Pts',(59.6108808119981,46.8539437079541,2.6585967733948));
#9100=CARTESIAN_POINT('Ctrl Pts',(59.6907714207762,46.8468207995637,4.3573722807742));
#9101=CARTESIAN_POINT('Ctrl Pts',(59.6267692052806,46.8090118995307,2.65899829266383));
#9102=CARTESIAN_POINT('',(59.4753376878843,47.0341674941932,3.));
#9103=CARTESIAN_POINT('Ctrl Pts',(59.4753376878843,47.0341674941932,3.));
#9104=CARTESIAN_POINT('Ctrl Pts',(59.5142228022486,47.0065902920028,3.));
#9105=CARTESIAN_POINT('Ctrl Pts',(59.5531079166128,46.9790130898124,3.));
#9106=CARTESIAN_POINT('Ctrl Pts',(59.5804888424265,46.9427533088045,3.));
#9107=CARTESIAN_POINT('Ctrl Pts',(59.6078702303362,46.9064929158561,3.));
#9108=CARTESIAN_POINT('Ctrl Pts',(59.6237420448471,46.861556267803,3.));
#9109=CARTESIAN_POINT('Ctrl Pts',(59.6396196521846,46.8166032189657,3.));
#9110=CARTESIAN_POINT('',(59.4625379232884,47.0266061150081,2.66034320725651));
#9111=CARTESIAN_POINT('',(59.526540138784,47.064415015041,4.35871719536689));
#9112=CARTESIAN_POINT('Ctrl Pts',(59.4625379232884,47.0266061150081,2.66034320725651));
#9113=CARTESIAN_POINT('Ctrl Pts',(59.5013945588003,46.9990074757978,2.65949331401826));
#9114=CARTESIAN_POINT('Ctrl Pts',(59.5791013929895,46.9438147692576,2.65779366833165));
#9115=CARTESIAN_POINT('Ctrl Pts',(59.6108808119982,46.8539437079541,2.6585967733948));
#9116=CARTESIAN_POINT('Ctrl Pts',(59.6267692052806,46.8090118995307,2.65899829266383));
#9117=CARTESIAN_POINT('Ctrl Pts',(59.253153924847,47.1004527890046,4.3682173260199));
#9118=CARTESIAN_POINT('Ctrl Pts',(59.1891517093514,47.0626438889716,2.66984333790953));
#9119=CARTESIAN_POINT('Ctrl Pts',(59.3007812403708,47.1085312296791,4.36624267809725));
#9120=CARTESIAN_POINT('Ctrl Pts',(59.2367790248752,47.0707223296461,2.66786868998687));
#9121=CARTESIAN_POINT('Ctrl Pts',(59.3956134783014,47.1246164656352,4.3623108948428));
#9122=CARTESIAN_POINT('Ctrl Pts',(59.3316112628057,47.0868075656022,2.66393690673243));
#9123=CARTESIAN_POINT('Ctrl Pts',(59.4830277027822,47.0844224891226,4.35991153285231));
#9124=CARTESIAN_POINT('Ctrl Pts',(59.4190254872866,47.0466135890896,2.66153754474193));
#9125=CARTESIAN_POINT('Ctrl Pts',(59.526540138784,47.064415015041,4.35871719536689));
#9126=CARTESIAN_POINT('Ctrl Pts',(59.4625379232884,47.0266061150081,2.66034320725651));
#9127=CARTESIAN_POINT('',(59.2015934671635,47.0699937779357,3.));
#9128=CARTESIAN_POINT('Ctrl Pts',(59.2015934671635,47.0699937779357,3.));
#9129=CARTESIAN_POINT('Ctrl Pts',(59.2490814984258,47.0780797905499,3.));
#9130=CARTESIAN_POINT('Ctrl Pts',(59.2965695296882,47.0861658031641,3.));
#9131=CARTESIAN_POINT('Ctrl Pts',(59.3421971632274,47.0802378346525,3.));
#9132=CARTESIAN_POINT('Ctrl Pts',(59.3424024972402,47.0802111575389,3.));
#9133=CARTESIAN_POINT('Ctrl Pts',(59.3426077853723,47.0801841976814,3.));
#9134=CARTESIAN_POINT('Ctrl Pts',(59.342813027576,47.0801569538578,3.00000000006704));
#9135=CARTESIAN_POINT('Ctrl Pts',(59.3600369666664,47.0778706504016,3.00000000569327));
#9136=CARTESIAN_POINT('Ctrl Pts',(59.3769381959052,47.073590144975,3.00000032958628));
#9137=CARTESIAN_POINT('Ctrl Pts',(59.3936833035427,47.0680711995754,3.00000034783622));
#9138=CARTESIAN_POINT('Ctrl Pts',(59.4170064140897,47.0603842395126,3.00000037325531));
#9139=CARTESIAN_POINT('Ctrl Pts',(59.4400255106838,47.0502860728629,3.0000000415057));
#9140=CARTESIAN_POINT('Ctrl Pts',(59.4631793990191,47.0397328854342,3.00000000655681));
#9141=CARTESIAN_POINT('Ctrl Pts',(59.4672272302412,47.0378879460034,3.00000000044694));
#9142=CARTESIAN_POINT('Ctrl Pts',(59.4712791976104,47.0360292249111,3.));
#9143=CARTESIAN_POINT('Ctrl Pts',(59.4753376878843,47.0341674941932,3.));
#9144=CARTESIAN_POINT('',(59.1891517093514,47.0626438889716,2.66984333790953));
#9145=CARTESIAN_POINT('',(59.253153924847,47.1004527890046,4.3682173260199));
#9146=CARTESIAN_POINT('Ctrl Pts',(59.1891517093514,47.0626438889716,2.66984333790953));
#9147=CARTESIAN_POINT('Ctrl Pts',(59.2367790248752,47.0707223296461,2.66786868998687));
#9148=CARTESIAN_POINT('Ctrl Pts',(59.3316112628057,47.0868075656022,2.66393690673243));
#9149=CARTESIAN_POINT('Ctrl Pts',(59.4190254872866,47.0466135890896,2.66153754474193));
#9150=CARTESIAN_POINT('Ctrl Pts',(59.4625379232884,47.0266061150081,2.66034320725651));
#9151=CARTESIAN_POINT('Ctrl Pts',(59.0378115708682,46.935357069101,4.38000770638052));
#9152=CARTESIAN_POINT('Ctrl Pts',(58.9738093553726,46.897548169068,2.68163371827014));
#9153=CARTESIAN_POINT('Ctrl Pts',(59.0652572342161,46.9739918095222,4.3781133531221));
#9154=CARTESIAN_POINT('Ctrl Pts',(59.0012550187205,46.9361829094892,2.67973936501172));
#9155=CARTESIAN_POINT('Ctrl Pts',(59.1200801144073,47.0511649395169,4.3743293709166));
#9156=CARTESIAN_POINT('Ctrl Pts',(59.0560778989117,47.0133560394839,2.67595538280622));
#9157=CARTESIAN_POINT('Ctrl Pts',(59.2088329240695,47.084037186203,4.37025297785646));
#9158=CARTESIAN_POINT('Ctrl Pts',(59.1448307085739,47.04622828617,2.67187898974608));
#9159=CARTESIAN_POINT('Ctrl Pts',(59.253153924847,47.1004527890046,4.3682173260199));
#9160=CARTESIAN_POINT('Ctrl Pts',(59.1891517093514,47.0626438889716,2.66984333790953));
#9161=CARTESIAN_POINT('',(58.9858067997002,46.9046355826789,3.));
#9162=CARTESIAN_POINT('Ctrl Pts',(58.9858067997002,46.9046355826789,3.));
#9163=CARTESIAN_POINT('Ctrl Pts',(59.013288294194,46.9432625180978,3.));
#9164=CARTESIAN_POINT('Ctrl Pts',(59.0407697886877,46.9818894535164,3.));
#9165=CARTESIAN_POINT('Ctrl Pts',(59.0767247888419,47.0094581056629,3.));
#9166=CARTESIAN_POINT('Ctrl Pts',(59.0767713087202,47.0094937749811,3.));
#9167=CARTESIAN_POINT('Ctrl Pts',(59.0768178426282,47.0095294256687,3.));
#9168=CARTESIAN_POINT('Ctrl Pts',(59.0768643905844,47.0095650577026,2.99999999999969));
#9169=CARTESIAN_POINT('Ctrl Pts',(59.0957312800949,47.0240074886932,2.99999999987284));
#9170=CARTESIAN_POINT('Ctrl Pts',(59.1169028834335,47.0353895742633,2.99999997604916));
#9171=CARTESIAN_POINT('Ctrl Pts',(59.1391972140071,47.045336812503,2.99999998335781));
#9172=CARTESIAN_POINT('Ctrl Pts',(59.1593642558625,47.0543349014684,2.99999998996908));
#9173=CARTESIAN_POINT('Ctrl Pts',(59.1804525485481,47.0621555595175,3.));
#9174=CARTESIAN_POINT('Ctrl Pts',(59.2015934671635,47.0699937779357,3.));
#9175=CARTESIAN_POINT('',(58.9738093553726,46.897548169068,2.68163371827014));
#9176=CARTESIAN_POINT('',(59.0378115708682,46.935357069101,4.38000770638052));
#9177=CARTESIAN_POINT('Ctrl Pts',(58.9738093553726,46.897548169068,2.68163371827014));
#9178=CARTESIAN_POINT('Ctrl Pts',(59.0012550187205,46.9361829094892,2.67973936501172));
#9179=CARTESIAN_POINT('Ctrl Pts',(59.0560778989117,47.0133560394839,2.67595538280622));
#9180=CARTESIAN_POINT('Ctrl Pts',(59.1448307085739,47.04622828617,2.67187898974608));
#9181=CARTESIAN_POINT('Ctrl Pts',(59.1891517093514,47.0626438889716,2.66984333790953));
#9182=CARTESIAN_POINT('Ctrl Pts',(58.9973445207377,46.8367842869695,4.38372709290712));
#9183=CARTESIAN_POINT('Ctrl Pts',(58.933342305242,46.7989753869365,2.68535310479675));
#9184=CARTESIAN_POINT('Ctrl Pts',(59.0024124738953,46.8535714096957,4.38316239815683));
#9185=CARTESIAN_POINT('Ctrl Pts',(58.9384102583997,46.8157625096627,2.68478841004646));
#9186=CARTESIAN_POINT('Ctrl Pts',(59.0127254544133,46.8877321969489,4.38201327823067));
#9187=CARTESIAN_POINT('Ctrl Pts',(58.9487232389177,46.8499232969159,2.68363929012029));
#9188=CARTESIAN_POINT('Ctrl Pts',(59.0293543591095,46.9193014301385,4.38068383916753));
#9189=CARTESIAN_POINT('Ctrl Pts',(58.9653521436139,46.8814925301055,2.68230985105716));
#9190=CARTESIAN_POINT('Ctrl Pts',(59.0378115708682,46.935357069101,4.38000770638052));
#9191=CARTESIAN_POINT('Ctrl Pts',(58.9738093553726,46.897548169068,2.68163371827014));
#9192=CARTESIAN_POINT('',(58.9451995866964,46.8059800002253,3.));
#9193=CARTESIAN_POINT('Ctrl Pts',(58.9451995866964,46.8059800002253,3.));
#9194=CARTESIAN_POINT('Ctrl Pts',(58.9485992370733,46.8172023360278,3.));
#9195=CARTESIAN_POINT('Ctrl Pts',(58.951871502441,46.8279817188229,2.9999998272878));
#9196=CARTESIAN_POINT('Ctrl Pts',(58.95554648057,46.8385781172744,2.99999985620014));
#9197=CARTESIAN_POINT('Ctrl Pts',(58.9575463051287,46.8443443931848,2.99999987193346));
#9198=CARTESIAN_POINT('Ctrl Pts',(58.9596638292985,46.8500571203834,2.99999999172465));
#9199=CARTESIAN_POINT('Ctrl Pts',(58.9619941519173,46.8557542202024,2.99999999960936));
#9200=CARTESIAN_POINT('Ctrl Pts',(58.9621096439929,46.8560365716149,3.00000000000013));
#9201=CARTESIAN_POINT('Ctrl Pts',(58.9622256628184,46.856318882975,3.));
#9202=CARTESIAN_POINT('Ctrl Pts',(58.9623422053534,46.8566011648969,3.));
#9203=CARTESIAN_POINT('Ctrl Pts',(58.9691277251889,46.8730366198229,3.));
#9204=CARTESIAN_POINT('Ctrl Pts',(58.9774672624445,46.8888361012508,3.));
#9205=CARTESIAN_POINT('Ctrl Pts',(58.9858067997002,46.9046355826789,3.));
#9206=CARTESIAN_POINT('',(58.933342305242,46.7989753869365,2.68535310479675));
#9207=CARTESIAN_POINT('',(58.9973445207377,46.8367842869695,4.38372709290712));
#9208=CARTESIAN_POINT('Ctrl Pts',(58.933342305242,46.7989753869365,2.68535310479675));
#9209=CARTESIAN_POINT('Ctrl Pts',(58.9384102583997,46.8157625096627,2.68478841004646));
#9210=CARTESIAN_POINT('Ctrl Pts',(58.9487232389177,46.8499232969159,2.68363929012029));
#9211=CARTESIAN_POINT('Ctrl Pts',(58.9653521436139,46.8814925301055,2.68230985105716));
#9212=CARTESIAN_POINT('Ctrl Pts',(58.9738093553726,46.897548169068,2.68163371827014));
#9213=CARTESIAN_POINT('Origin',(58.7403925205329,45.7332086011284,4.41797778237904));
#9214=CARTESIAN_POINT('',(58.686956869592,45.7016418316193,3.));
#9215=CARTESIAN_POINT('',(58.1512165350907,43.4106246579882,3.));
#9216=CARTESIAN_POINT('',(58.6763903050373,45.6953997010954,2.71960379426866));
#9217=CARTESIAN_POINT('',(58.7403925205329,45.7332086011284,4.41797778237904));
#9218=CARTESIAN_POINT('',(58.6763903050373,45.6953997010954,2.71960379426867));
#9219=CARTESIAN_POINT('Ctrl Pts',(58.7228055818178,45.7069576033873,4.41922493077259));
#9220=CARTESIAN_POINT('Ctrl Pts',(58.6588033663222,45.6691487033543,2.72085094266221));
#9221=CARTESIAN_POINT('Ctrl Pts',(58.7264614026073,45.7110250053501,4.41899661555644));
#9222=CARTESIAN_POINT('Ctrl Pts',(58.6624591871116,45.6732161053171,2.72062262744607));
#9223=CARTESIAN_POINT('Ctrl Pts',(58.7335755861518,45.7189401209369,4.41855231687574));
#9224=CARTESIAN_POINT('Ctrl Pts',(58.6695733706561,45.6811312209039,2.72017832876536));
#9225=CARTESIAN_POINT('Ctrl Pts',(58.7381626478703,45.728541269431,4.41816571711573));
#9226=CARTESIAN_POINT('Ctrl Pts',(58.6741604323747,45.690732369398,2.71979172900535));
#9227=CARTESIAN_POINT('Ctrl Pts',(58.7403925205329,45.7332086011284,4.41797778237904));
#9228=CARTESIAN_POINT('Ctrl Pts',(58.6763903050373,45.6953997010954,2.71960379426866));
#9229=CARTESIAN_POINT('',(58.6693229328301,45.6753630700822,3.));
#9230=CARTESIAN_POINT('Ctrl Pts',(58.6693229328301,45.6753630700822,3.));
#9231=CARTESIAN_POINT('Ctrl Pts',(58.6728883944315,45.6793255713944,3.));
#9232=CARTESIAN_POINT('Ctrl Pts',(58.6764538552011,45.6832880717823,3.));
#9233=CARTESIAN_POINT('Ctrl Pts',(58.6794040699867,45.6876603844264,3.));
#9234=CARTESIAN_POINT('Ctrl Pts',(58.6794860700405,45.687781911128,3.));
#9235=CARTESIAN_POINT('Ctrl Pts',(58.6795674782619,45.6879035816826,2.99999999999958));
#9236=CARTESIAN_POINT('Ctrl Pts',(58.6796482948234,45.6880254162503,3.00000000048011));
#9237=CARTESIAN_POINT('Ctrl Pts',(58.6811735798735,45.6903248514286,3.00000000954939));
#9238=CARTESIAN_POINT('Ctrl Pts',(58.6824925660599,45.6926797375082,3.00000008824593));
#9239=CARTESIAN_POINT('Ctrl Pts',(58.6837559547489,45.6951258384274,3.00000005849705));
#9240=CARTESIAN_POINT('Ctrl Pts',(58.684837529143,45.6972199209079,3.00000003302933));
#9241=CARTESIAN_POINT('Ctrl Pts',(58.6858752068346,45.6993829553383,3.));
#9242=CARTESIAN_POINT('Ctrl Pts',(58.686956869592,45.7016418316193,3.));
#9243=CARTESIAN_POINT('',(58.6588033663222,45.6691487033543,2.72085094266221));
#9244=CARTESIAN_POINT('',(58.7228055818178,45.7069576033873,4.41922493077259));
#9245=CARTESIAN_POINT('Ctrl Pts',(58.6588033663222,45.6691487033543,2.72085094266221));
#9246=CARTESIAN_POINT('Ctrl Pts',(58.6624591871116,45.6732161053171,2.72062262744607));
#9247=CARTESIAN_POINT('Ctrl Pts',(58.6695733706561,45.6811312209039,2.72017832876536));
#9248=CARTESIAN_POINT('Ctrl Pts',(58.6741604323747,45.690732369398,2.71979172900535));
#9249=CARTESIAN_POINT('Ctrl Pts',(58.6763903050373,45.6953997010954,2.71960379426867));
#9250=CARTESIAN_POINT('Ctrl Pts',(58.6413927656257,45.6717837130521,4.42307595931829));
#9251=CARTESIAN_POINT('Ctrl Pts',(58.57739055013,45.6339748130191,2.72470197120791));
#9252=CARTESIAN_POINT('Ctrl Pts',(58.6567778223734,45.6734255947344,4.42245963130979));
#9253=CARTESIAN_POINT('Ctrl Pts',(58.5927756068778,45.6356166947014,2.72408564319942));
#9254=CARTESIAN_POINT('Ctrl Pts',(58.6875629327419,45.676710958554,4.4212263745155));
#9255=CARTESIAN_POINT('Ctrl Pts',(58.6235607172462,45.638902058521,2.72285238640512));
#9256=CARTESIAN_POINT('Ctrl Pts',(58.7110542175565,45.6968721146275,4.41989229531777));
#9257=CARTESIAN_POINT('Ctrl Pts',(58.6470520020609,45.6590632145945,2.72151830720739));
#9258=CARTESIAN_POINT('Ctrl Pts',(58.7228055818178,45.7069576033873,4.41922493077259));
#9259=CARTESIAN_POINT('Ctrl Pts',(58.6588033663222,45.6691487033543,2.72085094266221));
#9260=CARTESIAN_POINT('',(58.5877649929133,45.6401034488335,3.));
#9261=CARTESIAN_POINT('Ctrl Pts',(58.5877649929133,45.6401034488335,3.));
#9262=CARTESIAN_POINT('Ctrl Pts',(58.6031955501837,45.6417614444772,3.));
#9263=CARTESIAN_POINT('Ctrl Pts',(58.618596422279,45.6434162504829,3.));
#9264=CARTESIAN_POINT('Ctrl Pts',(58.6321887792466,45.6492941572179,3.));
#9265=CARTESIAN_POINT('Ctrl Pts',(58.6457812607315,45.6551721177995,3.));
#9266=CARTESIAN_POINT('Ctrl Pts',(58.6575520967808,45.6652675939409,3.));
#9267=CARTESIAN_POINT('Ctrl Pts',(58.6693229328301,45.6753630700822,3.));
#9268=CARTESIAN_POINT('',(58.5773905501301,45.6339748130191,2.72470197120791));
#9269=CARTESIAN_POINT('',(58.6413927656257,45.6717837130521,4.42307595931829));
#9270=CARTESIAN_POINT('Ctrl Pts',(58.5773905501301,45.6339748130191,2.72470197120791));
#9271=CARTESIAN_POINT('Ctrl Pts',(58.5927756068778,45.6356166947014,2.72408564319942));
#9272=CARTESIAN_POINT('Ctrl Pts',(58.6235607172463,45.638902058521,2.72285238640512));
#9273=CARTESIAN_POINT('Ctrl Pts',(58.6470520020609,45.6590632145945,2.72151830720739));
#9274=CARTESIAN_POINT('Ctrl Pts',(58.6588033663222,45.6691487033543,2.72085094266221));
#9275=CARTESIAN_POINT('Origin',(58.4995103319379,45.6697301370622,4.42846843094665));
#9276=CARTESIAN_POINT('',(58.4456793471335,45.6379298265982,3.));
#9277=CARTESIAN_POINT('',(59.3302970328317,45.6514626832132,3.));
#9278=CARTESIAN_POINT('',(58.4355081164423,45.6319212370293,2.73009444283628));
#9279=CARTESIAN_POINT('',(58.4995103319379,45.6697301370622,4.42846843094665));
#9280=CARTESIAN_POINT('',(58.4355081164423,45.6319212370293,2.73009444283628));
#9281=CARTESIAN_POINT('Origin',(58.5032417227286,45.425816055978,4.43375778764533));
#9282=CARTESIAN_POINT('',(58.4492114116571,45.3938979947947,3.));
#9283=CARTESIAN_POINT('',(58.4848594920636,42.9309570422959,3.));
#9284=CARTESIAN_POINT('',(58.439239507233,45.388007155945,2.73538379953496));
#9285=CARTESIAN_POINT('',(58.5032417227286,45.425816055978,4.43375778764533));
#9286=CARTESIAN_POINT('',(58.439239507233,45.388007155945,2.73538379953496));
#9287=CARTESIAN_POINT('Origin',(58.6870898781789,45.4284770348461,4.42677034081048));
#9288=CARTESIAN_POINT('',(58.6333228848932,45.396714526963,3.));
#9289=CARTESIAN_POINT('',(59.4259530968942,45.4088401617781,3.));
#9290=CARTESIAN_POINT('',(58.6230876626832,45.3906681348131,2.7283963527001));
#9291=CARTESIAN_POINT('',(58.6870898781789,45.4284770348461,4.42677034081048));
#9292=CARTESIAN_POINT('',(58.6230876626832,45.3906681348131,2.7283963527001));
#9293=CARTESIAN_POINT('Ctrl Pts',(58.8955703570524,45.5194830422599,4.41688791815817));
#9294=CARTESIAN_POINT('Ctrl Pts',(58.8315681415567,45.4816741422269,2.71851393004779));
#9295=CARTESIAN_POINT('Ctrl Pts',(58.8653529513658,45.4933826353492,4.41860768577509));
#9296=CARTESIAN_POINT('Ctrl Pts',(58.8013507358702,45.4555737353162,2.72023369766471));
#9297=CARTESIAN_POINT('Ctrl Pts',(58.8052538608105,45.441471801748,4.42202811408107));
#9298=CARTESIAN_POINT('Ctrl Pts',(58.7412516453149,45.403662901715,2.72365412597069));
#9299=CARTESIAN_POINT('Ctrl Pts',(58.7263309146691,45.4327924625325,4.42519549636136));
#9300=CARTESIAN_POINT('Ctrl Pts',(58.6623286991734,45.3949835624995,2.72682150825098));
#9301=CARTESIAN_POINT('Ctrl Pts',(58.6870898781789,45.4284770348461,4.42677034081048));
#9302=CARTESIAN_POINT('Ctrl Pts',(58.6230876626832,45.3906681348131,2.7283963527001));
#9303=CARTESIAN_POINT('',(58.8421757769976,45.4879405351144,3.));
#9304=CARTESIAN_POINT('Ctrl Pts',(58.8421757769976,45.4879405351144,3.));
#9305=CARTESIAN_POINT('Ctrl Pts',(58.8120628695654,45.4619479834488,3.));
#9306=CARTESIAN_POINT('Ctrl Pts',(58.7819499621335,45.4359554317834,3.));
#9307=CARTESIAN_POINT('Ctrl Pts',(58.7471601097341,45.4207109523221,3.));
#9308=CARTESIAN_POINT('Ctrl Pts',(58.7469644953309,45.4206252365301,3.));
#9309=CARTESIAN_POINT('Ctrl Pts',(58.7467687452254,45.4205398658694,3.));
#9310=CARTESIAN_POINT('Ctrl Pts',(58.7465728584364,45.4204548420348,2.99999999997863));
#9311=CARTESIAN_POINT('Ctrl Pts',(58.7335342365578,45.4147954831991,2.99999999855583));
#9312=CARTESIAN_POINT('Ctrl Pts',(58.7198923100461,45.4106675197998,2.99999993297205));
#9313=CARTESIAN_POINT('Ctrl Pts',(58.7058359860996,45.4074722729667,2.99999992874144));
#9314=CARTESIAN_POINT('Ctrl Pts',(58.6861681565783,45.403001433348,2.99999992282189));
#9315=CARTESIAN_POINT('Ctrl Pts',(58.6656855701063,45.4003645887223,2.99999999067263));
#9316=CARTESIAN_POINT('Ctrl Pts',(58.6448701837692,45.3980033312069,2.99999999845348));
#9317=CARTESIAN_POINT('Ctrl Pts',(58.6410312914594,45.3975678546239,2.99999999988847));
#9318=CARTESIAN_POINT('Ctrl Pts',(58.6371811332179,45.3971416285862,3.));
#9319=CARTESIAN_POINT('Ctrl Pts',(58.6333228848932,45.3967145269631,3.));
#9320=CARTESIAN_POINT('',(58.8315681415567,45.4816741422269,2.71851393004779));
#9321=CARTESIAN_POINT('',(58.8955703570524,45.5194830422599,4.41688791815817));
#9322=CARTESIAN_POINT('Ctrl Pts',(58.8315681415568,45.4816741422269,2.71851393004779));
#9323=CARTESIAN_POINT('Ctrl Pts',(58.8013507358702,45.4555737353162,2.72023369766471));
#9324=CARTESIAN_POINT('Ctrl Pts',(58.7412516453149,45.403662901715,2.72365412597069));
#9325=CARTESIAN_POINT('Ctrl Pts',(58.6623286991734,45.3949835624995,2.72682150825098));
#9326=CARTESIAN_POINT('Ctrl Pts',(58.6230876626832,45.3906681348131,2.7283963527001));
#9327=CARTESIAN_POINT('Ctrl Pts',(58.9751480635426,45.6746146432033,4.41043556738726));
#9328=CARTESIAN_POINT('Ctrl Pts',(58.911145848047,45.6368057431703,2.71206157927689));
#9329=CARTESIAN_POINT('Ctrl Pts',(58.9680505534734,45.6459764803035,4.4113405705361));
#9330=CARTESIAN_POINT('Ctrl Pts',(58.9040483379778,45.6081675802706,2.71296658242572));
#9331=CARTESIAN_POINT('Ctrl Pts',(58.9536916194265,45.5880387685863,4.41317147748791));
#9332=CARTESIAN_POINT('Ctrl Pts',(58.8896894039309,45.5502298685533,2.71479748937754));
#9333=CARTESIAN_POINT('Ctrl Pts',(58.9150909925449,45.5425082018982,4.41563971258433));
#9334=CARTESIAN_POINT('Ctrl Pts',(58.8510887770493,45.5046993018652,2.71726572447395));
#9335=CARTESIAN_POINT('Ctrl Pts',(58.8955703570524,45.5194830422599,4.41688791815817));
#9336=CARTESIAN_POINT('Ctrl Pts',(58.8315681415567,45.4816741422269,2.71851393004779));
#9337=CARTESIAN_POINT('',(58.9219966364962,45.6432157771446,3.));
#9338=CARTESIAN_POINT('Ctrl Pts',(58.9219966364962,45.6432157771446,3.));
#9339=CARTESIAN_POINT('Ctrl Pts',(58.9187357906798,45.630112106298,3.));
#9340=CARTESIAN_POINT('Ctrl Pts',(58.9155304471913,45.6172574233625,3.00000015060929));
#9341=CARTESIAN_POINT('Ctrl Pts',(58.911814638701,45.6047556199684,3.00000027981869));
#9342=CARTESIAN_POINT('Ctrl Pts',(58.9087281597075,45.594371189862,3.00000038714447));
#9343=CARTESIAN_POINT('Ctrl Pts',(58.9052941488905,45.5842278425137,3.0000003570482));
#9344=CARTESIAN_POINT('Ctrl Pts',(58.901184476857,45.5743870496391,3.00000019016728));
#9345=CARTESIAN_POINT('Ctrl Pts',(58.899187925419,45.5696062182238,3.00000010909357));
#9346=CARTESIAN_POINT('Ctrl Pts',(58.897031472764,45.5648970166918,3.00000000710516));
#9347=CARTESIAN_POINT('Ctrl Pts',(58.8946730768921,45.5602687546901,3.0000000004265));
#9348=CARTESIAN_POINT('Ctrl Pts',(58.8945224503096,45.5599731557634,2.99999999999994));
#9349=CARTESIAN_POINT('Ctrl Pts',(58.894370998531,45.5596778877377,3.));
#9350=CARTESIAN_POINT('Ctrl Pts',(58.8942187279844,45.5593829441429,3.));
#9351=CARTESIAN_POINT('Ctrl Pts',(58.880869850493,45.5335265589123,3.));
#9352=CARTESIAN_POINT('Ctrl Pts',(58.8615228137453,45.5107335470134,3.));
#9353=CARTESIAN_POINT('Ctrl Pts',(58.8421757769976,45.4879405351144,3.));
#9354=CARTESIAN_POINT('',(58.911145848047,45.6368057431703,2.71206157927689));
#9355=CARTESIAN_POINT('',(58.9751480635426,45.6746146432033,4.41043556738726));
#9356=CARTESIAN_POINT('Ctrl Pts',(58.911145848047,45.6368057431703,2.71206157927689));
#9357=CARTESIAN_POINT('Ctrl Pts',(58.9040483379778,45.6081675802706,2.71296658242572));
#9358=CARTESIAN_POINT('Ctrl Pts',(58.8896894039309,45.5502298685533,2.71479748937754));
#9359=CARTESIAN_POINT('Ctrl Pts',(58.8510887770493,45.5046993018652,2.71726572447396));
#9360=CARTESIAN_POINT('Ctrl Pts',(58.8315681415568,45.4816741422269,2.71851393004779));
#9361=CARTESIAN_POINT('Ctrl Pts',(59.1092671840179,46.2494810271526,4.39258379462928));
#9362=CARTESIAN_POINT('Ctrl Pts',(59.0452649685223,46.2116721271196,2.6942098065189));
#9363=CARTESIAN_POINT('Ctrl Pts',(59.0779250882111,46.1127210411513,4.39680942941843));
#9364=CARTESIAN_POINT('Ctrl Pts',(59.0139228727155,46.0749121411183,2.69843544130805));
#9365=CARTESIAN_POINT('Ctrl Pts',(59.0339693657359,45.920921997863,4.40273567095693));
#9366=CARTESIAN_POINT('Ctrl Pts',(58.9699671502403,45.88311309783,2.70436168284655));
#9367=CARTESIAN_POINT('Ctrl Pts',(58.9882638224695,45.7295353567063,4.40871867263015));
#9368=CARTESIAN_POINT('Ctrl Pts',(58.9242616069738,45.6917264566733,2.71034468451977));
#9369=CARTESIAN_POINT('Ctrl Pts',(58.9751480635426,45.6746146432033,4.41043556738726));
#9370=CARTESIAN_POINT('Ctrl Pts',(58.911145848047,45.6368057431703,2.71206157927689));
#9371=CARTESIAN_POINT('Ctrl Pts',(59.0567884904301,46.2184795740879,3.));
#9372=CARTESIAN_POINT('Ctrl Pts',(59.0347013887865,46.1225246146087,3.));
#9373=CARTESIAN_POINT('Ctrl Pts',(59.0126142871417,46.0265696551244,3.));
#9374=CARTESIAN_POINT('Ctrl Pts',(58.9902201570571,45.9306867470825,3.));
#9375=CARTESIAN_POINT('Ctrl Pts',(58.979477748518,45.8846919544197,3.));
#9376=CARTESIAN_POINT('Ctrl Pts',(58.9701933101807,45.8452471614462,2.99999991716997));
#9377=CARTESIAN_POINT('Ctrl Pts',(58.961393742221,45.8081264359438,2.99999993455469));
#9378=CARTESIAN_POINT('Ctrl Pts',(58.9516754140334,45.7671299467246,2.99999995375454));
#9379=CARTESIAN_POINT('Ctrl Pts',(58.9425505696031,45.7289676813144,3.00000002780617));
#9380=CARTESIAN_POINT('Ctrl Pts',(58.9327205202783,45.6879441443609,3.00000000928461));
#9381=CARTESIAN_POINT('Ctrl Pts',(58.9292531590769,45.6734738791897,3.00000000275148));
#9382=CARTESIAN_POINT('Ctrl Pts',(58.9256975853151,45.6586477285785,3.));
#9383=CARTESIAN_POINT('Ctrl Pts',(58.9219966364962,45.6432157771446,3.));
#9384=CARTESIAN_POINT('Ctrl Pts',(59.0452649685223,46.2116721271196,2.69420980651891));
#9385=CARTESIAN_POINT('Ctrl Pts',(59.0139228727155,46.0749121411183,2.69843544130806));
#9386=CARTESIAN_POINT('Ctrl Pts',(58.9699671502403,45.88311309783,2.70436168284655));
#9387=CARTESIAN_POINT('Ctrl Pts',(58.9242616069739,45.6917264566733,2.71034468451977));
#9388=CARTESIAN_POINT('Ctrl Pts',(58.911145848047,45.6368057431703,2.71206157927689));
#9389=CARTESIAN_POINT('Origin',(60.2148172249117,44.8199750240116,2.68111763774167));
#9390=CARTESIAN_POINT('Ctrl Pts',(63.0942230580542,45.5722543526643,4.25748939812918));
#9391=CARTESIAN_POINT('Ctrl Pts',(63.0302208425586,45.5344454526313,2.5591154100188));
#9392=CARTESIAN_POINT('Ctrl Pts',(63.0805298789006,45.5867603344814,4.25768248786613));
#9393=CARTESIAN_POINT('Ctrl Pts',(63.016527663405,45.5489514344484,2.55930849975575));
#9394=CARTESIAN_POINT('Ctrl Pts',(63.0539901396042,45.6148754253121,4.25805672902824));
#9395=CARTESIAN_POINT('Ctrl Pts',(62.9899879241086,45.5770665252792,2.55968274091786));
#9396=CARTESIAN_POINT('Ctrl Pts',(63.0383675439858,45.6502169778723,4.2578586899045));
#9397=CARTESIAN_POINT('Ctrl Pts',(62.9743653284901,45.6124080778393,2.55948470179412));
#9398=CARTESIAN_POINT('Ctrl Pts',(63.0308054269673,45.6673240555052,4.25776282907161));
#9399=CARTESIAN_POINT('Ctrl Pts',(62.9668032114717,45.6295151554723,2.55938884096123));
#9400=CARTESIAN_POINT('',(63.0468353165992,45.544260347057,3.));
#9401=CARTESIAN_POINT('',(62.9834073814295,45.6393239628269,3.));
#9402=CARTESIAN_POINT('Ctrl Pts',(63.0468353165992,45.544260347057,3.));
#9403=CARTESIAN_POINT('Ctrl Pts',(63.0335584008538,45.5583137210788,3.));
#9404=CARTESIAN_POINT('Ctrl Pts',(63.0202814851083,45.5723670951007,3.));
#9405=CARTESIAN_POINT('Ctrl Pts',(63.0096547040095,45.5881743194223,3.));
#9406=CARTESIAN_POINT('Ctrl Pts',(63.0093150938985,45.5886794858652,3.));
#9407=CARTESIAN_POINT('Ctrl Pts',(63.0089788204492,45.589185505978,3.00000000000841));
#9408=CARTESIAN_POINT('Ctrl Pts',(63.0086458824273,45.5896925043235,2.99999999303846));
#9409=CARTESIAN_POINT('Ctrl Pts',(63.0050685755454,45.5951400307426,2.99999991814863));
#9410=CARTESIAN_POINT('Ctrl Pts',(63.0018715840988,45.6006973462532,2.99999928673684));
#9411=CARTESIAN_POINT('Ctrl Pts',(62.9988668118789,45.6063954699546,2.9999992118676));
#9412=CARTESIAN_POINT('Ctrl Pts',(62.9945825949849,45.6145198787411,2.99999910511872));
#9413=CARTESIAN_POINT('Ctrl Pts',(62.9906954123146,45.6229346882471,2.99999980118529));
#9414=CARTESIAN_POINT('Ctrl Pts',(62.9867473146001,45.6317875663648,2.99999995236473));
#9415=CARTESIAN_POINT('Ctrl Pts',(62.9856426141457,45.6342646525938,2.99999999466561));
#9416=CARTESIAN_POINT('Ctrl Pts',(62.984533035965,45.6367759638726,3.));
#9417=CARTESIAN_POINT('Ctrl Pts',(62.9834073814295,45.6393239628269,3.));
#9418=CARTESIAN_POINT('',(63.0302208425586,45.5344454526313,2.5591154100188));
#9419=CARTESIAN_POINT('',(63.0942230580542,45.5722543526643,4.25748939812918));
#9420=CARTESIAN_POINT('',(62.9668032114717,45.6295151554723,2.55938884096123));
#9421=CARTESIAN_POINT('Ctrl Pts',(63.0302208425586,45.5344454526313,2.5591154100188));
#9422=CARTESIAN_POINT('Ctrl Pts',(63.016527663405,45.5489514344484,2.55930849975575));
#9423=CARTESIAN_POINT('Ctrl Pts',(62.9899879241086,45.5770665252792,2.55968274091786));
#9424=CARTESIAN_POINT('Ctrl Pts',(62.9743653284902,45.6124080778393,2.55948470179412));
#9425=CARTESIAN_POINT('Ctrl Pts',(62.9668032114717,45.6295151554723,2.55938884096123));
#9426=CARTESIAN_POINT('',(63.0308054269673,45.6673240555052,4.25776282907161));
#9427=CARTESIAN_POINT('Origin',(63.0308054269673,45.6673240555052,4.25776282907161));
#9428=CARTESIAN_POINT('',(62.6032920341953,46.7318955114652,3.));
#9429=CARTESIAN_POINT('',(63.6369397135176,43.7608656544474,3.));
#9430=CARTESIAN_POINT('',(62.5863118079458,46.7218645512581,2.54940974541318));
#9431=CARTESIAN_POINT('',(62.9668032114717,45.6295151554723,2.55938884096123));
#9432=CARTESIAN_POINT('',(62.6503140234415,46.7596734512911,4.24778373352356));
#9433=CARTESIAN_POINT('Ctrl Pts',(62.6503140234415,46.7596734512911,4.24778373352356));
#9434=CARTESIAN_POINT('Ctrl Pts',(62.5863118079458,46.7218645512581,2.54940974541318));
#9435=CARTESIAN_POINT('Ctrl Pts',(62.6436182086912,46.7766035028752,4.24765916752643));
#9436=CARTESIAN_POINT('Ctrl Pts',(62.5796159931956,46.7387946028422,2.54928517941605));
#9437=CARTESIAN_POINT('Ctrl Pts',(62.6299998229254,46.8110369485581,4.24740581705819));
#9438=CARTESIAN_POINT('Ctrl Pts',(62.5659976074298,46.7732280485251,2.54903182894781));
#9439=CARTESIAN_POINT('Ctrl Pts',(62.6054183869183,46.8387455005932,4.24771531101785));
#9440=CARTESIAN_POINT('Ctrl Pts',(62.5414161714226,46.8009366005602,2.54934132290747));
#9441=CARTESIAN_POINT('Ctrl Pts',(62.5929230193065,46.8528304606243,4.24787263465014));
#9442=CARTESIAN_POINT('Ctrl Pts',(62.5289208038108,46.8150215605913,2.54949864653977));
#9443=CARTESIAN_POINT('',(62.5458976798741,46.8250505416974,3.));
#9444=CARTESIAN_POINT('Ctrl Pts',(62.6032920341953,46.7318955114652,3.));
#9445=CARTESIAN_POINT('Ctrl Pts',(62.5996970671062,46.7409930829178,3.));
#9446=CARTESIAN_POINT('Ctrl Pts',(62.5962068453779,46.7498072506534,3.00000029932861));
#9447=CARTESIAN_POINT('Ctrl Pts',(62.5923688260448,46.758330074996,3.00000041643067));
#9448=CARTESIAN_POINT('Ctrl Pts',(62.589411724472,46.7648967061358,3.00000050665499));
#9449=CARTESIAN_POINT('Ctrl Pts',(62.5862525963772,46.7712931083055,3.00000026087268));
#9450=CARTESIAN_POINT('Ctrl Pts',(62.5826725420844,46.7775083408937,3.00000007057512));
#9451=CARTESIAN_POINT('Ctrl Pts',(62.5819856716662,46.7787007975042,3.00000003406456));
#9452=CARTESIAN_POINT('Ctrl Pts',(62.5812831780129,46.7798865061977,3.00000000620791));
#9453=CARTESIAN_POINT('Ctrl Pts',(62.5805632941201,46.7810652541201,3.00000000111806));
#9454=CARTESIAN_POINT('Ctrl Pts',(62.5804051155973,46.7813242578385,2.99999999999967));
#9455=CARTESIAN_POINT('Ctrl Pts',(62.5802460970881,46.7815829252555,3.));
#9456=CARTESIAN_POINT('Ctrl Pts',(62.5800862445596,46.781841269272,3.));
#9457=CARTESIAN_POINT('Ctrl Pts',(62.5704907841419,46.7973488737446,3.));
#9458=CARTESIAN_POINT('Ctrl Pts',(62.5581942320439,46.8111997076806,3.));
#9459=CARTESIAN_POINT('Ctrl Pts',(62.5458976798741,46.8250505416974,3.));
#9460=CARTESIAN_POINT('',(62.5289208038108,46.8150215605913,2.54949864653977));
#9461=CARTESIAN_POINT('Ctrl Pts',(62.5863118079459,46.7218645512581,2.54940974541318));
#9462=CARTESIAN_POINT('Ctrl Pts',(62.5796159931956,46.7387946028422,2.54928517941605));
#9463=CARTESIAN_POINT('Ctrl Pts',(62.5659976074298,46.7732280485251,2.54903182894781));
#9464=CARTESIAN_POINT('Ctrl Pts',(62.5414161714226,46.8009366005602,2.54934132290747));
#9465=CARTESIAN_POINT('Ctrl Pts',(62.5289208038108,46.8150215605913,2.54949864653977));
#9466=CARTESIAN_POINT('',(62.5929230193065,46.8528304606243,4.24787263465014));
#9467=CARTESIAN_POINT('Ctrl Pts',(62.5929230193065,46.8528304606243,4.24787263465014));
#9468=CARTESIAN_POINT('Ctrl Pts',(62.5289208038108,46.8150215605913,2.54949864653977));
#9469=CARTESIAN_POINT('Ctrl Pts',(62.5700869230214,46.8711640824781,4.24832505954889));
#9470=CARTESIAN_POINT('Ctrl Pts',(62.5060847075258,46.8333551824451,2.54995107143851));
#9471=CARTESIAN_POINT('Ctrl Pts',(62.5242037387824,46.9080007177237,4.24923408947784));
#9472=CARTESIAN_POINT('Ctrl Pts',(62.4602015232868,46.8701918176907,2.55086010136746));
#9473=CARTESIAN_POINT('Ctrl Pts',(62.4655401561565,46.9123615116417,4.25134771254366));
#9474=CARTESIAN_POINT('Ctrl Pts',(62.4015379406609,46.8745526116087,2.55297372443328));
#9475=CARTESIAN_POINT('Ctrl Pts',(62.4360734839781,46.9145519350537,4.25240938377479));
#9476=CARTESIAN_POINT('Ctrl Pts',(62.3720712684825,46.8767430350207,2.55403539566442));
#9477=CARTESIAN_POINT('',(62.3888771798482,46.8866710198236,3.));
#9478=CARTESIAN_POINT('Ctrl Pts',(62.5458976798741,46.8250505416974,3.));
#9479=CARTESIAN_POINT('Ctrl Pts',(62.5325175104397,46.8357787017542,3.));
#9480=CARTESIAN_POINT('Ctrl Pts',(62.5192725336103,46.8463893819749,3.00000025609867));
#9481=CARTESIAN_POINT('Ctrl Pts',(62.5054274251931,46.8554187144865,3.00000027893719));
#9482=CARTESIAN_POINT('Ctrl Pts',(62.4954128932236,46.8619498687667,3.00000029545689));
#9483=CARTESIAN_POINT('Ctrl Pts',(62.485086332261,46.8676586419856,3.00000000515378));
#9484=CARTESIAN_POINT('Ctrl Pts',(62.474161216339,46.8719700865598,3.00000000005606));
#9485=CARTESIAN_POINT('Ctrl Pts',(62.47404106214,46.8720175037381,3.));
#9486=CARTESIAN_POINT('Ctrl Pts',(62.4739208353135,46.8720647513203,3.));
#9487=CARTESIAN_POINT('Ctrl Pts',(62.4738005360818,46.8721118300743,3.));
#9488=CARTESIAN_POINT('Ctrl Pts',(62.4476206205329,46.8823572637746,3.));
#9489=CARTESIAN_POINT('Ctrl Pts',(62.4182489001905,46.8845141417991,3.));
#9490=CARTESIAN_POINT('Ctrl Pts',(62.3888771798482,46.8866710198236,3.));
#9491=CARTESIAN_POINT('',(62.3720712684825,46.8767430350207,2.55403539566442));
#9492=CARTESIAN_POINT('Ctrl Pts',(62.5289208038108,46.8150215605913,2.54949864653977));
#9493=CARTESIAN_POINT('Ctrl Pts',(62.5060847075258,46.8333551824451,2.54995107143851));
#9494=CARTESIAN_POINT('Ctrl Pts',(62.4602015232868,46.8701918176907,2.55086010136746));
#9495=CARTESIAN_POINT('Ctrl Pts',(62.4015379406609,46.8745526116087,2.55297372443328));
#9496=CARTESIAN_POINT('Ctrl Pts',(62.3720712684825,46.8767430350207,2.55403539566442));
#9497=CARTESIAN_POINT('',(62.4360734839781,46.9145519350537,4.25240938377479));
#9498=CARTESIAN_POINT('Ctrl Pts',(62.4360734839781,46.9145519350537,4.25240938377479));
#9499=CARTESIAN_POINT('Ctrl Pts',(62.3720712684825,46.8767430350207,2.55403539566442));
#9500=CARTESIAN_POINT('Ctrl Pts',(62.4073332451967,46.9114998612596,4.25356038733616));
#9501=CARTESIAN_POINT('Ctrl Pts',(62.3433310297011,46.8736909612266,2.55518639922579));
#9502=CARTESIAN_POINT('Ctrl Pts',(62.3500148245575,46.9054129233297,4.25585590432159));
#9503=CARTESIAN_POINT('Ctrl Pts',(62.2860126090619,46.8676040232967,2.55748191621122));
#9504=CARTESIAN_POINT('Ctrl Pts',(62.306750007471,46.8673525957079,4.25833360552185));
#9505=CARTESIAN_POINT('Ctrl Pts',(62.2427477919754,46.8295436956749,2.55995961741147));
#9506=CARTESIAN_POINT('Ctrl Pts',(62.2851787604451,46.8483762360627,4.25956895350773));
#9507=CARTESIAN_POINT('Ctrl Pts',(62.2211765449495,46.8105673360297,2.56119496539735));
#9508=CARTESIAN_POINT('',(62.2377126521802,46.820335935763,3.));
#9509=CARTESIAN_POINT('Ctrl Pts',(62.3888771798482,46.8866710198236,3.));
#9510=CARTESIAN_POINT('Ctrl Pts',(62.3601751953005,46.8836020508128,3.));
#9511=CARTESIAN_POINT('Ctrl Pts',(62.3314732107527,46.8805330818019,3.));
#9512=CARTESIAN_POINT('Ctrl Pts',(62.3062728350054,46.8694926888209,3.));
#9513=CARTESIAN_POINT('Ctrl Pts',(62.3062011633974,46.8694612891813,3.));
#9514=CARTESIAN_POINT('Ctrl Pts',(62.3061295212625,46.8694298255665,3.));
#9515=CARTESIAN_POINT('Ctrl Pts',(62.3060579086689,46.8693982977953,3.00000000000204));
#9516=CARTESIAN_POINT('Ctrl Pts',(62.2940863544893,46.8641277664252,3.00000000034348));
#9517=CARTESIAN_POINT('Ctrl Pts',(62.2829383034893,46.8570689970449,3.00000003103898));
#9518=CARTESIAN_POINT('Ctrl Pts',(62.2721908219198,46.8490607647714,3.00000002491692));
#9519=CARTESIAN_POINT('Ctrl Pts',(62.2603964281066,46.8402724505445,3.00000001819851));
#9520=CARTESIAN_POINT('Ctrl Pts',(62.2490869783272,46.8303349230015,3.));
#9521=CARTESIAN_POINT('Ctrl Pts',(62.2377126521802,46.820335935763,3.));
#9522=CARTESIAN_POINT('',(62.2211765449495,46.8105673360297,2.56119496539735));
#9523=CARTESIAN_POINT('Ctrl Pts',(62.3720712684825,46.8767430350207,2.55403539566442));
#9524=CARTESIAN_POINT('Ctrl Pts',(62.3433310297011,46.8736909612266,2.55518639922579));
#9525=CARTESIAN_POINT('Ctrl Pts',(62.2860126090619,46.8676040232967,2.55748191621122));
#9526=CARTESIAN_POINT('Ctrl Pts',(62.2427477919754,46.8295436956749,2.55995961741147));
#9527=CARTESIAN_POINT('Ctrl Pts',(62.2211765449495,46.8105673360297,2.56119496539735));
#9528=CARTESIAN_POINT('',(62.2851787604451,46.8483762360627,4.25956895350773));
#9529=CARTESIAN_POINT('Ctrl Pts',(62.2851787604451,46.8483762360627,4.25956895350773));
#9530=CARTESIAN_POINT('Ctrl Pts',(62.2211765449495,46.8105673360297,2.56119496539735));
#9531=CARTESIAN_POINT('Ctrl Pts',(62.2725308698459,46.8338237566021,4.26036954646921));
#9532=CARTESIAN_POINT('Ctrl Pts',(62.2085286543503,46.7960148565691,2.56199555835884));
#9533=CARTESIAN_POINT('Ctrl Pts',(62.2475826193637,46.8051186614817,4.26194873420656));
#9534=CARTESIAN_POINT('Ctrl Pts',(62.183580403868,46.7673097614487,2.56357474609618));
#9535=CARTESIAN_POINT('Ctrl Pts',(62.2349319096518,46.7692538543533,4.26322388465736));
#9536=CARTESIAN_POINT('Ctrl Pts',(62.1709296941562,46.7314449543203,2.56484989654698));
#9537=CARTESIAN_POINT('Ctrl Pts',(62.2286946673914,46.7515712503113,4.26385257841932));
#9538=CARTESIAN_POINT('Ctrl Pts',(62.1646924518957,46.7137623502783,2.56547859030894));
#9539=CARTESIAN_POINT('',(62.1810671332646,46.7234355887147,3.));
#9540=CARTESIAN_POINT('Ctrl Pts',(62.2377126521802,46.820335935763,3.));
#9541=CARTESIAN_POINT('Ctrl Pts',(62.2252088660699,46.8059659190169,3.));
#9542=CARTESIAN_POINT('Ctrl Pts',(62.2127050799596,46.7915959022708,3.));
#9543=CARTESIAN_POINT('Ctrl Pts',(62.2032361972358,46.7754622576248,3.));
#9544=CARTESIAN_POINT('Ctrl Pts',(62.2031041739838,46.7752373085685,3.));
#9545=CARTESIAN_POINT('Ctrl Pts',(62.2029727899479,46.7750121005306,3.00000000000008));
#9546=CARTESIAN_POINT('Ctrl Pts',(62.2028420500105,46.7747866260214,2.999999999637));
#9547=CARTESIAN_POINT('Ctrl Pts',(62.1989572393431,46.7680868692706,2.99999998884846));
#9548=CARTESIAN_POINT('Ctrl Pts',(62.1956360158854,46.7611548094978,2.99999978357342));
#9549=CARTESIAN_POINT('Ctrl Pts',(62.1926043172278,46.7540280881472,2.99999979681447));
#9550=CARTESIAN_POINT('Ctrl Pts',(62.1886856508006,46.7448163402636,2.99999981392938));
#9551=CARTESIAN_POINT('Ctrl Pts',(62.1852588059603,46.7352746475194,2.99999999572218));
#9552=CARTESIAN_POINT('Ctrl Pts',(62.1817818668017,46.7254552295878,2.99999999971915));
#9553=CARTESIAN_POINT('Ctrl Pts',(62.1815439426171,46.7247832946193,2.99999999999266));
#9554=CARTESIAN_POINT('Ctrl Pts',(62.1813057609547,46.7241100725245,3.));
#9555=CARTESIAN_POINT('Ctrl Pts',(62.1810671332646,46.7234355887147,3.));
#9556=CARTESIAN_POINT('',(62.1646924518957,46.7137623502783,2.56547859030894));
#9557=CARTESIAN_POINT('Ctrl Pts',(62.2211765449495,46.8105673360297,2.56119496539735));
#9558=CARTESIAN_POINT('Ctrl Pts',(62.2085286543503,46.7960148565691,2.56199555835883));
#9559=CARTESIAN_POINT('Ctrl Pts',(62.183580403868,46.7673097614487,2.56357474609618));
#9560=CARTESIAN_POINT('Ctrl Pts',(62.1709296941562,46.7314449543203,2.56484989654698));
#9561=CARTESIAN_POINT('Ctrl Pts',(62.1646924518958,46.7137623502783,2.56547859030894));
#9562=CARTESIAN_POINT('',(62.2286946673914,46.7515712503113,4.26385257841932));
#9563=CARTESIAN_POINT('Origin',(62.2286946673914,46.7515712503113,4.26385257841932));
#9564=CARTESIAN_POINT('',(61.8327114192127,45.6217206481794,3.));
#9565=CARTESIAN_POINT('',(61.1990985783442,43.6178472936122,3.));
#9566=CARTESIAN_POINT('',(61.8177529843502,45.6128840483213,2.60306035538531));
#9567=CARTESIAN_POINT('',(62.1646924518958,46.7137623502783,2.56547859030894));
#9568=CARTESIAN_POINT('',(61.8817551998458,45.6506929483542,4.30143434349569));
#9569=CARTESIAN_POINT('Ctrl Pts',(61.8817551998458,45.6506929483542,4.30143434349569));
#9570=CARTESIAN_POINT('Ctrl Pts',(61.8177529843502,45.6128840483213,2.60306035538531));
#9571=CARTESIAN_POINT('Ctrl Pts',(61.8747197222109,45.6333745882594,4.30208500954981));
#9572=CARTESIAN_POINT('Ctrl Pts',(61.8107175067153,45.5955656882264,2.60371102143943));
#9573=CARTESIAN_POINT('Ctrl Pts',(61.8601851121533,45.5975965467564,4.30342922210582));
#9574=CARTESIAN_POINT('Ctrl Pts',(61.7961828966577,45.5597876467234,2.60505523399544));
#9575=CARTESIAN_POINT('Ctrl Pts',(61.8345171404126,45.5687258126858,4.30503921953641));
#9576=CARTESIAN_POINT('Ctrl Pts',(61.7705149249169,45.5309169126528,2.60666523142603));
#9577=CARTESIAN_POINT('Ctrl Pts',(61.821273749751,45.5538299567201,4.30586989775098));
#9578=CARTESIAN_POINT('Ctrl Pts',(61.7572715342554,45.5160210566871,2.60749590964061));
#9579=CARTESIAN_POINT('',(61.772062817889,45.5247589130243,3.));
#9580=CARTESIAN_POINT('Ctrl Pts',(61.8327114192127,45.6217206481794,3.));
#9581=CARTESIAN_POINT('Ctrl Pts',(61.8296821663017,45.6142835958629,3.));
#9582=CARTESIAN_POINT('Ctrl Pts',(61.8267735459081,45.6071574050323,3.00000011409958));
#9583=CARTESIAN_POINT('Ctrl Pts',(61.8237380850069,45.60026357226,3.00000025111913));
#9584=CARTESIAN_POINT('Ctrl Pts',(61.8210009687006,45.5940473096532,3.00000037467151));
#9585=CARTESIAN_POINT('Ctrl Pts',(61.8181650740365,45.5880172731262,3.00000041291614));
#9586=CARTESIAN_POINT('Ctrl Pts',(61.8150502536936,45.582115104002,3.00000026813623));
#9587=CARTESIAN_POINT('Ctrl Pts',(61.8131303063395,45.5784770598304,3.00000017889518));
#9588=CARTESIAN_POINT('Ctrl Pts',(61.8111041614607,45.5748877357377,3.00000002544181));
#9589=CARTESIAN_POINT('Ctrl Pts',(61.8089204843705,45.5713391389588,3.00000000323096));
#9590=CARTESIAN_POINT('Ctrl Pts',(61.8086024292076,45.5708222816213,2.99999999999592));
#9591=CARTESIAN_POINT('Ctrl Pts',(61.8082810130588,45.5703063001061,3.));
#9592=CARTESIAN_POINT('Ctrl Pts',(61.8079562384568,45.5697910697361,3.));
#9593=CARTESIAN_POINT('Ctrl Pts',(61.7977916119204,45.5536656576534,3.));
#9594=CARTESIAN_POINT('Ctrl Pts',(61.7849272149046,45.5392122853388,3.));
#9595=CARTESIAN_POINT('Ctrl Pts',(61.772062817889,45.5247589130243,3.));
#9596=CARTESIAN_POINT('',(61.7572715342554,45.5160210566871,2.60749590964061));
#9597=CARTESIAN_POINT('Ctrl Pts',(61.8177529843502,45.6128840483213,2.60306035538531));
#9598=CARTESIAN_POINT('Ctrl Pts',(61.8107175067153,45.5955656882264,2.60371102143943));
#9599=CARTESIAN_POINT('Ctrl Pts',(61.7961828966577,45.5597876467234,2.60505523399544));
#9600=CARTESIAN_POINT('Ctrl Pts',(61.7705149249169,45.5309169126528,2.60666523142603));
#9601=CARTESIAN_POINT('Ctrl Pts',(61.7572715342554,45.5160210566871,2.60749590964061));
#9602=CARTESIAN_POINT('',(61.821273749751,45.5538299567201,4.30586989775098));
#9603=CARTESIAN_POINT('Ctrl Pts',(61.821273749751,45.5538299567201,4.30586989775098));
#9604=CARTESIAN_POINT('Ctrl Pts',(61.7572715342554,45.5160210566871,2.60749590964061));
#9605=CARTESIAN_POINT('Ctrl Pts',(61.7943261014083,45.5306098292924,4.3074023262333));
#9606=CARTESIAN_POINT('Ctrl Pts',(61.7303238859127,45.4928009292594,2.60902833812292));
#9607=CARTESIAN_POINT('Ctrl Pts',(61.7404701512626,45.4842034783849,4.31046494568326));
#9608=CARTESIAN_POINT('Ctrl Pts',(61.6764679357669,45.446394578352,2.61209095757289));
#9609=CARTESIAN_POINT('Ctrl Pts',(61.6699084843006,45.475491997307,4.31331795365781));
#9610=CARTESIAN_POINT('Ctrl Pts',(61.605906268805,45.437683097274,2.61494396554744));
#9611=CARTESIAN_POINT('Ctrl Pts',(61.6346534265921,45.4711394390222,4.31474341545763));
#9612=CARTESIAN_POINT('Ctrl Pts',(61.5706512110965,45.4333305389892,2.61636942734725));
#9613=CARTESIAN_POINT('',(61.5851081014831,45.4418708546514,3.));
#9614=CARTESIAN_POINT('Ctrl Pts',(61.772062817889,45.5247589130243,3.));
#9615=CARTESIAN_POINT('Ctrl Pts',(61.7450779173621,45.5015223203793,3.));
#9616=CARTESIAN_POINT('Ctrl Pts',(61.7180930168351,45.4782857277343,3.));
#9617=CARTESIAN_POINT('Ctrl Pts',(61.6869370716445,45.4644663207155,3.));
#9618=CARTESIAN_POINT('Ctrl Pts',(61.6869134070126,45.4644558241256,3.));
#9619=CARTESIAN_POINT('Ctrl Pts',(61.6868897400016,45.4644453329807,3.));
#9620=CARTESIAN_POINT('Ctrl Pts',(61.6868660706096,45.464434847285,2.99999999999996));
#9621=CARTESIAN_POINT('Ctrl Pts',(61.6647642032178,45.4546435752544,2.99999999995737));
#9622=CARTESIAN_POINT('Ctrl Pts',(61.6405887840512,45.4495978845332,2.999999991861));
#9623=CARTESIAN_POINT('Ctrl Pts',(61.6157745684475,45.4459220459794,2.9999999970707));
#9624=CARTESIAN_POINT('Ctrl Pts',(61.6056268437596,45.4444188190292,2.9999999992012));
#9625=CARTESIAN_POINT('Ctrl Pts',(61.5953720042311,45.4431453237527,3.));
#9626=CARTESIAN_POINT('Ctrl Pts',(61.5851081014831,45.4418708546514,3.));
#9627=CARTESIAN_POINT('',(61.5706512110965,45.4333305389892,2.61636942734725));
#9628=CARTESIAN_POINT('Ctrl Pts',(61.7572715342554,45.5160210566871,2.60749590964061));
#9629=CARTESIAN_POINT('Ctrl Pts',(61.7303238859127,45.4928009292594,2.60902833812292));
#9630=CARTESIAN_POINT('Ctrl Pts',(61.6764679357669,45.446394578352,2.61209095757289));
#9631=CARTESIAN_POINT('Ctrl Pts',(61.605906268805,45.437683097274,2.61494396554744));
#9632=CARTESIAN_POINT('Ctrl Pts',(61.5706512110965,45.4333305389892,2.61636942734725));
#9633=CARTESIAN_POINT('',(61.6346534265921,45.4711394390222,4.31474341545763));
#9634=CARTESIAN_POINT('Origin',(61.6346534265921,45.4711394390222,4.31474341545763));
#9635=CARTESIAN_POINT('',(61.2248901313271,45.4363602502185,3.));
#9636=CARTESIAN_POINT('',(60.8997162934566,45.4313857499412,3.));
#9637=CARTESIAN_POINT('',(61.2109484277273,45.4281242778602,2.63004051406));
#9638=CARTESIAN_POINT('',(61.5706512110965,45.4333305389892,2.61636942734725));
#9639=CARTESIAN_POINT('',(61.2749506432229,45.4659331778932,4.32841450217038));
#9640=CARTESIAN_POINT('Origin',(61.2749506432229,45.4659331778932,4.32841450217038));
#9641=CARTESIAN_POINT('',(61.2213580668035,45.680392082022,3.));
#9642=CARTESIAN_POINT('',(61.2605713161241,42.9711321013809,3.));
#9643=CARTESIAN_POINT('',(61.2072170369366,45.6720383589444,2.62475115736133));
#9644=CARTESIAN_POINT('',(61.2109484277273,45.4281242778602,2.63004051406));
#9645=CARTESIAN_POINT('',(61.2712192524323,45.7098472589774,4.3231251454717));
#9646=CARTESIAN_POINT('Origin',(61.2712192524323,45.7098472589774,4.3231251454717));
#9647=CARTESIAN_POINT('',(61.5375492636278,45.6852291661079,3.));
#9648=CARTESIAN_POINT('',(60.7161340237956,45.6726631787421,3.));
#9649=CARTESIAN_POINT('',(61.5229560144375,45.6766082973533,2.6127509862768));
#9650=CARTESIAN_POINT('',(61.2072170369366,45.6720383589445,2.62475115736133));
#9651=CARTESIAN_POINT('',(61.5869582299332,45.7144171973863,4.31112497438717));
#9652=CARTESIAN_POINT('Ctrl Pts',(61.5869582299332,45.7144171973862,4.31112497438717));
#9653=CARTESIAN_POINT('Ctrl Pts',(61.5229560144376,45.6766082973532,2.6127509862768));
#9654=CARTESIAN_POINT('Ctrl Pts',(61.5973301244893,45.7156318362894,4.31070707562264));
#9655=CARTESIAN_POINT('Ctrl Pts',(61.5333279089936,45.6778229362564,2.61233308751227));
#9656=CARTESIAN_POINT('Ctrl Pts',(61.6184231832112,45.7181020165994,4.30985720551141));
#9657=CARTESIAN_POINT('Ctrl Pts',(61.5544209677156,45.6802931165664,2.61148321740103));
#9658=CARTESIAN_POINT('Ctrl Pts',(61.6344159275887,45.7321025413839,4.30894285123793));
#9659=CARTESIAN_POINT('Ctrl Pts',(61.570413712093,45.694293641351,2.61056886312755));
#9660=CARTESIAN_POINT('Ctrl Pts',(61.6425447077809,45.7392187176864,4.3084781039293));
#9661=CARTESIAN_POINT('Ctrl Pts',(61.5785424922853,45.7014098176534,2.61010411581892));
#9662=CARTESIAN_POINT('',(61.5932354872175,45.710089610568,3.));
#9663=CARTESIAN_POINT('Ctrl Pts',(61.5375492636278,45.6852291661079,3.));
#9664=CARTESIAN_POINT('Ctrl Pts',(61.5431860429943,45.6858933294453,3.));
#9665=CARTESIAN_POINT('Ctrl Pts',(61.5486457658945,45.6865432400399,2.99999996486843));
#9666=CARTESIAN_POINT('Ctrl Pts',(61.5538895483802,45.6875918288189,2.99999995213623));
#9667=CARTESIAN_POINT('Ctrl Pts',(61.5579074728044,45.6883952851937,2.99999994238047));
#9668=CARTESIAN_POINT('Ctrl Pts',(61.5618007209279,45.689428052542,2.99999997236319));
#9669=CARTESIAN_POINT('Ctrl Pts',(61.5655458784127,45.6908892778697,2.99999999308884));
#9670=CARTESIAN_POINT('Ctrl Pts',(61.5661950111062,45.6911425460264,2.99999999668113));
#9671=CARTESIAN_POINT('Ctrl Pts',(61.5668396438483,45.6914088012291,2.9999999993501));
#9672=CARTESIAN_POINT('Ctrl Pts',(61.5674795782601,45.6916892532956,2.99999999987393));
#9673=CARTESIAN_POINT('Ctrl Pts',(61.5676336251649,45.6917567645467,3.00000000000002));
#9674=CARTESIAN_POINT('Ctrl Pts',(61.5677873996694,45.6918250987959,3.));
#9675=CARTESIAN_POINT('Ctrl Pts',(61.5679409103317,45.6918942473159,3.));
#9676=CARTESIAN_POINT('Ctrl Pts',(61.5772082493405,45.6960686985714,3.));
#9677=CARTESIAN_POINT('Ctrl Pts',(61.5852218665233,45.7030791530337,3.));
#9678=CARTESIAN_POINT('Ctrl Pts',(61.5932354872175,45.710089610568,3.));
#9679=CARTESIAN_POINT('',(61.5785424922853,45.7014098176534,2.61010411581892));
#9680=CARTESIAN_POINT('Ctrl Pts',(61.5229560144376,45.6766082973532,2.6127509862768));
#9681=CARTESIAN_POINT('Ctrl Pts',(61.5333279089936,45.6778229362564,2.61233308751227));
#9682=CARTESIAN_POINT('Ctrl Pts',(61.5544209677156,45.6802931165664,2.61148321740103));
#9683=CARTESIAN_POINT('Ctrl Pts',(61.570413712093,45.694293641351,2.61056886312755));
#9684=CARTESIAN_POINT('Ctrl Pts',(61.5785424922853,45.7014098176534,2.61010411581892));
#9685=CARTESIAN_POINT('',(61.6425447077809,45.7392187176864,4.3084781039293));
#9686=CARTESIAN_POINT('Ctrl Pts',(61.6425447077809,45.7392187176864,4.3084781039293));
#9687=CARTESIAN_POINT('Ctrl Pts',(61.5785424922853,45.7014098176534,2.61010411581892));
#9688=CARTESIAN_POINT('Ctrl Pts',(61.646294896063,45.7433248511203,4.30824537029709));
#9689=CARTESIAN_POINT('Ctrl Pts',(61.5822926805674,45.7055159510873,2.60987138218671));
#9690=CARTESIAN_POINT('Ctrl Pts',(61.6536994551722,45.7514322061209,4.30778584938593));
#9691=CARTESIAN_POINT('Ctrl Pts',(61.5896972396766,45.7136233060879,2.60941186127555));
#9692=CARTESIAN_POINT('Ctrl Pts',(61.6593443849168,45.7608504563957,4.30736345614503));
#9693=CARTESIAN_POINT('Ctrl Pts',(61.5953421694211,45.7230415563627,2.60898946803466));
#9694=CARTESIAN_POINT('Ctrl Pts',(61.6621303261559,45.7654986438893,4.30715499247902));
#9695=CARTESIAN_POINT('Ctrl Pts',(61.5981281106603,45.7276897438563,2.60878100436864));
#9696=CARTESIAN_POINT('',(61.612870966262,45.736398991643,3.));
#9697=CARTESIAN_POINT('Ctrl Pts',(61.5932354872175,45.710089610568,3.));
#9698=CARTESIAN_POINT('Ctrl Pts',(61.5969464228495,45.7141484004293,3.));
#9699=CARTESIAN_POINT('Ctrl Pts',(61.6006573582719,45.7182071900615,3.));
#9700=CARTESIAN_POINT('Ctrl Pts',(61.6039336618158,45.7225893123251,3.));
#9701=CARTESIAN_POINT('Ctrl Pts',(61.6039760739285,45.7226460393837,3.));
#9702=CARTESIAN_POINT('Ctrl Pts',(61.6040183995353,45.7227028023378,2.99999999999999));
#9703=CARTESIAN_POINT('Ctrl Pts',(61.6040606383576,45.7227596024869,3.0000000000358));
#9704=CARTESIAN_POINT('Ctrl Pts',(61.6065797340652,45.7261471261851,3.0000000021715));
#9705=CARTESIAN_POINT('Ctrl Pts',(61.6087956031835,45.7296628844808,3.00000001664717));
#9706=CARTESIAN_POINT('Ctrl Pts',(61.6110111482958,45.7333128319534,3.00000000425315));
#9707=CARTESIAN_POINT('Ctrl Pts',(61.6116291308674,45.7343309127466,3.00000000079609));
#9708=CARTESIAN_POINT('Ctrl Pts',(61.612246863038,45.7353596015029,3.));
#9709=CARTESIAN_POINT('Ctrl Pts',(61.6128709662619,45.736398991643,3.));
#9710=CARTESIAN_POINT('',(61.5981281106603,45.7276897438563,2.60878100436864));
#9711=CARTESIAN_POINT('Ctrl Pts',(61.5785424922853,45.7014098176534,2.61010411581892));
#9712=CARTESIAN_POINT('Ctrl Pts',(61.5822926805674,45.7055159510873,2.60987138218671));
#9713=CARTESIAN_POINT('Ctrl Pts',(61.5896972396766,45.7136233060879,2.60941186127555));
#9714=CARTESIAN_POINT('Ctrl Pts',(61.5953421694211,45.7230415563627,2.60898946803466));
#9715=CARTESIAN_POINT('Ctrl Pts',(61.5981281106603,45.7276897438563,2.60878100436864));
#9716=CARTESIAN_POINT('',(61.6621303261559,45.7654986438893,4.30715499247902));
#9717=CARTESIAN_POINT('Ctrl Pts',(63.2832913822189,45.49500147207,4.25208426047917));
#9718=CARTESIAN_POINT('Ctrl Pts',(63.2192891667233,45.457192572037,2.55371027236879));
#9719=CARTESIAN_POINT('Ctrl Pts',(63.2479188293143,45.498331842551,4.25334311402027));
#9720=CARTESIAN_POINT('Ctrl Pts',(63.1839166138187,45.460522942518,2.55496912590989));
#9721=CARTESIAN_POINT('Ctrl Pts',(63.1771216662631,45.5049974847678,4.25586267373786));
#9722=CARTESIAN_POINT('Ctrl Pts',(63.1131194507675,45.4671885847349,2.55748868562748));
#9723=CARTESIAN_POINT('Ctrl Pts',(63.1218694697935,45.5498244096009,4.25694689092332));
#9724=CARTESIAN_POINT('Ctrl Pts',(63.0578672542978,45.5120155095679,2.55857290281295));
#9725=CARTESIAN_POINT('Ctrl Pts',(63.0942230580542,45.5722543526643,4.25748939812918));
#9726=CARTESIAN_POINT('Ctrl Pts',(63.0302208425586,45.5344454526313,2.5591154100188));
#9727=CARTESIAN_POINT('',(63.2361073301675,45.467127794677,3.));
#9728=CARTESIAN_POINT('Ctrl Pts',(63.2361073301674,45.467127794677,3.));
#9729=CARTESIAN_POINT('Ctrl Pts',(63.2049917713341,45.4700288214312,3.));
#9730=CARTESIAN_POINT('Ctrl Pts',(63.1739548665419,45.4729245735529,2.99999992540409));
#9731=CARTESIAN_POINT('Ctrl Pts',(63.1455205813396,45.4822550514849,2.99999998429359));
#9732=CARTESIAN_POINT('Ctrl Pts',(63.1415408284231,45.4835609748271,2.99999999253595));
#9733=CARTESIAN_POINT('Ctrl Pts',(63.1376120972596,45.4849930438786,2.99999999995478));
#9734=CARTESIAN_POINT('Ctrl Pts',(63.1337413852674,45.4865691053827,2.99999999999974));
#9735=CARTESIAN_POINT('Ctrl Pts',(63.1337187695971,45.4865783139437,3.));
#9736=CARTESIAN_POINT('Ctrl Pts',(63.1336961559076,45.4865875274205,3.));
#9737=CARTESIAN_POINT('Ctrl Pts',(63.1336735441974,45.4865967458098,3.));
#9738=CARTESIAN_POINT('Ctrl Pts',(63.1021293919383,45.4994567317511,3.));
#9739=CARTESIAN_POINT('Ctrl Pts',(63.0744823542688,45.521858539404,3.));
#9740=CARTESIAN_POINT('Ctrl Pts',(63.0468353165992,45.544260347057,3.));
#9741=CARTESIAN_POINT('',(63.2192891667233,45.457192572037,2.55371027236879));
#9742=CARTESIAN_POINT('',(63.2832913822189,45.49500147207,4.25208426047917));
#9743=CARTESIAN_POINT('Ctrl Pts',(63.2192891667233,45.457192572037,2.55371027236879));
#9744=CARTESIAN_POINT('Ctrl Pts',(63.1839166138187,45.460522942518,2.55496912590989));
#9745=CARTESIAN_POINT('Ctrl Pts',(63.1131194507675,45.4671885847349,2.55748868562748));
#9746=CARTESIAN_POINT('Ctrl Pts',(63.0578672542978,45.5120155095679,2.55857290281295));
#9747=CARTESIAN_POINT('Ctrl Pts',(63.0302208425586,45.5344454526313,2.5591154100188));
#9748=CARTESIAN_POINT('Origin',(63.6429941655881,45.500207733199,4.23841317376641));
#9749=CARTESIAN_POINT('',(63.5963253003235,45.4726383991099,3.));
#9750=CARTESIAN_POINT('',(61.9038740049613,45.4467473265277,3.));
#9751=CARTESIAN_POINT('',(63.5789919500925,45.462398833166,2.54003918565604));
#9752=CARTESIAN_POINT('',(63.6429941655881,45.500207733199,4.23841317376641));
#9753=CARTESIAN_POINT('',(63.5789919500925,45.462398833166,2.54003918565604));
#9754=CARTESIAN_POINT('Origin',(63.6392627747974,45.7441218142833,4.23312381706773));
#9755=CARTESIAN_POINT('',(63.5927932358,45.7166702309134,3.));
#9756=CARTESIAN_POINT('',(63.6302695670977,43.1274146510927,3.));
#9757=CARTESIAN_POINT('',(63.5752605593018,45.7063129142503,2.53474982895736));
#9758=CARTESIAN_POINT('',(63.6392627747974,45.7441218142833,4.23312381706773));
#9759=CARTESIAN_POINT('',(63.5752605593018,45.7063129142503,2.53474982895736));
#9760=CARTESIAN_POINT('Origin',(63.3235226061883,45.7395518586346,4.24512403342226));
#9761=CARTESIAN_POINT('',(63.2766008461615,45.71183312858,3.));
#9762=CARTESIAN_POINT('',(61.7422727655966,45.6883610205153,3.));
#9763=CARTESIAN_POINT('',(63.2595203906926,45.7017429586017,2.54675004531189));
#9764=CARTESIAN_POINT('',(63.3235226061883,45.7395518586346,4.24512403342226));
#9765=CARTESIAN_POINT('',(63.2595203906926,45.7017429586017,2.54675004531188));
#9766=CARTESIAN_POINT('Ctrl Pts',(63.2672020808137,45.7627336609124,4.24673036982169));
#9767=CARTESIAN_POINT('Ctrl Pts',(63.2031998653181,45.7249247608794,2.54835638171131));
#9768=CARTESIAN_POINT('Ctrl Pts',(63.2755445338572,45.7558558833684,4.24656910129323));
#9769=CARTESIAN_POINT('Ctrl Pts',(63.2115423183616,45.7180469833354,2.54819511318285));
#9770=CARTESIAN_POINT('Ctrl Pts',(63.2919582215254,45.7423239291734,4.24625180717804));
#9771=CARTESIAN_POINT('Ctrl Pts',(63.2279560060298,45.7045150291404,2.54787781906767));
#9772=CARTESIAN_POINT('Ctrl Pts',(63.3131176904058,45.7404656467793,4.24549579390725));
#9773=CARTESIAN_POINT('Ctrl Pts',(63.2491154749102,45.7026567467463,2.54712180579687));
#9774=CARTESIAN_POINT('Ctrl Pts',(63.3235226061883,45.7395518586346,4.24512403342226));
#9775=CARTESIAN_POINT('Ctrl Pts',(63.2595203906926,45.7017429586017,2.54675004531189));
#9776=CARTESIAN_POINT('',(63.2202197869533,45.7349791708821,3.));
#9777=CARTESIAN_POINT('Ctrl Pts',(63.2202197869533,45.7349791708821,3.));
#9778=CARTESIAN_POINT('Ctrl Pts',(63.2284326206572,45.7282167162119,3.));
#9779=CARTESIAN_POINT('Ctrl Pts',(63.2366454245369,45.721454286099,3.));
#9780=CARTESIAN_POINT('Ctrl Pts',(63.2460294670955,45.7175652200948,3.));
#9781=CARTESIAN_POINT('Ctrl Pts',(63.2461846117752,45.7175009228693,3.));
#9782=CARTESIAN_POINT('Ctrl Pts',(63.2463399958782,45.7174374444775,3.00000000000018));
#9783=CARTESIAN_POINT('Ctrl Pts',(63.2464956276164,45.7173747938445,2.999999999147));
#9784=CARTESIAN_POINT('Ctrl Pts',(63.250355300938,45.7158210556446,2.99999997798824));
#9785=CARTESIAN_POINT('Ctrl Pts',(63.2543650617572,45.7147709666313,2.9999996370788));
#9786=CARTESIAN_POINT('Ctrl Pts',(63.2585019802975,45.7139961535921,2.99999965664073));
#9787=CARTESIAN_POINT('Ctrl Pts',(63.2638672929376,45.7129912717815,2.99999968201128));
#9788=CARTESIAN_POINT('Ctrl Pts',(63.2694499864482,45.712458015881,2.99999999046985));
#9789=CARTESIAN_POINT('Ctrl Pts',(63.275222395206,45.7119531811203,2.99999999927864));
#9790=CARTESIAN_POINT('Ctrl Pts',(63.275680704067,45.7119130990239,2.99999999997803));
#9791=CARTESIAN_POINT('Ctrl Pts',(63.2761401957494,45.7118731638521,3.));
#9792=CARTESIAN_POINT('Ctrl Pts',(63.2766008461615,45.71183312858,3.));
#9793=CARTESIAN_POINT('',(63.2031998653181,45.7249247608794,2.54835638171131));
#9794=CARTESIAN_POINT('',(63.2672020808137,45.7627336609124,4.24673036982169));
#9795=CARTESIAN_POINT('Ctrl Pts',(63.2031998653181,45.7249247608794,2.54835638171131));
#9796=CARTESIAN_POINT('Ctrl Pts',(63.2115423183616,45.7180469833354,2.54819511318285));
#9797=CARTESIAN_POINT('Ctrl Pts',(63.2279560060298,45.7045150291404,2.54787781906767));
#9798=CARTESIAN_POINT('Ctrl Pts',(63.2491154749102,45.7026567467463,2.54712180579687));
#9799=CARTESIAN_POINT('Ctrl Pts',(63.2595203906926,45.7017429586017,2.54675004531188));
#9800=CARTESIAN_POINT('Ctrl Pts',(63.2468212526402,45.7884351213187,4.24692624788616));
#9801=CARTESIAN_POINT('Ctrl Pts',(63.1828190371446,45.7506262212857,2.54855225977578));
#9802=CARTESIAN_POINT('Ctrl Pts',(63.2497476392976,45.783869529474,4.24691760713688));
#9803=CARTESIAN_POINT('Ctrl Pts',(63.1857454238019,45.746060629441,2.5485436190265));
#9804=CARTESIAN_POINT('Ctrl Pts',(63.2556774067944,45.7746182235822,4.2469000982974));
#9805=CARTESIAN_POINT('Ctrl Pts',(63.1916751912988,45.7368093235492,2.54852611018702));
#9806=CARTESIAN_POINT('Ctrl Pts',(63.2633274126869,45.7667293258745,4.24678743360622));
#9807=CARTESIAN_POINT('Ctrl Pts',(63.1993251971912,45.7289204258415,2.54841344549585));
#9808=CARTESIAN_POINT('Ctrl Pts',(63.2672020808137,45.7627336609124,4.24673036982169));
#9809=CARTESIAN_POINT('Ctrl Pts',(63.2031998653181,45.7249247608794,2.54835638171131));
#9810=CARTESIAN_POINT('',(63.1998315772312,45.7606762706857,3.));
#9811=CARTESIAN_POINT('Ctrl Pts',(63.1998315772312,45.7606762706857,3.));
#9812=CARTESIAN_POINT('Ctrl Pts',(63.2025673902452,45.756408656333,3.));
#9813=CARTESIAN_POINT('Ctrl Pts',(63.2051866056377,45.752326007458,2.99999992746546));
#9814=CARTESIAN_POINT('Ctrl Pts',(63.2081649157242,45.7484277577282,2.9999999887949));
#9815=CARTESIAN_POINT('Ctrl Pts',(63.2084502952397,45.7480542302624,2.99999999467144));
#9816=CARTESIAN_POINT('Ctrl Pts',(63.2087390166599,45.7476824314158,2.99999999929135));
#9817=CARTESIAN_POINT('Ctrl Pts',(63.2090315514227,45.7473124026246,2.99999999990734));
#9818=CARTESIAN_POINT('Ctrl Pts',(63.2090755618908,45.7472567335474,3.00000000000002));
#9819=CARTESIAN_POINT('Ctrl Pts',(63.2091196587065,45.7472011045627,3.));
#9820=CARTESIAN_POINT('Ctrl Pts',(63.2091638416302,45.7471455143505,3.));
#9821=CARTESIAN_POINT('Ctrl Pts',(63.2125655553536,45.7428655353041,3.));
#9822=CARTESIAN_POINT('Ctrl Pts',(63.2164032957798,45.738911408525,3.));
#9823=CARTESIAN_POINT('Ctrl Pts',(63.2202197869533,45.7349791708821,3.));
#9824=CARTESIAN_POINT('',(63.1828190371446,45.7506262212857,2.54855225977578));
#9825=CARTESIAN_POINT('',(63.2468212526402,45.7884351213187,4.24692624788616));
#9826=CARTESIAN_POINT('Ctrl Pts',(63.1828190371446,45.7506262212857,2.54855225977578));
#9827=CARTESIAN_POINT('Ctrl Pts',(63.1857454238019,45.746060629441,2.5485436190265));
#9828=CARTESIAN_POINT('Ctrl Pts',(63.1916751912988,45.7368093235492,2.54852611018702));
#9829=CARTESIAN_POINT('Ctrl Pts',(63.1993251971912,45.7289204258415,2.54841344549584));
#9830=CARTESIAN_POINT('Ctrl Pts',(63.2031998653181,45.7249247608794,2.54835638171131));
#9831=CARTESIAN_POINT('Origin',(62.8872012326544,46.8230942418725,4.23744491729919));
#9832=CARTESIAN_POINT('',(62.84056885556,46.7955464629369,3.));
#9833=CARTESIAN_POINT('',(63.68012725712,44.3771659519092,3.));
#9834=CARTESIAN_POINT('',(62.8231990171588,46.7852853418395,2.53907092918882));
#9835=CARTESIAN_POINT('',(62.8872012326544,46.8230942418725,4.23744491729919));
#9836=CARTESIAN_POINT('',(62.8231990171588,46.7852853418395,2.53907092918882));
#9837=CARTESIAN_POINT('Ctrl Pts',(62.7641492367828,47.0272863671382,4.23753636989228));
#9838=CARTESIAN_POINT('Ctrl Pts',(62.7001470212872,46.9894774671052,2.53916238178191));
#9839=CARTESIAN_POINT('Ctrl Pts',(62.7920137694297,46.996927673916,4.23716215135712));
#9840=CARTESIAN_POINT('Ctrl Pts',(62.7280115539341,46.959118773883,2.53878816324675));
#9841=CARTESIAN_POINT('Ctrl Pts',(62.8468691130684,46.9371622161486,4.23642544830158));
#9842=CARTESIAN_POINT('Ctrl Pts',(62.7828668975727,46.8993533161156,2.53805146019121));
#9843=CARTESIAN_POINT('Ctrl Pts',(62.8739007102101,46.8607110016067,4.23710872196845));
#9844=CARTESIAN_POINT('Ctrl Pts',(62.8098984947145,46.8229021015737,2.53873473385807));
#9845=CARTESIAN_POINT('Ctrl Pts',(62.8872012326544,46.8230942418725,4.23744491729919));
#9846=CARTESIAN_POINT('Ctrl Pts',(62.8231990171588,46.7852853418395,2.53907092918882));
#9847=CARTESIAN_POINT('',(62.7175134133517,46.9997365523012,3.));
#9848=CARTESIAN_POINT('Ctrl Pts',(62.7175134133517,46.9997365523012,3.));
#9849=CARTESIAN_POINT('Ctrl Pts',(62.744954920565,46.9698620733615,3.));
#9850=CARTESIAN_POINT('Ctrl Pts',(62.7723964277783,46.9399875944217,3.));
#9851=CARTESIAN_POINT('Ctrl Pts',(62.7929779199886,46.9059993178573,3.));
#9852=CARTESIAN_POINT('Ctrl Pts',(62.7933059278193,46.9054576457205,3.));
#9853=CARTESIAN_POINT('Ctrl Pts',(62.7936320344674,46.9049151910229,2.9999999999993));
#9854=CARTESIAN_POINT('Ctrl Pts',(62.7939562247058,46.9043719278229,3.00000000248588));
#9855=CARTESIAN_POINT('Ctrl Pts',(62.8000912095041,46.8940912004016,3.00000004954196));
#9856=CARTESIAN_POINT('Ctrl Pts',(62.8055439552405,46.8835233697823,3.00000077997184));
#9857=CARTESIAN_POINT('Ctrl Pts',(62.8105652894172,46.8727049337307,3.00000098750607));
#9858=CARTESIAN_POINT('Ctrl Pts',(62.8189458891578,46.8546489790421,3.0000013338804));
#9859=CARTESIAN_POINT('Ctrl Pts',(62.8261207982117,46.8358925683251,3.00000042628056));
#9860=CARTESIAN_POINT('Ctrl Pts',(62.8331097767089,46.8165176119804,3.00000012606139));
#9861=CARTESIAN_POINT('Ctrl Pts',(62.8356035744406,46.8096042666035,3.00000001893759));
#9862=CARTESIAN_POINT('Ctrl Pts',(62.8380734868862,46.8026120407336,3.));
#9863=CARTESIAN_POINT('Ctrl Pts',(62.84056885556,46.7955464629369,3.));
#9864=CARTESIAN_POINT('',(62.7001470212872,46.9894774671052,2.53916238178191));
#9865=CARTESIAN_POINT('',(62.7641492367828,47.0272863671382,4.23753636989228));
#9866=CARTESIAN_POINT('Ctrl Pts',(62.7001470212872,46.9894774671052,2.53916238178191));
#9867=CARTESIAN_POINT('Ctrl Pts',(62.7280115539341,46.959118773883,2.53878816324675));
#9868=CARTESIAN_POINT('Ctrl Pts',(62.7828668975728,46.8993533161156,2.53805146019121));
#9869=CARTESIAN_POINT('Ctrl Pts',(62.8098984947145,46.8229021015737,2.53873473385807));
#9870=CARTESIAN_POINT('Ctrl Pts',(62.8231990171588,46.7852853418395,2.53907092918882));
#9871=CARTESIAN_POINT('Ctrl Pts',(62.4323420931874,47.158466016138,4.24712002707611));
#9872=CARTESIAN_POINT('Ctrl Pts',(62.3683398776918,47.120657116105,2.54874603896574));
#9873=CARTESIAN_POINT('Ctrl Pts',(62.494571530132,47.1537559880987,4.24487980149515));
#9874=CARTESIAN_POINT('Ctrl Pts',(62.4305693146363,47.1159470880657,2.54650581338478));
#9875=CARTESIAN_POINT('Ctrl Pts',(62.6187291062195,47.1443587366791,4.24041019688874));
#9876=CARTESIAN_POINT('Ctrl Pts',(62.5547268907239,47.1065498366461,2.54203620877837));
#9877=CARTESIAN_POINT('Ctrl Pts',(62.7157543448452,47.0662473050143,4.23849276118696));
#9878=CARTESIAN_POINT('Ctrl Pts',(62.6517521293496,47.0284384049813,2.54011877307658));
#9879=CARTESIAN_POINT('Ctrl Pts',(62.7641492367828,47.0272863671382,4.23753636989228));
#9880=CARTESIAN_POINT('Ctrl Pts',(62.7001470212872,46.9894774671052,2.53916238178191));
#9881=CARTESIAN_POINT('',(62.3853451153247,47.1307028516271,3.));
#9882=CARTESIAN_POINT('Ctrl Pts',(62.3853451153247,47.1307028516271,3.));
#9883=CARTESIAN_POINT('Ctrl Pts',(62.4475045090816,47.126054246775,3.));
#9884=CARTESIAN_POINT('Ctrl Pts',(62.5096639028383,47.1214056419228,3.));
#9885=CARTESIAN_POINT('Ctrl Pts',(62.5650338305891,47.0996088984199,3.));
#9886=CARTESIAN_POINT('Ctrl Pts',(62.565171425353,47.099554733318,3.));
#9887=CARTESIAN_POINT('Ctrl Pts',(62.5653089765036,47.0995004629857,3.));
#9888=CARTESIAN_POINT('Ctrl Pts',(62.5654464839532,47.099446087163,3.00000000001914));
#9889=CARTESIAN_POINT('Ctrl Pts',(62.5884451212496,47.0903515266274,3.00000000322126));
#9890=CARTESIAN_POINT('Ctrl Pts',(62.6102234260747,47.0783114516007,3.00000033941223));
#9891=CARTESIAN_POINT('Ctrl Pts',(62.6313299420716,47.0645400907842,3.00000032360103));
#9892=CARTESIAN_POINT('Ctrl Pts',(62.6589777380441,47.046500743401,3.00000030288966));
#9893=CARTESIAN_POINT('Ctrl Pts',(62.6854693263658,47.0254818567423,3.00000000702422));
#9894=CARTESIAN_POINT('Ctrl Pts',(62.7120152814794,47.0041559618953,3.00000000046492));
#9895=CARTESIAN_POINT('Ctrl Pts',(62.7138475882384,47.0026839643309,3.00000000001217));
#9896=CARTESIAN_POINT('Ctrl Pts',(62.7156801639869,47.0012105293338,3.));
#9897=CARTESIAN_POINT('Ctrl Pts',(62.7175134133517,46.9997365523012,3.));
#9898=CARTESIAN_POINT('',(62.3683398776918,47.120657116105,2.54874603896574));
#9899=CARTESIAN_POINT('',(62.4323420931874,47.158466016138,4.24712002707611));
#9900=CARTESIAN_POINT('Ctrl Pts',(62.3683398776918,47.120657116105,2.54874603896574));
#9901=CARTESIAN_POINT('Ctrl Pts',(62.4305693146363,47.1159470880657,2.54650581338478));
#9902=CARTESIAN_POINT('Ctrl Pts',(62.5547268907239,47.1065498366461,2.54203620877837));
#9903=CARTESIAN_POINT('Ctrl Pts',(62.6517521293496,47.0284384049813,2.54011877307658));
#9904=CARTESIAN_POINT('Ctrl Pts',(62.7001470212872,46.9894774671052,2.53916238178191));
#9905=CARTESIAN_POINT('Ctrl Pts',(62.1066932106353,47.0177704892768,4.26252405071893));
#9906=CARTESIAN_POINT('Ctrl Pts',(62.0426909951397,46.9799615892438,2.56415006260855));
#9907=CARTESIAN_POINT('Ctrl Pts',(62.1536982763106,47.0581122896117,4.25985461073075));
#9908=CARTESIAN_POINT('Ctrl Pts',(62.089696060815,47.0203033895787,2.56148062262037));
#9909=CARTESIAN_POINT('Ctrl Pts',(62.2476626428555,47.1387566129265,4.25451832975942));
#9910=CARTESIAN_POINT('Ctrl Pts',(62.1836604273598,47.1009477128936,2.55614434164904));
#9911=CARTESIAN_POINT('Ctrl Pts',(62.3708022678928,47.1518983486032,4.249585327107));
#9912=CARTESIAN_POINT('Ctrl Pts',(62.3068000523972,47.1140894485702,2.55121133899662));
#9913=CARTESIAN_POINT('Ctrl Pts',(62.4323420931874,47.158466016138,4.24712002707611));
#9914=CARTESIAN_POINT('Ctrl Pts',(62.3683398776918,47.120657116105,2.54874603896574));
#9915=CARTESIAN_POINT('',(62.0591157412863,46.9896644031279,3.));
#9916=CARTESIAN_POINT('Ctrl Pts',(62.0591157412863,46.9896644031279,3.));
#9917=CARTESIAN_POINT('Ctrl Pts',(62.1061943396187,47.0300424183549,3.));
#9918=CARTESIAN_POINT('Ctrl Pts',(62.1532729379511,47.0704204335819,3.));
#9919=CARTESIAN_POINT('Ctrl Pts',(62.2076360844204,47.0939332150771,3.));
#9920=CARTESIAN_POINT('Ctrl Pts',(62.2076673356406,47.0939467316441,3.));
#9921=CARTESIAN_POINT('Ctrl Pts',(62.2076985892475,47.0939602426288,3.));
#9922=CARTESIAN_POINT('Ctrl Pts',(62.2077298452425,47.0939737480281,3.00000000000004));
#9923=CARTESIAN_POINT('Ctrl Pts',(62.2419602056307,47.108764340539,3.00000000004176));
#9924=CARTESIAN_POINT('Ctrl Pts',(62.2790524953033,47.1168611601715,3.00000001419295));
#9925=CARTESIAN_POINT('Ctrl Pts',(62.3172375925499,47.1224882954711,3.00000000697547));
#9926=CARTESIAN_POINT('Ctrl Pts',(62.3396814660829,47.125795730102,3.00000000273329));
#9927=CARTESIAN_POINT('Ctrl Pts',(62.3625035128883,47.1282484795994,3.));
#9928=CARTESIAN_POINT('Ctrl Pts',(62.3853451153247,47.1307028516271,3.));
#9929=CARTESIAN_POINT('',(62.0426909951397,46.9799615892438,2.56415006260855));
#9930=CARTESIAN_POINT('',(62.1066932106353,47.0177704892768,4.26252405071893));
#9931=CARTESIAN_POINT('Ctrl Pts',(62.0426909951397,46.9799615892438,2.56415006260855));
#9932=CARTESIAN_POINT('Ctrl Pts',(62.089696060815,47.0203033895787,2.56148062262037));
#9933=CARTESIAN_POINT('Ctrl Pts',(62.1836604273598,47.1009477128936,2.55614434164904));
#9934=CARTESIAN_POINT('Ctrl Pts',(62.3068000523972,47.1140894485702,2.55121133899662));
#9935=CARTESIAN_POINT('Ctrl Pts',(62.3683398776918,47.120657116105,2.54874603896574));
#9936=CARTESIAN_POINT('Ctrl Pts',(61.9918486853628,46.8161344185356,4.27134068486519));
#9937=CARTESIAN_POINT('Ctrl Pts',(61.9278464698671,46.7783255185026,2.57296669675481));
#9938=CARTESIAN_POINT('Ctrl Pts',(62.0039603111947,46.8529006627708,4.27006578183762));
#9939=CARTESIAN_POINT('Ctrl Pts',(61.9399580956991,46.8150917627378,2.57169179372725));
#9940=CARTESIAN_POINT('Ctrl Pts',(62.0286430735299,46.9278280491523,4.26746760642612));
#9941=CARTESIAN_POINT('Ctrl Pts',(61.9646408580343,46.8900191491193,2.56909361831575));
#9942=CARTESIAN_POINT('Ctrl Pts',(62.0803555934129,46.9874198755828,4.26419222815926));
#9943=CARTESIAN_POINT('Ctrl Pts',(62.0163533779172,46.9496109755498,2.56581824004888));
#9944=CARTESIAN_POINT('Ctrl Pts',(62.1066932106353,47.0177704892768,4.26252405071893));
#9945=CARTESIAN_POINT('Ctrl Pts',(62.0426909951397,46.9799615892438,2.56415006260855));
#9946=CARTESIAN_POINT('',(61.94393896639,46.7878320580435,3.));
#9947=CARTESIAN_POINT('Ctrl Pts',(61.94393896639,46.7878320580435,3.));
#9948=CARTESIAN_POINT('Ctrl Pts',(61.9484341723607,46.8014343535677,3.));
#9949=CARTESIAN_POINT('Ctrl Pts',(61.9528296576669,46.8147178413715,2.99999988106939));
#9950=CARTESIAN_POINT('Ctrl Pts',(61.9574772897881,46.8276827256234,2.99999967940613));
#9951=CARTESIAN_POINT('Ctrl Pts',(61.9618411047148,46.8398558826085,2.99999949005785));
#9952=CARTESIAN_POINT('Ctrl Pts',(61.9664229882805,46.8517505560839,2.99999933356961));
#9953=CARTESIAN_POINT('Ctrl Pts',(61.9715055505533,46.8633718234328,2.99999945665372));
#9954=CARTESIAN_POINT('Ctrl Pts',(61.9761489684837,46.8739889882181,2.9999995691031));
#9955=CARTESIAN_POINT('Ctrl Pts',(61.9812081501166,46.8843791619113,2.99999996834819));
#9956=CARTESIAN_POINT('Ctrl Pts',(61.9869322998032,46.8945270953596,2.99999999815921));
#9957=CARTESIAN_POINT('Ctrl Pts',(61.9872858979045,46.895153964012,3.00000000000072));
#9958=CARTESIAN_POINT('Ctrl Pts',(61.987642050726,46.8957798985034,3.));
#9959=CARTESIAN_POINT('Ctrl Pts',(61.9880007372762,46.8964049404771,3.));
#9960=CARTESIAN_POINT('Ctrl Pts',(62.0072786442027,46.9299983411349,3.));
#9961=CARTESIAN_POINT('Ctrl Pts',(62.0331971927445,46.9598313721314,3.));
#9962=CARTESIAN_POINT('Ctrl Pts',(62.0591157412863,46.9896644031279,3.));
#9963=CARTESIAN_POINT('',(61.9278464698671,46.7783255185026,2.57296669675481));
#9964=CARTESIAN_POINT('',(61.9918486853628,46.8161344185356,4.27134068486519));
#9965=CARTESIAN_POINT('Ctrl Pts',(61.9278464698671,46.7783255185026,2.57296669675481));
#9966=CARTESIAN_POINT('Ctrl Pts',(61.9399580956991,46.8150917627378,2.57169179372725));
#9967=CARTESIAN_POINT('Ctrl Pts',(61.9646408580343,46.8900191491193,2.56909361831575));
#9968=CARTESIAN_POINT('Ctrl Pts',(62.0163533779172,46.9496109755498,2.56581824004888));
#9969=CARTESIAN_POINT('Ctrl Pts',(62.0426909951397,46.9799615892438,2.56415006260855));
#9970=CARTESIAN_POINT('Origin',(61.6621303261559,45.7654986438893,4.30715499247902));
#9971=CARTESIAN_POINT('',(60.8018378407726,43.1606530851947,3.));
#9972=CARTESIAN_POINT('',(61.5981281106603,45.7276897438563,2.60878100436864));
#9973=CARTESIAN_POINT('Origin',(60.2148172249117,44.8199750240116,2.68111763774167));
#9974=CARTESIAN_POINT('Origin',(61.4233972694392,43.928282766197,4.3570512795123));
#9975=CARTESIAN_POINT('',(61.3722575975895,43.898072331672,3.));
#9976=CARTESIAN_POINT('',(62.1327172266682,43.9097058218093,3.));
#9977=CARTESIAN_POINT('',(60.8058760606631,43.8894078427606,3.));
#9978=CARTESIAN_POINT('',(61.3593950539436,43.890473866164,2.65867729140192));
#9979=CARTESIAN_POINT('',(61.4233972694392,43.928282766197,4.3570512795123));
#9980=CARTESIAN_POINT('',(62.1187670672304,43.9014648542186,2.62981612846166));
#9981=CARTESIAN_POINT('',(61.3593950539436,43.890473866164,2.65867729140192));
#9982=CARTESIAN_POINT('',(62.182769282726,43.9392737542516,4.32819011657204));
#9983=CARTESIAN_POINT('Origin',(62.182769282726,43.9392737542516,4.32819011657204));
#9984=CARTESIAN_POINT('',(62.1352649457653,43.7336828318465,3.));
#9985=CARTESIAN_POINT('',(62.1572574552991,42.2142110465135,3.));
#9986=CARTESIAN_POINT('',(62.1214585626752,43.7255267992151,2.63363140278141));
#9987=CARTESIAN_POINT('',(62.1187670672304,43.9014648542186,2.62981612846166));
#9988=CARTESIAN_POINT('',(62.1854607781709,43.7633356992481,4.33200539089179));
#9989=CARTESIAN_POINT('Origin',(62.1854607781709,43.7633356992481,4.33200539089179));
#9990=CARTESIAN_POINT('',(61.4068252219512,43.7225391813245,3.));
#9991=CARTESIAN_POINT('',(61.1882500420371,43.7191954243352,3.));
#9992=CARTESIAN_POINT('',(61.3940606595138,43.7149985975896,2.66127733789387));
#9993=CARTESIAN_POINT('',(62.1214585626753,43.7255267992151,2.63363140278141));
#9994=CARTESIAN_POINT('',(61.4580628750094,43.7528074976226,4.35965132600425));
#9995=CARTESIAN_POINT('Ctrl Pts',(61.4580628750094,43.7528074976226,4.35965132600425));
#9996=CARTESIAN_POINT('Ctrl Pts',(61.3940606595138,43.7149985975896,2.66127733789387));
#9997=CARTESIAN_POINT('Ctrl Pts',(61.5455364662738,43.5898076210779,4.35998360994367));
#9998=CARTESIAN_POINT('Ctrl Pts',(61.4815342507782,43.5519987210449,2.6616096218333));
#9999=CARTESIAN_POINT('Ctrl Pts',(61.7355970756258,43.2356452343211,4.36070558885288));
#10000=CARTESIAN_POINT('Ctrl Pts',(61.6715948601302,43.1978363342882,2.6623316007425));
#10001=CARTESIAN_POINT('Ctrl Pts',(62.0879393798137,43.0389524892045,4.35180651724125));
#10002=CARTESIAN_POINT('Ctrl Pts',(62.0239371643181,43.0011435891715,2.65343252913087));
#10003=CARTESIAN_POINT('Ctrl Pts',(62.2781194831817,42.932785712881,4.34700315886258));
#10004=CARTESIAN_POINT('Ctrl Pts',(62.2141172676861,42.8949768128481,2.6486291707522));
#10005=CARTESIAN_POINT('',(62.2273584687936,42.9027989678331,3.));
#10006=CARTESIAN_POINT('Ctrl Pts',(61.4068252219512,43.7225391813245,3.));
#10007=CARTESIAN_POINT('Ctrl Pts',(61.4217612983781,43.6947017775767,3.));
#10008=CARTESIAN_POINT('Ctrl Pts',(61.4362693825949,43.6676733663827,2.99999976333132));
#10009=CARTESIAN_POINT('Ctrl Pts',(61.4505920281368,43.6414159022014,2.99999811157319));
#10010=CARTESIAN_POINT('Ctrl Pts',(61.4676980216688,43.6100557731568,2.99999613882565));
#10011=CARTESIAN_POINT('Ctrl Pts',(61.4845381260466,43.5797940118542,2.99999222901728));
#10012=CARTESIAN_POINT('Ctrl Pts',(61.5014668375294,43.5505088190055,2.99998785613976));
#10013=CARTESIAN_POINT('Ctrl Pts',(61.5205325221475,43.5175268492083,2.99998293125793));
#10014=CARTESIAN_POINT('Ctrl Pts',(61.5397063555502,43.485779446112,2.99997767043078));
#10015=CARTESIAN_POINT('Ctrl Pts',(61.559474013837,43.4550725040211,2.99997540815985));
#10016=CARTESIAN_POINT('Ctrl Pts',(61.5752490245939,43.4305677126711,2.99997360281964));
#10017=CARTESIAN_POINT('Ctrl Pts',(61.5914008733547,43.4067242336212,2.99997378605262));
#10018=CARTESIAN_POINT('Ctrl Pts',(61.6081982564619,43.3834646426956,2.99997635584987));
#10019=CARTESIAN_POINT('Ctrl Pts',(61.6228472121158,43.3631800118204,2.99997859696361));
#10020=CARTESIAN_POINT('Ctrl Pts',(61.6379867951343,43.3433391330016,2.99998267313143));
#10021=CARTESIAN_POINT('Ctrl Pts',(61.6538225384794,43.3239171554397,2.99998722906282));
#10022=CARTESIAN_POINT('Ctrl Pts',(61.6688650806863,43.3054680109412,2.99999155679085));
#10023=CARTESIAN_POINT('Ctrl Pts',(61.6845353110249,43.2873963894865,2.99999634579042));
#10024=CARTESIAN_POINT('Ctrl Pts',(61.7010417016288,43.2697123357585,2.9999985192781));
#10025=CARTESIAN_POINT('Ctrl Pts',(61.7019120922607,43.2687798463326,2.99999863388725));
#10026=CARTESIAN_POINT('Ctrl Pts',(61.7027848166693,43.2678484431066,2.99999874070066));
#10027=CARTESIAN_POINT('Ctrl Pts',(61.703659908475,43.2669181305171,2.99999883908614));
#10028=CARTESIAN_POINT('Ctrl Pts',(61.7140962583392,43.2558232172703,3.00000001243193));
#10029=CARTESIAN_POINT('Ctrl Pts',(61.724869104172,43.2448832133061,3.));
#10030=CARTESIAN_POINT('Ctrl Pts',(61.7359971751265,43.2340684813901,3.));
#10031=CARTESIAN_POINT('Ctrl Pts',(61.874671726661,43.0992986632823,3.));
#10032=CARTESIAN_POINT('Ctrl Pts',(62.0510150977274,43.0010488155577,3.));
#10033=CARTESIAN_POINT('Ctrl Pts',(62.2273584687936,42.9027989678331,3.));
#10034=CARTESIAN_POINT('',(62.2141172676861,42.8949768128481,2.6486291707522));
#10035=CARTESIAN_POINT('Ctrl Pts',(61.3940606595138,43.7149985975896,2.66127733789387));
#10036=CARTESIAN_POINT('Ctrl Pts',(61.4815342507782,43.5519987210449,2.6616096218333));
#10037=CARTESIAN_POINT('Ctrl Pts',(61.6715948601302,43.1978363342881,2.6623316007425));
#10038=CARTESIAN_POINT('Ctrl Pts',(62.0239371643181,43.0011435891715,2.65343252913087));
#10039=CARTESIAN_POINT('Ctrl Pts',(62.2141172676861,42.894976812848,2.6486291707522));
#10040=CARTESIAN_POINT('',(62.2781194831817,42.932785712881,4.34700315886258));
#10041=CARTESIAN_POINT('Origin',(62.2781194831817,42.932785712881,4.34700315886258));
#10042=CARTESIAN_POINT('',(62.1419684486016,42.717427756695,3.));
#10043=CARTESIAN_POINT('',(61.5997683180057,41.5403780890437,3.));
#10044=CARTESIAN_POINT('',(62.129003494168,42.7097687926683,2.65595970082496));
#10045=CARTESIAN_POINT('',(62.2141172676861,42.894976812848,2.6486291707522));
#10046=CARTESIAN_POINT('',(62.1930057096637,42.7475776927013,4.35433368893534));
#10047=CARTESIAN_POINT('Ctrl Pts',(62.1930057096637,42.7475776927013,4.35433368893534));
#10048=CARTESIAN_POINT('Ctrl Pts',(62.129003494168,42.7097687926683,2.65595970082496));
#10049=CARTESIAN_POINT('Ctrl Pts',(62.0386326387537,42.8414567736281,4.358061227045));
#10050=CARTESIAN_POINT('Ctrl Pts',(61.9746304232581,42.8036478735951,2.65968723893463));
#10051=CARTESIAN_POINT('Ctrl Pts',(61.7319699501768,43.0279479225599,4.36546599558233));
#10052=CARTESIAN_POINT('Ctrl Pts',(61.6679677346811,42.9901390225269,2.66709200747195));
#10053=CARTESIAN_POINT('Ctrl Pts',(61.5304473975402,43.3249507738498,4.36644842862641));
#10054=CARTESIAN_POINT('Ctrl Pts',(61.4664451820446,43.2871418738169,2.66807444051604));
#10055=CARTESIAN_POINT('Ctrl Pts',(61.430370689041,43.4724432871349,4.36693630784433));
#10056=CARTESIAN_POINT('Ctrl Pts',(61.3663684735454,43.4346343871019,2.66856231973396));
#10057=CARTESIAN_POINT('',(61.378858505767,43.4420127938651,3.));
#10058=CARTESIAN_POINT('Ctrl Pts',(62.1419684486016,42.717427756695,3.));
#10059=CARTESIAN_POINT('Ctrl Pts',(61.9885216881112,42.8105762760323,3.));
#10060=CARTESIAN_POINT('Ctrl Pts',(61.8350749276207,42.9037247953695,3.));
#10061=CARTESIAN_POINT('Ctrl Pts',(61.7077835952489,43.0243373604598,3.));
#10062=CARTESIAN_POINT('Ctrl Pts',(61.7068985672942,43.0251759524503,3.));
#10063=CARTESIAN_POINT('Ctrl Pts',(61.7060148874796,43.0260157927168,3.00000000000005));
#10064=CARTESIAN_POINT('Ctrl Pts',(61.7051325621107,43.0268568913621,2.99999999898695));
#10065=CARTESIAN_POINT('Ctrl Pts',(61.6740006093158,43.0565342011682,2.99999996324081));
#10066=CARTESIAN_POINT('Ctrl Pts',(61.6445516743933,43.0877747653011,2.9999988623713));
#10067=CARTESIAN_POINT('Ctrl Pts',(61.6163078405678,43.1202288943113,2.99999830185604));
#10068=CARTESIAN_POINT('Ctrl Pts',(61.5798869065014,43.1620790800958,2.99999757906149));
#10069=CARTESIAN_POINT('Ctrl Pts',(61.5454707085003,43.2059481181725,2.99999770437729));
#10070=CARTESIAN_POINT('Ctrl Pts',(61.5120968481354,43.251151753433,2.99999830934741));
#10071=CARTESIAN_POINT('Ctrl Pts',(61.4794992362425,43.2953039894121,2.99999890024643));
#10072=CARTESIAN_POINT('Ctrl Pts',(61.4479002223611,43.3407338594021,2.99999969315394));
#10073=CARTESIAN_POINT('Ctrl Pts',(61.4164101880024,43.386811294618,2.99999990639533));
#10074=CARTESIAN_POINT('Ctrl Pts',(61.4038952520476,43.4051236325507,2.99999999114286));
#10075=CARTESIAN_POINT('Ctrl Pts',(61.3913972725969,43.4235379818046,3.));
#10076=CARTESIAN_POINT('Ctrl Pts',(61.378858505767,43.4420127938651,3.));
#10077=CARTESIAN_POINT('',(61.3663684735454,43.4346343871019,2.66856231973396));
#10078=CARTESIAN_POINT('Ctrl Pts',(62.129003494168,42.7097687926683,2.65595970082496));
#10079=CARTESIAN_POINT('Ctrl Pts',(61.9746304232581,42.8036478735951,2.65968723893463));
#10080=CARTESIAN_POINT('Ctrl Pts',(61.6679677346811,42.9901390225269,2.66709200747195));
#10081=CARTESIAN_POINT('Ctrl Pts',(61.4664451820446,43.2871418738168,2.66807444051604));
#10082=CARTESIAN_POINT('Ctrl Pts',(61.3663684735454,43.4346343871019,2.66856231973396));
#10083=CARTESIAN_POINT('',(61.430370689041,43.4724432871349,4.36693630784433));
#10084=CARTESIAN_POINT('Origin',(61.430370689041,43.4724432871349,4.36693630784433));
#10085=CARTESIAN_POINT('',(61.3928709564867,42.4738866471321,3.));
#10086=CARTESIAN_POINT('',(61.4000876574192,41.9752817274308,3.));
#10087=CARTESIAN_POINT('',(61.3811716939345,42.4669753825005,2.68954632203211));
#10088=CARTESIAN_POINT('',(61.3663684735454,43.4346343871019,2.66856231973396));
#10089=CARTESIAN_POINT('',(61.4451739094301,42.5047842825335,4.38792031014248));
#10090=CARTESIAN_POINT('Origin',(61.4451739094301,42.5047842825335,4.38792031014248));
#10091=CARTESIAN_POINT('',(61.2327750086062,42.4714375037989,3.));
#10092=CARTESIAN_POINT('',(60.8276629387976,42.4652401106851,3.));
#10093=CARTESIAN_POINT('',(61.2213047166324,42.4646615020742,2.69562232536111));
#10094=CARTESIAN_POINT('',(61.3811716939345,42.4669753825005,2.68954632203211));
#10095=CARTESIAN_POINT('',(61.285306932128,42.5024704021072,4.39399631347149));
#10096=CARTESIAN_POINT('Origin',(61.285306932128,42.5024704021072,4.39399631347149));
#10097=CARTESIAN_POINT('',(61.2191099713816,43.4155607052129,3.));
#10098=CARTESIAN_POINT('',(61.2469927283617,41.4891292325588,3.));
#10099=CARTESIAN_POINT('',(61.2068685154492,43.4083291433049,2.67515858363172));
#10100=CARTESIAN_POINT('',(61.2213047166324,42.4646615020742,2.69562232536111));
#10101=CARTESIAN_POINT('',(61.2708707309448,43.4461380433379,4.3735325717421));
#10102=CARTESIAN_POINT('Ctrl Pts',(61.2708707309448,43.4461380433379,4.3735325717421));
#10103=CARTESIAN_POINT('Ctrl Pts',(61.2068685154492,43.4083291433049,2.67515858363172));
#10104=CARTESIAN_POINT('Ctrl Pts',(61.1821260176946,43.306119014217,4.37999394233133));
#10105=CARTESIAN_POINT('Ctrl Pts',(61.118123802199,43.268310114184,2.68161995422095));
#10106=CARTESIAN_POINT('Ctrl Pts',(60.9964293760148,43.0131318319192,4.3935142386411));
#10107=CARTESIAN_POINT('Ctrl Pts',(60.9324271605192,42.9753229318862,2.69514025053072));
#10108=CARTESIAN_POINT('Ctrl Pts',(60.7167396220026,42.8074739667836,4.40863249984379));
#10109=CARTESIAN_POINT('Ctrl Pts',(60.652737406507,42.7696650667506,2.71025851173342));
#10110=CARTESIAN_POINT('Ctrl Pts',(60.5707140354966,42.7001003145665,4.41652572055498));
#10111=CARTESIAN_POINT('Ctrl Pts',(60.506711820001,42.6622914145335,2.7181517324446));
#10112=CARTESIAN_POINT('',(60.5173331046435,42.6685658705997,3.));
#10113=CARTESIAN_POINT('Ctrl Pts',(61.2191099713816,43.415560705213,3.));
#10114=CARTESIAN_POINT('Ctrl Pts',(61.2005139804089,43.3862706723395,3.));
#10115=CARTESIAN_POINT('Ctrl Pts',(61.1823815617857,43.3577203226152,3.00000006465253));
#10116=CARTESIAN_POINT('Ctrl Pts',(61.164407088485,43.329857673228,3.00000039238098));
#10117=CARTESIAN_POINT('Ctrl Pts',(61.1273643276201,43.2724368275069,3.00000106778138));
#10118=CARTESIAN_POINT('Ctrl Pts',(61.0909977987656,43.2179316910885,3.00000276835915));
#10119=CARTESIAN_POINT('Ctrl Pts',(61.0528894803664,43.1656484606833,3.00000286100062));
#10120=CARTESIAN_POINT('Ctrl Pts',(61.0338353211669,43.1395068454806,3.00000290732135));
#10121=CARTESIAN_POINT('Ctrl Pts',(61.0143471847477,43.1139193408447,3.0000025266639));
#10122=CARTESIAN_POINT('Ctrl Pts',(60.9940946662078,43.0888253776742,3.00000186850111));
#10123=CARTESIAN_POINT('Ctrl Pts',(60.9766668264649,43.0672313439351,3.00000130213424));
#10124=CARTESIAN_POINT('Ctrl Pts',(60.9586732427951,43.0460025150735,3.00000052540689));
#10125=CARTESIAN_POINT('Ctrl Pts',(60.9398716072867,43.0251298081093,3.0000001736046));
#10126=CARTESIAN_POINT('Ctrl Pts',(60.9368242656797,43.0217467902674,3.00000011658499));
#10127=CARTESIAN_POINT('Ctrl Pts',(60.9337556154682,43.0183732032979,3.00000007211394));
#10128=CARTESIAN_POINT('Ctrl Pts',(60.9306645244014,43.0150091019707,3.00000004460611));
#10129=CARTESIAN_POINT('Ctrl Pts',(60.9256392666493,43.0095400051669,2.99999999988601));
#10130=CARTESIAN_POINT('Ctrl Pts',(60.9205546982339,43.0040959787171,3.));
#10131=CARTESIAN_POINT('Ctrl Pts',(60.9154097137851,42.998673764875,3.));
#10132=CARTESIAN_POINT('Ctrl Pts',(60.7977558270226,42.8746802835079,3.));
#10133=CARTESIAN_POINT('Ctrl Pts',(60.657544465833,42.7716230770538,3.));
#10134=CARTESIAN_POINT('Ctrl Pts',(60.5173331046435,42.6685658705997,3.));
#10135=CARTESIAN_POINT('',(60.506711820001,42.6622914145335,2.7181517324446));
#10136=CARTESIAN_POINT('Ctrl Pts',(61.2068685154492,43.4083291433049,2.67515858363172));
#10137=CARTESIAN_POINT('Ctrl Pts',(61.118123802199,43.268310114184,2.68161995422095));
#10138=CARTESIAN_POINT('Ctrl Pts',(60.9324271605192,42.9753229318862,2.69514025053072));
#10139=CARTESIAN_POINT('Ctrl Pts',(60.652737406507,42.7696650667506,2.71025851173342));
#10140=CARTESIAN_POINT('Ctrl Pts',(60.506711820001,42.6622914145335,2.7181517324446));
#10141=CARTESIAN_POINT('',(60.5707140354966,42.7001003145665,4.41652572055498));
#10142=CARTESIAN_POINT('Origin',(61.4186259833027,44.240172873362,4.35028784043469));
#10143=CARTESIAN_POINT('',(61.3677411876395,44.2101130053164,3.));
#10144=CARTESIAN_POINT('',(61.3945316142667,42.3591510987435,3.));
#10145=CARTESIAN_POINT('',(61.354623767807,44.202363973329,2.65191385232432));
#10146=CARTESIAN_POINT('',(61.4186259833027,44.240172873362,4.35028784043469));
#10147=CARTESIAN_POINT('',(61.3546237678071,44.202363973329,2.65191385232432));
#10148=CARTESIAN_POINT('Ctrl Pts',(61.4098995993528,44.2880405165725,4.3495510680632));
#10149=CARTESIAN_POINT('Ctrl Pts',(61.3458973838571,44.2502316165395,2.65117707995282));
#10150=CARTESIAN_POINT('Ctrl Pts',(61.4258695911694,44.2839848085208,4.34903953585445));
#10151=CARTESIAN_POINT('Ctrl Pts',(61.3618673756737,44.2461759084878,2.65066554774407));
#10152=CARTESIAN_POINT('Ctrl Pts',(61.4593631619908,44.2754788464378,4.34796670873857));
#10153=CARTESIAN_POINT('Ctrl Pts',(61.3953609464951,44.2376699464048,2.6495927206282));
#10154=CARTESIAN_POINT('Ctrl Pts',(61.4326185558318,44.2522999132034,4.34949056863891));
#10155=CARTESIAN_POINT('Ctrl Pts',(61.3686163403362,44.2144910131704,2.65111658052854));
#10156=CARTESIAN_POINT('Ctrl Pts',(61.4186259833027,44.240172873362,4.35028784043469));
#10157=CARTESIAN_POINT('Ctrl Pts',(61.354623767807,44.202363973329,2.65191385232432));
#10158=CARTESIAN_POINT('',(61.3590425685191,44.2579970504225,3.));
#10159=CARTESIAN_POINT('Ctrl Pts',(61.3590425685191,44.2579970504225,3.));
#10160=CARTESIAN_POINT('Ctrl Pts',(61.3674262174856,44.2558764929732,3.));
#10161=CARTESIAN_POINT('Ctrl Pts',(61.3758095124909,44.2537560250549,3.));
#10162=CARTESIAN_POINT('Ctrl Pts',(61.3822157909275,44.2511527892164,3.));
#10163=CARTESIAN_POINT('Ctrl Pts',(61.385836101122,44.2496816509669,3.));
#10164=CARTESIAN_POINT('Ctrl Pts',(61.388823867562,44.248056833407,3.));
#10165=CARTESIAN_POINT('Ctrl Pts',(61.3908241567748,44.2461910935186,3.));
#10166=CARTESIAN_POINT('Ctrl Pts',(61.3916603851098,44.2454111140285,3.));
#10167=CARTESIAN_POINT('Ctrl Pts',(61.3924081551436,44.2445105488191,3.));
#10168=CARTESIAN_POINT('Ctrl Pts',(61.3929101571021,44.2434814434507,3.));
#10169=CARTESIAN_POINT('Ctrl Pts',(61.3930556125306,44.2431832594301,3.));
#10170=CARTESIAN_POINT('Ctrl Pts',(61.3931864840421,44.2428625007978,2.99999999582568));
#10171=CARTESIAN_POINT('Ctrl Pts',(61.3932932449847,44.2425151119988,2.99999999463953));
#10172=CARTESIAN_POINT('Ctrl Pts',(61.39343788534,44.242044467603,2.99999999303252));
#10173=CARTESIAN_POINT('Ctrl Pts',(61.3935381990934,44.2415249261027,3.));
#10174=CARTESIAN_POINT('Ctrl Pts',(61.3935712696229,44.2409465908338,3.));
#10175=CARTESIAN_POINT('Ctrl Pts',(61.3936269558789,44.2399727532084,3.));
#10176=CARTESIAN_POINT('Ctrl Pts',(61.3934812622326,44.238998411917,3.));
#10177=CARTESIAN_POINT('Ctrl Pts',(61.393217386823,44.2380599970886,3.));
#10178=CARTESIAN_POINT('Ctrl Pts',(61.3927702986339,44.2364700263255,3.));
#10179=CARTESIAN_POINT('Ctrl Pts',(61.391959963586,44.234903350139,3.));
#10180=CARTESIAN_POINT('Ctrl Pts',(61.3910849422665,44.2335095465921,3.));
#10181=CARTESIAN_POINT('Ctrl Pts',(61.3893809006318,44.2307952135567,3.));
#10182=CARTESIAN_POINT('Ctrl Pts',(61.3869523439603,44.2279697330211,3.00000007794227));
#10183=CARTESIAN_POINT('Ctrl Pts',(61.3842604406431,44.2251933267687,3.00000001902211));
#10184=CARTESIAN_POINT('Ctrl Pts',(61.3837973627484,44.2247157121553,3.0000000088863));
#10185=CARTESIAN_POINT('Ctrl Pts',(61.3833263686905,44.2242395198512,3.));
#10186=CARTESIAN_POINT('Ctrl Pts',(61.3828496036467,44.2237655161771,3.));
#10187=CARTESIAN_POINT('Ctrl Pts',(61.3784215915962,44.2193631506768,3.));
#10188=CARTESIAN_POINT('Ctrl Pts',(61.3730813896178,44.2147380779966,3.));
#10189=CARTESIAN_POINT('Ctrl Pts',(61.3677411876395,44.2101130053164,3.));
#10190=CARTESIAN_POINT('',(61.3458973838571,44.2502316165395,2.65117707995282));
#10191=CARTESIAN_POINT('',(61.4098995993528,44.2880405165725,4.3495510680632));
#10192=CARTESIAN_POINT('Ctrl Pts',(61.3458973838572,44.2502316165395,2.65117707995282));
#10193=CARTESIAN_POINT('Ctrl Pts',(61.3618673756737,44.2461759084878,2.65066554774407));
#10194=CARTESIAN_POINT('Ctrl Pts',(61.3953609464951,44.2376699464048,2.6495927206282));
#10195=CARTESIAN_POINT('Ctrl Pts',(61.3686163403362,44.2144910131704,2.65111658052854));
#10196=CARTESIAN_POINT('Ctrl Pts',(61.3546237678071,44.202363973329,2.65191385232432));
#10197=CARTESIAN_POINT('Origin',(61.2580249584738,44.2858423155136,4.35532330970525));
#10198=CARTESIAN_POINT('',(61.2069504041405,44.2556703487455,3.));
#10199=CARTESIAN_POINT('',(60.720435657648,44.2482276597605,3.));
#10200=CARTESIAN_POINT('',(61.1940227429781,44.2480334154806,2.65694932159487));
#10201=CARTESIAN_POINT('',(61.2580249584738,44.2858423155136,4.35532330970525));
#10202=CARTESIAN_POINT('',(61.1940227429781,44.2480334154806,2.65694932159487));
#10203=CARTESIAN_POINT('Origin',(61.2635302921371,43.9259688857707,4.3631272828413));
#10204=CARTESIAN_POINT('',(61.212161649709,43.8956231883389,3.));
#10205=CARTESIAN_POINT('',(61.2366908992482,42.2008869631341,3.));
#10206=CARTESIAN_POINT('',(61.1995280766415,43.8881599857377,2.66475329473093));
#10207=CARTESIAN_POINT('',(61.2635302921371,43.9259688857707,4.3631272828413));
#10208=CARTESIAN_POINT('',(61.1995280766415,43.8881599857377,2.66475329473093));
#10209=CARTESIAN_POINT('Origin',(60.528137670336,43.9153249702981,4.39107707018071));
#10210=CARTESIAN_POINT('',(60.4757157567646,43.8843570596654,3.));
#10211=CARTESIAN_POINT('',(60.358251903675,43.8825601009261,3.));
#10212=CARTESIAN_POINT('',(60.4641354548404,43.8775160702651,2.69270308207034));
#10213=CARTESIAN_POINT('',(60.528137670336,43.9153249702981,4.39107707018071));
#10214=CARTESIAN_POINT('',(60.4641354548404,43.8775160702651,2.69270308207034));
#10215=CARTESIAN_POINT('Origin',(60.5308291657809,43.7393869152945,4.39489234450046));
#10216=CARTESIAN_POINT('',(60.4782634758616,43.7083340697027,3.));
#10217=CARTESIAN_POINT('',(60.501509483082,42.1022575990403,3.));
#10218=CARTESIAN_POINT('',(60.4668269502853,43.7015780152615,2.69651835639009));
#10219=CARTESIAN_POINT('',(60.5308291657809,43.7393869152945,4.39489234450046));
#10220=CARTESIAN_POINT('',(60.4668269502853,43.7015780152615,2.69651835639009));
#10221=CARTESIAN_POINT('Origin',(61.2342476774566,43.7495680443379,4.36815778498885));
#10222=CARTESIAN_POINT('',(61.1826894635414,43.7191103587609,3.));
#10223=CARTESIAN_POINT('',(60.7126494869022,43.7119197003443,3.));
#10224=CARTESIAN_POINT('',(61.1702454619609,43.7117591443049,2.66978379687848));
#10225=CARTESIAN_POINT('',(61.2342476774566,43.7495680443379,4.36815778498885));
#10226=CARTESIAN_POINT('',(61.1702454619609,43.7117591443049,2.66978379687848));
#10227=CARTESIAN_POINT('Ctrl Pts',(60.4641078732526,42.8745343309151,4.41665989140558));
#10228=CARTESIAN_POINT('Ctrl Pts',(60.400105657757,42.8367254308821,2.7182859032952));
#10229=CARTESIAN_POINT('Ctrl Pts',(60.6380666487079,42.9867137966195,4.40760703888531));
#10230=CARTESIAN_POINT('Ctrl Pts',(60.5740644332123,42.9489048965865,2.70923305077494));
#10231=CARTESIAN_POINT('Ctrl Pts',(60.9778745373822,43.2058431121362,4.38992336243185));
#10232=CARTESIAN_POINT('Ctrl Pts',(60.9138723218866,43.1680342121032,2.69154937432147));
#10233=CARTESIAN_POINT('Ctrl Pts',(61.1501605239606,43.5712331305464,4.37529661962202));
#10234=CARTESIAN_POINT('Ctrl Pts',(61.086158308465,43.5334242305134,2.67692263151165));
#10235=CARTESIAN_POINT('Ctrl Pts',(61.2342476774566,43.7495680443379,4.36815778498885));
#10236=CARTESIAN_POINT('Ctrl Pts',(61.1702454619609,43.7117591443049,2.66978379687848));
#10237=CARTESIAN_POINT('',(60.4107218862506,42.8429969000607,3.));
#10238=CARTESIAN_POINT('Ctrl Pts',(60.4107218862506,42.8429969000607,3.));
#10239=CARTESIAN_POINT('Ctrl Pts',(60.5807973540152,42.9526541516122,3.));
#10240=CARTESIAN_POINT('Ctrl Pts',(60.7508728217797,43.0623114031636,3.));
#10241=CARTESIAN_POINT('Ctrl Pts',(60.8801323949828,43.207563303858,3.));
#10242=CARTESIAN_POINT('Ctrl Pts',(60.8833466287241,43.2111752108807,3.));
#10243=CARTESIAN_POINT('Ctrl Pts',(60.8865319463345,43.2148049931762,2.99999999998644));
#10244=CARTESIAN_POINT('Ctrl Pts',(60.8896881564746,43.2184533508102,3.00000001867051));
#10245=CARTESIAN_POINT('Ctrl Pts',(60.9106805679071,43.2427191066078,3.00000014294097));
#10246=CARTESIAN_POINT('Ctrl Pts',(60.9303889899525,43.2678033985755,3.00000102758224));
#10247=CARTESIAN_POINT('Ctrl Pts',(60.9491084294719,43.2936054893654,3.00000176741777));
#10248=CARTESIAN_POINT('Ctrl Pts',(60.9697813363129,43.3221001576299,3.00000258445885));
#10249=CARTESIAN_POINT('Ctrl Pts',(60.9892474924816,43.3514707663494,3.00000323561723));
#10250=CARTESIAN_POINT('Ctrl Pts',(61.0078546147403,43.3816249572962,3.00000340719193));
#10251=CARTESIAN_POINT('Ctrl Pts',(61.0319756520559,43.4207148474435,3.00000362960997));
#10252=CARTESIAN_POINT('Ctrl Pts',(61.0546519128867,43.4611225683847,3.00000306774895));
#10253=CARTESIAN_POINT('Ctrl Pts',(61.0765716780066,43.5027073450801,3.00000230111935));
#10254=CARTESIAN_POINT('Ctrl Pts',(61.0953349896359,43.538303900057,3.00000164488467));
#10255=CARTESIAN_POINT('Ctrl Pts',(61.1135406227787,43.5747658654029,3.00000090005476));
#10256=CARTESIAN_POINT('Ctrl Pts',(61.1316177401493,43.6120071630783,3.00000047649061));
#10257=CARTESIAN_POINT('Ctrl Pts',(61.1486275653033,43.6470496949697,3.00000007793413));
#10258=CARTESIAN_POINT('Ctrl Pts',(61.1655216198413,43.6827839812973,3.));
#10259=CARTESIAN_POINT('Ctrl Pts',(61.1826894635414,43.7191103587609,3.));
#10260=CARTESIAN_POINT('',(60.400105657757,42.8367254308821,2.7182859032952));
#10261=CARTESIAN_POINT('',(60.4641078732526,42.8745343309151,4.41665989140558));
#10262=CARTESIAN_POINT('Ctrl Pts',(60.400105657757,42.8367254308821,2.7182859032952));
#10263=CARTESIAN_POINT('Ctrl Pts',(60.5740644332123,42.9489048965865,2.70923305077494));
#10264=CARTESIAN_POINT('Ctrl Pts',(60.9138723218866,43.1680342121032,2.69154937432147));
#10265=CARTESIAN_POINT('Ctrl Pts',(61.086158308465,43.5334242305134,2.67692263151165));
#10266=CARTESIAN_POINT('Ctrl Pts',(61.1702454619609,43.7117591443049,2.66978379687848));
#10267=CARTESIAN_POINT('Origin',(60.5707140354966,42.7001003145665,4.41652572055498));
#10268=CARTESIAN_POINT('',(60.9708707539423,41.9265141404063,3.));
#10269=CARTESIAN_POINT('',(60.506711820001,42.6622914145335,2.7181517324446));
#10270=CARTESIAN_POINT('Origin',(60.2148172249117,44.8199750240116,2.68111763774167));
#10271=CARTESIAN_POINT('Origin',(64.5945537705058,47.1897614053558,4.16494167122611));
#10272=CARTESIAN_POINT('',(64.5506536351978,47.1638276808052,3.));
#10273=CARTESIAN_POINT('',(64.8968631950041,47.1691239849684,3.));
#10274=CARTESIAN_POINT('',(62.3668204106042,47.1304194612124,3.));
#10275=CARTESIAN_POINT('',(64.5305515550102,47.1519525053228,2.46656768311573));
#10276=CARTESIAN_POINT('',(64.5945537705058,47.1897614053558,4.16494167122611));
#10277=CARTESIAN_POINT('',(64.8762659629766,47.156956301699,2.45342824726014));
#10278=CARTESIAN_POINT('',(64.5305515550102,47.1519525053228,2.46656768311573));
#10279=CARTESIAN_POINT('',(64.9402681784722,47.194765201732,4.15180223537052));
#10280=CARTESIAN_POINT('Origin',(64.9402681784722,47.194765201732,4.15180223537052));
#10281=CARTESIAN_POINT('',(64.0110306483525,46.277263456978,3.));
#10282=CARTESIAN_POINT('',(62.0809794563803,44.3340785044413,3.));
#10283=CARTESIAN_POINT('',(63.9924357668526,46.2662786494942,2.50656297118989));
#10284=CARTESIAN_POINT('',(64.8762659629766,47.156956301699,2.45342824726014));
#10285=CARTESIAN_POINT('',(64.0564379823482,46.3040875495272,4.20493695930026));
#10286=CARTESIAN_POINT('Origin',(64.0564379823482,46.3040875495272,4.20493695930026));
#10287=CARTESIAN_POINT('',(63.9983210047108,47.1553781116715,3.));
#10288=CARTESIAN_POINT('',(64.0525237128354,43.4104900825297,3.));
#10289=CARTESIAN_POINT('',(63.9790088753218,47.1439695945782,2.48752995571529));
#10290=CARTESIAN_POINT('',(63.9924357668526,46.2662786494942,2.50656297118989));
#10291=CARTESIAN_POINT('',(64.0430110908174,47.1817784946112,4.18590394382567));
#10292=CARTESIAN_POINT('Origin',(64.0430110908174,47.1817784946112,4.18590394382567));
#10293=CARTESIAN_POINT('',(64.2404670652213,47.1590824553329,3.));
#10294=CARTESIAN_POINT('',(62.0910525469746,47.1262007721472,3.));
#10295=CARTESIAN_POINT('',(64.220808616489,47.1474693522994,2.47833996503005));
#10296=CARTESIAN_POINT('',(63.9790088753218,47.1439695945782,2.48752995571529));
#10297=CARTESIAN_POINT('',(64.2848108319846,47.1852782523324,4.17671395314042));
#10298=CARTESIAN_POINT('Origin',(64.2894903633196,46.8793859860101,4.18334732707584));
#10299=CARTESIAN_POINT('',(64.2448966217975,46.8530425180184,3.));
#10300=CARTESIAN_POINT('',(61.679996475669,44.2459627961776,3.));
#10301=CARTESIAN_POINT('',(64.225488147824,46.8415770859771,2.48497333896547));
#10302=CARTESIAN_POINT('',(64.2894903633196,46.8793859860101,4.18334732707584));
#10303=CARTESIAN_POINT('',(64.225488147824,46.8415770859771,2.48497333896547));
#10304=CARTESIAN_POINT('Origin',(64.2848108319846,47.1852782523324,4.17671395314042));
#10305=CARTESIAN_POINT('',(64.2883208300889,43.8528456010763,3.));
#10306=CARTESIAN_POINT('',(64.220808616489,47.1474693522994,2.47833996503005));
#10307=CARTESIAN_POINT('Origin',(60.2148172249117,44.8199750240116,2.68111763774166));
#10308=CARTESIAN_POINT('Ctrl Pts',(65.0587809663398,45.1967417269611,4.19181579499216));
#10309=CARTESIAN_POINT('Ctrl Pts',(64.9947787508441,45.1589328269281,2.49344180688179));
#10310=CARTESIAN_POINT('Ctrl Pts',(64.9878279052477,45.2064776911844,4.19427287867176));
#10311=CARTESIAN_POINT('Ctrl Pts',(64.923825689752,45.1686687911514,2.49589889056139));
#10312=CARTESIAN_POINT('Ctrl Pts',(64.8453903738374,45.2260225379961,4.19920544857649));
#10313=CARTESIAN_POINT('Ctrl Pts',(64.7813881583418,45.1882136379631,2.50083146046611));
#10314=CARTESIAN_POINT('Ctrl Pts',(64.734244683851,45.3173702944075,4.20136034039486));
#10315=CARTESIAN_POINT('Ctrl Pts',(64.6702424683554,45.2795613943746,2.50298635228449));
#10316=CARTESIAN_POINT('Ctrl Pts',(64.6784645064065,45.3632145737711,4.20244180606409));
#10317=CARTESIAN_POINT('Ctrl Pts',(64.6144622909109,45.3254056737381,2.50406781795371));
#10318=CARTESIAN_POINT('',(65.0138680956316,45.1702097354409,3.));
#10319=CARTESIAN_POINT('',(64.6331512007792,45.33644602788,3.));
#10320=CARTESIAN_POINT('Ctrl Pts',(65.0138680956315,45.1702097354409,3.));
#10321=CARTESIAN_POINT('Ctrl Pts',(64.9815848015936,45.1746089225189,3.));
#10322=CARTESIAN_POINT('Ctrl Pts',(64.9495115541449,45.1789856814238,2.99999977380028));
#10323=CARTESIAN_POINT('Ctrl Pts',(64.9182206233814,45.1849898204833,2.99999958676199));
#10324=CARTESIAN_POINT('Ctrl Pts',(64.8923960858918,45.1899450618408,2.9999994323985));
#10325=CARTESIAN_POINT('Ctrl Pts',(64.8671023216829,45.1960039743649,2.9999994896805));
#10326=CARTESIAN_POINT('Ctrl Pts',(64.842662949195,45.20409839179,2.99999973697077));
#10327=CARTESIAN_POINT('Ctrl Pts',(64.8310782980446,45.2079352743524,2.99999985419029));
#10328=CARTESIAN_POINT('Ctrl Pts',(64.8196858163664,45.2122299647879,2.99999999676867));
#10329=CARTESIAN_POINT('Ctrl Pts',(64.8085218021052,45.217085909819,2.99999999993411));
#10330=CARTESIAN_POINT('Ctrl Pts',(64.8082894252085,45.2171869854187,3.));
#10331=CARTESIAN_POINT('Ctrl Pts',(64.8080571473586,45.2172883043276,3.));
#10332=CARTESIAN_POINT('Ctrl Pts',(64.8078249681238,45.2173898657367,3.));
#10333=CARTESIAN_POINT('Ctrl Pts',(64.7443859691031,45.2451397811881,3.));
#10334=CARTESIAN_POINT('Ctrl Pts',(64.6887685849412,45.290792904534,3.));
#10335=CARTESIAN_POINT('Ctrl Pts',(64.6331512007792,45.33644602788,3.));
#10336=CARTESIAN_POINT('',(64.9947787508441,45.1589328269281,2.49344180688179));
#10337=CARTESIAN_POINT('',(65.0587809663398,45.1967417269611,4.19181579499216));
#10338=CARTESIAN_POINT('',(64.6144622909109,45.3254056737381,2.50406781795371));
#10339=CARTESIAN_POINT('Ctrl Pts',(64.9947787508441,45.1589328269281,2.49344180688179));
#10340=CARTESIAN_POINT('Ctrl Pts',(64.923825689752,45.1686687911514,2.49589889056139));
#10341=CARTESIAN_POINT('Ctrl Pts',(64.7813881583418,45.1882136379631,2.50083146046611));
#10342=CARTESIAN_POINT('Ctrl Pts',(64.6702424683554,45.2795613943746,2.50298635228449));
#10343=CARTESIAN_POINT('Ctrl Pts',(64.6144622909109,45.3254056737381,2.50406781795371));
#10344=CARTESIAN_POINT('',(64.6784645064065,45.3632145737711,4.20244180606409));
#10345=CARTESIAN_POINT('Ctrl Pts',(64.6784645064065,45.3632145737711,4.20244180606409));
#10346=CARTESIAN_POINT('Ctrl Pts',(64.6144622909109,45.3254056737381,2.50406781795371));
#10347=CARTESIAN_POINT('Ctrl Pts',(64.6585619955828,45.3836654600512,4.2027365463717));
#10348=CARTESIAN_POINT('Ctrl Pts',(64.5945597800871,45.3458565600182,2.50436255826133));
#10349=CARTESIAN_POINT('Ctrl Pts',(64.6195853762353,45.4237160052772,4.20331375900974));
#10350=CARTESIAN_POINT('Ctrl Pts',(64.5555831607396,45.3859071052442,2.50493977089936));
#10351=CARTESIAN_POINT('Ctrl Pts',(64.5893340703474,45.4707003029874,4.20340780542374));
#10352=CARTESIAN_POINT('Ctrl Pts',(64.5253318548517,45.4328914029544,2.50503381731336));
#10353=CARTESIAN_POINT('Ctrl Pts',(64.5745298954048,45.4936931537897,4.20345382920767));
#10354=CARTESIAN_POINT('Ctrl Pts',(64.5105276799091,45.4558842537568,2.50507984109729));
#10355=CARTESIAN_POINT('',(64.5291784522861,45.4669020784192,3.));
#10356=CARTESIAN_POINT('Ctrl Pts',(64.6331512007792,45.33644602788,3.));
#10357=CARTESIAN_POINT('Ctrl Pts',(64.6136520337838,45.3564648564576,3.));
#10358=CARTESIAN_POINT('Ctrl Pts',(64.5941528667885,45.3764836850351,3.));
#10359=CARTESIAN_POINT('Ctrl Pts',(64.5767940825258,45.3982025044852,3.));
#10360=CARTESIAN_POINT('Ctrl Pts',(64.5764248180133,45.3986645177894,3.));
#10361=CARTESIAN_POINT('Ctrl Pts',(64.5760568355474,45.399126908113,3.000000000001));
#10362=CARTESIAN_POINT('Ctrl Pts',(64.575690131277,45.3995897124125,2.99999999808515));
#10363=CARTESIAN_POINT('Ctrl Pts',(64.5688367001577,45.4082391818752,2.99999996227927));
#10364=CARTESIAN_POINT('Ctrl Pts',(64.5624251512881,45.4170296113921,2.999999510372));
#10365=CARTESIAN_POINT('Ctrl Pts',(64.5561883346159,45.4260099323306,2.99999952416654));
#10366=CARTESIAN_POINT('Ctrl Pts',(64.5479856317642,45.4378209102771,2.9999995423092));
#10367=CARTESIAN_POINT('Ctrl Pts',(64.5400922409752,45.4499659714213,2.99999997473795));
#10368=CARTESIAN_POINT('Ctrl Pts',(64.5319515050781,45.4625970504382,2.99999999732774));
#10369=CARTESIAN_POINT('Ctrl Pts',(64.5310306593497,45.4640258248518,2.999999999883));
#10370=CARTESIAN_POINT('Ctrl Pts',(64.5301065981287,45.4654607776882,3.));
#10371=CARTESIAN_POINT('Ctrl Pts',(64.5291784522861,45.4669020784192,3.));
#10372=CARTESIAN_POINT('',(64.5105276799091,45.4558842537568,2.50507984109729));
#10373=CARTESIAN_POINT('Ctrl Pts',(64.6144622909109,45.3254056737381,2.50406781795371));
#10374=CARTESIAN_POINT('Ctrl Pts',(64.5945597800871,45.3458565600182,2.50436255826133));
#10375=CARTESIAN_POINT('Ctrl Pts',(64.5555831607396,45.3859071052442,2.50493977089936));
#10376=CARTESIAN_POINT('Ctrl Pts',(64.5253318548517,45.4328914029544,2.50503381731336));
#10377=CARTESIAN_POINT('Ctrl Pts',(64.5105276799091,45.4558842537568,2.50507984109729));
#10378=CARTESIAN_POINT('',(64.5745298954048,45.4936931537897,4.20345382920767));
#10379=CARTESIAN_POINT('Origin',(64.5745298954048,45.4936931537897,4.20345382920767));
#10380=CARTESIAN_POINT('',(64.2590538360494,45.8749145976218,3.));
#10381=CARTESIAN_POINT('',(65.0283350171072,44.7129458846946,3.));
#10382=CARTESIAN_POINT('',(64.2404443012377,45.8639211337877,2.50617412834478));
#10383=CARTESIAN_POINT('',(64.5105276799091,45.4558842537568,2.50507984109729));
#10384=CARTESIAN_POINT('',(64.3044465167333,45.9017300338207,4.20454811645515));
#10385=CARTESIAN_POINT('Origin',(64.3044465167333,45.9017300338207,4.20454811645515));
#10386=CARTESIAN_POINT('',(64.2694184191852,45.1588211651113,3.));
#10387=CARTESIAN_POINT('',(64.2976098420253,43.2110638376418,3.));
#10388=CARTESIAN_POINT('',(64.25139379262,45.1481732320881,2.52169535590815));
#10389=CARTESIAN_POINT('',(64.2404443012377,45.8639211337877,2.50617412834478));
#10390=CARTESIAN_POINT('',(64.3153960081156,45.185982132121,4.22006934401852));
#10391=CARTESIAN_POINT('Origin',(64.3153960081156,45.185982132121,4.22006934401852));
#10392=CARTESIAN_POINT('',(64.0272723586747,45.1551168214499,3.));
#10393=CARTESIAN_POINT('',(62.2425504491137,45.1278141955922,3.));
#10394=CARTESIAN_POINT('',(64.0095940514528,45.1446734743668,2.53088534659339));
#10395=CARTESIAN_POINT('',(64.25139379262,45.1481732320881,2.52169535590815));
#10396=CARTESIAN_POINT('',(64.0735962669484,45.1824823743998,4.22925933470377));
#10397=CARTESIAN_POINT('Origin',(64.0735962669484,45.1824823743998,4.22925933470377));
#10398=CARTESIAN_POINT('',(64.0123913612748,46.1832512256669,3.));
#10399=CARTESIAN_POINT('',(64.0606407463129,42.8496808065017,3.));
#10400=CARTESIAN_POINT('',(63.9938732693764,46.1723117811498,2.50860067349195));
#10401=CARTESIAN_POINT('',(64.0095940514528,45.1446734743668,2.53088534659339));
#10402=CARTESIAN_POINT('',(64.0578754848721,46.2101206811828,4.20697466160233));
#10403=CARTESIAN_POINT('Origin',(64.0578754848721,46.2101206811828,4.20697466160233));
#10404=CARTESIAN_POINT('',(64.2175629379586,46.3904616356975,3.));
#10405=CARTESIAN_POINT('',(61.6663426116871,43.8138892935162,3.));
#10406=CARTESIAN_POINT('',(64.1985805347208,46.3792479022221,2.49627962655445));
#10407=CARTESIAN_POINT('',(63.9938732693764,46.1723117811498,2.50860067349195));
#10408=CARTESIAN_POINT('',(64.2625827502165,46.4170568022551,4.19465361466483));
#10409=CARTESIAN_POINT('Origin',(65.4224811090287,45.2020058450136,4.17799278216593));
#10410=CARTESIAN_POINT('',(65.3780891503528,45.1757815789496,3.));
#10411=CARTESIAN_POINT('',(62.7960860219317,45.136282167304,3.));
#10412=CARTESIAN_POINT('',(65.3584788935331,45.1641969449806,2.47961879405556));
#10413=CARTESIAN_POINT('',(65.4224811090287,45.2020058450136,4.17799278216593));
#10414=CARTESIAN_POINT('',(65.3584788935331,45.1641969449806,2.47961879405556));
#10415=CARTESIAN_POINT('Origin',(65.418749718238,45.4459199260979,4.17270342546726));
#10416=CARTESIAN_POINT('',(65.3745570858293,45.4198134107531,3.));
#10417=CARTESIAN_POINT('',(65.4097084474681,42.9911909679968,3.));
#10418=CARTESIAN_POINT('',(65.3547475027424,45.4081110260649,2.47432943735688));
#10419=CARTESIAN_POINT('',(65.418749718238,45.4459199260979,4.17270342546726));
#10420=CARTESIAN_POINT('',(65.3547475027424,45.4081110260649,2.47432943735688));
#10421=CARTESIAN_POINT('Origin',(65.0990133814173,45.4412921307655,4.18485552266526));
#10422=CARTESIAN_POINT('',(65.0543628044398,45.4149150875915,3.));
#10423=CARTESIAN_POINT('',(62.632486723648,45.3778652950422,3.));
#10424=CARTESIAN_POINT('',(65.0350111659217,45.4034832307325,2.48648153455488));
#10425=CARTESIAN_POINT('',(65.0990133814173,45.4412921307655,4.18485552266526));
#10426=CARTESIAN_POINT('',(65.0350111659217,45.4034832307325,2.48648153455488));
#10427=CARTESIAN_POINT('Ctrl Pts',(64.8476308751149,45.5416400627319,4.19209479534492));
#10428=CARTESIAN_POINT('Ctrl Pts',(64.7836286596193,45.5038311626989,2.49372080723454));
#10429=CARTESIAN_POINT('Ctrl Pts',(64.8844302569171,45.5118432880149,4.1913713629936));
#10430=CARTESIAN_POINT('Ctrl Pts',(64.8204280414215,45.4740343879819,2.49299737488322));
#10431=CARTESIAN_POINT('Ctrl Pts',(64.9578777405703,45.4523722312534,4.18992747227601));
#10432=CARTESIAN_POINT('Ctrl Pts',(64.8938755250747,45.4145633312204,2.49155348416563));
#10433=CARTESIAN_POINT('Ctrl Pts',(65.0520328116072,45.4449804226198,4.18654384945027));
#10434=CARTESIAN_POINT('Ctrl Pts',(64.9880305961116,45.4071715225868,2.48816986133989));
#10435=CARTESIAN_POINT('Ctrl Pts',(65.0990133814173,45.4412921307655,4.18485552266526));
#10436=CARTESIAN_POINT('Ctrl Pts',(65.0350111659217,45.4034832307325,2.48648153455488));
#10437=CARTESIAN_POINT('',(64.802707490444,45.5151018601554,3.));
#10438=CARTESIAN_POINT('Ctrl Pts',(64.802707490444,45.5151018601554,3.));
#10439=CARTESIAN_POINT('Ctrl Pts',(64.839458110072,45.4853826690656,3.));
#10440=CARTESIAN_POINT('Ctrl Pts',(64.8762087297001,45.4556634779756,3.));
#10441=CARTESIAN_POINT('Ctrl Pts',(64.9181437031442,45.4389477619352,3.));
#10442=CARTESIAN_POINT('Ctrl Pts',(64.9182304528044,45.4389131826195,3.));
#10443=CARTESIAN_POINT('Ctrl Pts',(64.9183172239126,45.438878659245,3.));
#10444=CARTESIAN_POINT('Ctrl Pts',(64.9184040165179,45.4388441919219,2.99999999999157));
#10445=CARTESIAN_POINT('Ctrl Pts',(64.9374009221881,45.4313000874115,2.99999999814707));
#10446=CARTESIAN_POINT('Ctrl Pts',(64.957425826175,45.4264365565447,2.99999976731575));
#10447=CARTESIAN_POINT('Ctrl Pts',(64.9780441091396,45.4230241637462,2.99999980024));
#10448=CARTESIAN_POINT('Ctrl Pts',(65.0028694635547,45.418915486958,2.9999998398823));
#10449=CARTESIAN_POINT('Ctrl Pts',(65.0285578507816,45.4169175943499,3.));
#10450=CARTESIAN_POINT('Ctrl Pts',(65.0543628044398,45.4149150875915,3.));
#10451=CARTESIAN_POINT('',(64.7836286596193,45.5038311626989,2.49372080723454));
#10452=CARTESIAN_POINT('',(64.8476308751149,45.5416400627319,4.19209479534492));
#10453=CARTESIAN_POINT('Ctrl Pts',(64.7836286596193,45.5038311626989,2.49372080723454));
#10454=CARTESIAN_POINT('Ctrl Pts',(64.8204280414215,45.4740343879819,2.49299737488322));
#10455=CARTESIAN_POINT('Ctrl Pts',(64.8938755250747,45.4145633312204,2.49155348416563));
#10456=CARTESIAN_POINT('Ctrl Pts',(64.9880305961116,45.4071715225868,2.48816986133989));
#10457=CARTESIAN_POINT('Ctrl Pts',(65.0350111659217,45.4034832307325,2.48648153455488));
#10458=CARTESIAN_POINT('Ctrl Pts',(64.7722235482851,45.6365362292818,4.19282391408777));
#10459=CARTESIAN_POINT('Ctrl Pts',(64.7082213327894,45.5987273292488,2.49444992597739));
#10460=CARTESIAN_POINT('Ctrl Pts',(64.7872863428334,45.6157664708061,4.19271865429106));
#10461=CARTESIAN_POINT('Ctrl Pts',(64.7232841273378,45.5779575707731,2.49434466618068));
#10462=CARTESIAN_POINT('Ctrl Pts',(64.8110387246047,45.5830148302634,4.19255267108863));
#10463=CARTESIAN_POINT('Ctrl Pts',(64.7470365091091,45.5452059302304,2.49417868297825));
#10464=CARTESIAN_POINT('Ctrl Pts',(64.8378296610273,45.5527223016478,4.19221743744512));
#10465=CARTESIAN_POINT('Ctrl Pts',(64.7738274455317,45.5149134016148,2.49384344933475));
#10466=CARTESIAN_POINT('Ctrl Pts',(64.8476308751149,45.5416400627319,4.19209479534492));
#10467=CARTESIAN_POINT('Ctrl Pts',(64.7836286596193,45.5038311626989,2.49372080723454));
#10468=CARTESIAN_POINT('',(64.7272726872072,45.6099817951935,3.));
#10469=CARTESIAN_POINT('Ctrl Pts',(64.7272726872072,45.6099817951935,3.));
#10470=CARTESIAN_POINT('Ctrl Pts',(64.7391520043695,45.5936078241378,3.));
#10471=CARTESIAN_POINT('Ctrl Pts',(64.7510313215312,45.577233853083,3.));
#10472=CARTESIAN_POINT('Ctrl Pts',(64.7635108293053,45.5613453434242,3.));
#10473=CARTESIAN_POINT('Ctrl Pts',(64.7671311369218,45.5567360837024,3.));
#10474=CARTESIAN_POINT('Ctrl Pts',(64.7704605507638,45.5525995401731,2.99999981466765));
#10475=CARTESIAN_POINT('Ctrl Pts',(64.773697499523,45.5486700073535,2.9999995878786));
#10476=CARTESIAN_POINT('Ctrl Pts',(64.7775996723874,45.5439329177426,2.99999931448222));
#10477=CARTESIAN_POINT('Ctrl Pts',(64.7813655902204,45.539495145804,2.99999908554721));
#10478=CARTESIAN_POINT('Ctrl Pts',(64.7853406460335,45.5348893892563,2.99999927770036));
#10479=CARTESIAN_POINT('Ctrl Pts',(64.7898273047512,45.5296908565217,2.99999949458427));
#10480=CARTESIAN_POINT('Ctrl Pts',(64.7945856624389,45.5242825757635,2.99999995475665));
#10481=CARTESIAN_POINT('Ctrl Pts',(64.8001340247864,45.5180101201138,2.9999999937002));
#10482=CARTESIAN_POINT('Ctrl Pts',(64.8009732915475,45.5170613241975,2.99999999959096));
#10483=CARTESIAN_POINT('Ctrl Pts',(64.8018305595959,45.5160926949153,3.));
#10484=CARTESIAN_POINT('Ctrl Pts',(64.802707490444,45.5151018601554,3.));
#10485=CARTESIAN_POINT('',(64.7082213327894,45.5987273292488,2.49444992597739));
#10486=CARTESIAN_POINT('',(64.7722235482851,45.6365362292818,4.19282391408777));
#10487=CARTESIAN_POINT('Ctrl Pts',(64.7082213327894,45.5987273292488,2.49444992597739));
#10488=CARTESIAN_POINT('Ctrl Pts',(64.7232841273378,45.5779575707731,2.49434466618068));
#10489=CARTESIAN_POINT('Ctrl Pts',(64.7470365091091,45.5452059302304,2.49417868297825));
#10490=CARTESIAN_POINT('Ctrl Pts',(64.7738274455317,45.5149134016148,2.49384344933475));
#10491=CARTESIAN_POINT('Ctrl Pts',(64.7836286596193,45.5038311626989,2.49372080723454));
#10492=CARTESIAN_POINT('Origin',(64.2625827502165,46.4170568022551,4.19465361466483));
#10493=CARTESIAN_POINT('',(64.9807352811621,45.221873768625,3.));
#10494=CARTESIAN_POINT('',(64.1985805347208,46.3792479022221,2.49627962655445));
#10495=CARTESIAN_POINT('Origin',(60.2148172249117,44.8199750240116,2.68111763774167));
#10496=CARTESIAN_POINT('Origin',(65.769582068773,47.2067685135507,4.12028281814444));
#10497=CARTESIAN_POINT('',(65.7273648758314,47.1818289764543,3.));
#10498=CARTESIAN_POINT('',(65.7563162297953,45.1815676862327,3.));
#10499=CARTESIAN_POINT('',(65.7752363743241,43.8743668985417,3.));
#10500=CARTESIAN_POINT('',(65.7055798532773,47.1689596135177,2.42190883003406));
#10501=CARTESIAN_POINT('',(65.769582068773,47.2067685135507,4.12028281814444));
#10502=CARTESIAN_POINT('',(65.7361650294084,45.1696634933063,2.46526422091216));
#10503=CARTESIAN_POINT('',(65.7055798532773,47.1689596135177,2.42190883003406));
#10504=CARTESIAN_POINT('',(65.800167244904,45.2074723933393,4.16363820902254));
#10505=CARTESIAN_POINT('Origin',(65.800167244904,45.2074723933393,4.16363820902254));
#10506=CARTESIAN_POINT('',(65.5121686270022,45.1778327230334,3.));
#10507=CARTESIAN_POINT('',(62.9849267094223,45.1391710468597,3.));
#10508=CARTESIAN_POINT('',(65.4923666085813,45.1661348071233,2.47453017465414));
#10509=CARTESIAN_POINT('',(65.7361650294084,45.1696634933063,2.46526422091216));
#10510=CARTESIAN_POINT('',(65.5563688240769,45.2039437071563,4.17290416276452));
#10511=CARTESIAN_POINT('Origin',(65.5563688240769,45.2039437071563,4.17290416276452));
#10512=CARTESIAN_POINT('',(65.4832172730383,47.1780940132551,3.));
#10513=CARTESIAN_POINT('',(65.5455547243939,42.8711731337269,3.));
#10514=CARTESIAN_POINT('',(65.4617814324503,47.1654309273347,2.43117478377604));
#10515=CARTESIAN_POINT('',(65.4923666085813,45.1661348071233,2.47453017465414));
#10516=CARTESIAN_POINT('',(65.5257836479459,47.2032398273676,4.12954877188642));
#10517=CARTESIAN_POINT('Origin',(65.5257836479459,47.2032398273677,4.12954877188642));
#10518=CARTESIAN_POINT('',(62.8324294800504,47.1375423357347,3.));
#10519=CARTESIAN_POINT('',(65.4617814324503,47.1654309273347,2.43117478377604));
#10520=CARTESIAN_POINT('Origin',(60.2148172249117,44.8199750240116,2.68111763774166));
#10521=CARTESIAN_POINT('Ctrl Pts',(59.6502918282636,43.2866999764123,4.43815250755084));
#10522=CARTESIAN_POINT('Ctrl Pts',(59.586289612768,43.2488910763793,2.73977851944046));
#10523=CARTESIAN_POINT('Ctrl Pts',(59.7022360419845,43.2467395201541,4.4370846132725));
#10524=CARTESIAN_POINT('Ctrl Pts',(59.6382338264889,43.2089306201211,2.73871062516212));
#10525=CARTESIAN_POINT('Ctrl Pts',(59.81388104467,43.1608515082528,4.43478936128904));
#10526=CARTESIAN_POINT('Ctrl Pts',(59.7498788291743,43.1230426082198,2.73641537317866));
#10527=CARTESIAN_POINT('Ctrl Pts',(59.897818104051,43.047555328811,4.43414842245721));
#10528=CARTESIAN_POINT('Ctrl Pts',(59.8338158885554,43.0097464287781,2.73577443434684));
#10529=CARTESIAN_POINT('Ctrl Pts',(59.9427024118828,42.9869715934297,4.43380568831759));
#10530=CARTESIAN_POINT('Ctrl Pts',(59.8787001963872,42.9491626933967,2.73543170020722));
#10531=CARTESIAN_POINT('',(59.5960959047814,43.2546840807551,3.));
#10532=CARTESIAN_POINT('',(59.8886702957029,42.9550524658901,3.));
#10533=CARTESIAN_POINT('Ctrl Pts',(59.5960959047814,43.2546840807551,3.));
#10534=CARTESIAN_POINT('Ctrl Pts',(59.6102748515513,43.2437912074166,3.));
#10535=CARTESIAN_POINT('Ctrl Pts',(59.6238370238227,43.2333656672849,3.00000022080371));
#10536=CARTESIAN_POINT('Ctrl Pts',(59.6369061907509,43.2231411953197,3.00000099096913));
#10537=CARTESIAN_POINT('Ctrl Pts',(59.6566926680537,43.207661533641,3.00000215698533));
#10538=CARTESIAN_POINT('Ctrl Pts',(59.6753557993818,43.1926493672918,3.0000041827075));
#10539=CARTESIAN_POINT('Ctrl Pts',(59.6933938848851,43.1772487330039,3.00000410122656));
#10540=CARTESIAN_POINT('Ctrl Pts',(59.704462536385,43.1677984920802,3.00000405122768));
#10541=CARTESIAN_POINT('Ctrl Pts',(59.7152967015755,43.158202835976,3.00000315601964));
#10542=CARTESIAN_POINT('Ctrl Pts',(59.7259904554012,43.1482431599826,3.00000198742993));
#10543=CARTESIAN_POINT('Ctrl Pts',(59.7327238331336,43.1419719981764,3.00000125162135));
#10544=CARTESIAN_POINT('Ctrl Pts',(59.7394010941891,43.13555607144,3.00000043419765));
#10545=CARTESIAN_POINT('Ctrl Pts',(59.7460378735966,43.1289330434188,3.00000014656692));
#10546=CARTESIAN_POINT('Ctrl Pts',(59.7494456398681,43.1255323380283,2.99999999887807));
#10547=CARTESIAN_POINT('Ctrl Pts',(59.7528425802776,43.1220768794608,3.));
#10548=CARTESIAN_POINT('Ctrl Pts',(59.7562347089137,43.1185620842908,3.));
#10549=CARTESIAN_POINT('Ctrl Pts',(59.8047078125448,43.0683360908808,3.));
#10550=CARTESIAN_POINT('Ctrl Pts',(59.8466890541237,43.0116942783857,3.));
#10551=CARTESIAN_POINT('Ctrl Pts',(59.8886702957029,42.9550524658901,3.));
#10552=CARTESIAN_POINT('',(59.586289612768,43.2488910763793,2.73977851944046));
#10553=CARTESIAN_POINT('',(59.6502918282636,43.2866999764123,4.43815250755084));
#10554=CARTESIAN_POINT('',(59.8787001963872,42.9491626933967,2.73543170020722));
#10555=CARTESIAN_POINT('Ctrl Pts',(59.586289612768,43.2488910763793,2.73977851944046));
#10556=CARTESIAN_POINT('Ctrl Pts',(59.6382338264888,43.2089306201211,2.73871062516212));
#10557=CARTESIAN_POINT('Ctrl Pts',(59.7498788291743,43.1230426082198,2.73641537317866));
#10558=CARTESIAN_POINT('Ctrl Pts',(59.8338158885554,43.0097464287781,2.73577443434683));
#10559=CARTESIAN_POINT('Ctrl Pts',(59.8787001963872,42.9491626933967,2.73543170020722));
#10560=CARTESIAN_POINT('',(59.9427024118828,42.9869715934297,4.43380568831759));
#10561=CARTESIAN_POINT('Origin',(59.9427024118828,42.9869715934297,4.43380568831759));
#10562=CARTESIAN_POINT('',(59.714300874887,42.8323430709062,3.));
#10563=CARTESIAN_POINT('',(59.4450681109813,42.6428752765296,3.));
#10564=CARTESIAN_POINT('',(59.7046806736126,42.826659998446,2.74471665584986));
#10565=CARTESIAN_POINT('',(59.8787001963872,42.9491626933967,2.73543170020722));
#10566=CARTESIAN_POINT('',(59.7686828891083,42.864468898479,4.44309064396024));
#10567=CARTESIAN_POINT('Ctrl Pts',(59.7686828891083,42.864468898479,4.44309064396024));
#10568=CARTESIAN_POINT('Ctrl Pts',(59.7046806736126,42.826659998446,2.74471665584986));
#10569=CARTESIAN_POINT('Ctrl Pts',(59.7298726421288,42.9222561879792,4.44326673470398));
#10570=CARTESIAN_POINT('Ctrl Pts',(59.6658704266332,42.8844472879462,2.74489274659361));
#10571=CARTESIAN_POINT('Ctrl Pts',(59.654390537934,43.0346467689901,4.44360921384034));
#10572=CARTESIAN_POINT('Ctrl Pts',(59.5903883224384,42.9968378689571,2.74523522572996));
#10573=CARTESIAN_POINT('Ctrl Pts',(59.555949567279,43.1275305703223,4.44525114069374));
#10574=CARTESIAN_POINT('Ctrl Pts',(59.4919473517834,43.0897216702893,2.74687715258336));
#10575=CARTESIAN_POINT('Ctrl Pts',(59.5081234864018,43.1726567831699,4.44604884642503));
#10576=CARTESIAN_POINT('Ctrl Pts',(59.4441212709061,43.1348478831369,2.74767485831466));
#10577=CARTESIAN_POINT('',(59.4536299940767,43.1404651006194,3.));
#10578=CARTESIAN_POINT('Ctrl Pts',(59.714300874887,42.8323430709062,3.));
#10579=CARTESIAN_POINT('Ctrl Pts',(59.6765534077101,42.8885344927663,3.));
#10580=CARTESIAN_POINT('Ctrl Pts',(59.638805940533,42.9447259146266,3.));
#10581=CARTESIAN_POINT('Ctrl Pts',(59.5954649937987,42.9961679726215,3.));
#10582=CARTESIAN_POINT('Ctrl Pts',(59.5942353425735,42.9976274651893,3.));
#10583=CARTESIAN_POINT('Ctrl Pts',(59.5930030069282,42.999080977321,2.99999999998887));
#10584=CARTESIAN_POINT('Ctrl Pts',(59.5917677483237,43.0005286117632,3.00000001143667));
#10585=CARTESIAN_POINT('Ctrl Pts',(59.5801125762959,43.0141876370035,3.00000011945129));
#10586=CARTESIAN_POINT('Ctrl Pts',(59.5682007556999,43.0273264256381,3.00000104535491));
#10587=CARTESIAN_POINT('Ctrl Pts',(59.5560265492487,43.0401966565566,3.00000140781158));
#10588=CARTESIAN_POINT('Ctrl Pts',(59.538674272569,43.0585409986476,3.0000019244324));
#10589=CARTESIAN_POINT('Ctrl Pts',(59.5207875324995,43.0763385505514,3.00000137608512));
#10590=CARTESIAN_POINT('Ctrl Pts',(59.5022612388677,43.0942429149048,3.00000077059414));
#10591=CARTESIAN_POINT('Ctrl Pts',(59.4865347454194,43.1094414686089,3.00000025660844));
#10592=CARTESIAN_POINT('Ctrl Pts',(59.4703421227744,43.1247125082512,3.));
#10593=CARTESIAN_POINT('Ctrl Pts',(59.4536299940767,43.1404651006194,3.));
#10594=CARTESIAN_POINT('',(59.4441212709061,43.1348478831369,2.74767485831466));
#10595=CARTESIAN_POINT('Ctrl Pts',(59.7046806736126,42.826659998446,2.74471665584986));
#10596=CARTESIAN_POINT('Ctrl Pts',(59.6658704266332,42.8844472879462,2.74489274659361));
#10597=CARTESIAN_POINT('Ctrl Pts',(59.5903883224384,42.9968378689571,2.74523522572996));
#10598=CARTESIAN_POINT('Ctrl Pts',(59.4919473517834,43.0897216702893,2.74687715258336));
#10599=CARTESIAN_POINT('Ctrl Pts',(59.4441212709061,43.1348478831369,2.74767485831466));
#10600=CARTESIAN_POINT('',(59.5081234864018,43.1726567831699,4.44604884642503));
#10601=CARTESIAN_POINT('Origin',(59.5081234864018,43.1726567831699,4.44604884642503));
#10602=CARTESIAN_POINT('',(59.0638254562918,42.8279476953127,3.));
#10603=CARTESIAN_POINT('',(59.4441212709061,43.1348478831369,2.74767485831466));
#10604=CARTESIAN_POINT('Origin',(60.2148172249117,44.8199750240116,2.68111763774166));
#10605=CARTESIAN_POINT('Origin',(58.4697971847268,42.5817032900035,4.49833325838818));
#10606=CARTESIAN_POINT('',(58.4133333853758,42.5483476611614,3.));
#10607=CARTESIAN_POINT('',(58.4107856662787,42.7243706511242,3.));
#10608=CARTESIAN_POINT('',(58.428386446303,41.5083253150704,3.));
#10609=CARTESIAN_POINT('',(58.4057949692312,42.5438943899705,2.79995927027781));
#10610=CARTESIAN_POINT('',(58.4697971847268,42.5817032900035,4.49833325838818));
#10611=CARTESIAN_POINT('',(58.4031034737863,42.7198324449741,2.79614399595806));
#10612=CARTESIAN_POINT('',(58.4057949692312,42.5438943899705,2.79995927027781));
#10613=CARTESIAN_POINT('',(58.467105689282,42.7576413450071,4.49451798406844));
#10614=CARTESIAN_POINT('Origin',(58.467105689282,42.7576413450071,4.49451798406844));
#10615=CARTESIAN_POINT('',(59.1552359391322,42.7357592305776,3.));
#10616=CARTESIAN_POINT('',(59.336382141654,42.7385304001175,3.));
#10617=CARTESIAN_POINT('',(59.1464890275646,42.7305920484341,2.7678904242967));
#10618=CARTESIAN_POINT('',(58.4031034737863,42.7198324449741,2.79614399595806));
#10619=CARTESIAN_POINT('',(59.2104912430602,42.768400948467,4.46626441240708));
#10620=CARTESIAN_POINT('Origin',(59.2104912430602,42.768400948467,4.46626441240708));
#10621=CARTESIAN_POINT('',(59.1471295609714,43.295832326266,3.));
#10622=CARTESIAN_POINT('',(59.1715723378431,41.6070705342283,3.));
#10623=CARTESIAN_POINT('',(59.1379251792506,43.2903948965512,2.75575091627213));
#10624=CARTESIAN_POINT('',(59.1464890275646,42.7305920484341,2.7678904242967));
#10625=CARTESIAN_POINT('',(59.2019273947462,43.3282037965842,4.45412490438251));
#10626=CARTESIAN_POINT('Origin',(59.2019273947462,43.3282037965842,4.45412490438251));
#10627=CARTESIAN_POINT('',(58.5947957376702,43.2873827388847,3.));
#10628=CARTESIAN_POINT('',(59.6995023586473,43.3042825098762,3.));
#10629=CARTESIAN_POINT('',(58.5863813084539,43.2824119685667,2.77671323414169));
#10630=CARTESIAN_POINT('',(59.1379251792506,43.2903948965512,2.75575091627213));
#10631=CARTESIAN_POINT('',(58.6503835239495,43.3202208685997,4.47508722225207));
#10632=CARTESIAN_POINT('Origin',(58.6503835239495,43.3202208685997,4.47508722225207));
#10633=CARTESIAN_POINT('',(58.5922480185732,43.4634057288475,3.));
#10634=CARTESIAN_POINT('',(58.6151806454361,41.8789808396237,3.));
#10635=CARTESIAN_POINT('',(58.5836898130091,43.4583500235703,2.77289795982194));
#10636=CARTESIAN_POINT('',(58.5863813084539,43.2824119685667,2.77671323414169));
#10637=CARTESIAN_POINT('',(58.6476920285047,43.4961589236033,4.47127194793232));
#10638=CARTESIAN_POINT('Origin',(58.6476920285047,43.4961589236033,4.47127194793232));
#10639=CARTESIAN_POINT('',(59.1445818418744,43.4718553162288,3.));
#10640=CARTESIAN_POINT('',(59.4210411386375,43.4760845828187,3.));
#10641=CARTESIAN_POINT('',(59.1352336838057,43.4663329515548,2.75193564195239));
#10642=CARTESIAN_POINT('',(58.5836898130091,43.4583500235703,2.77289795982194));
#10643=CARTESIAN_POINT('',(59.1992358993013,43.5041418515878,4.45030963006276));
#10644=CARTESIAN_POINT('Origin',(59.1992358993013,43.5041418515878,4.45030963006276));
#10645=CARTESIAN_POINT('',(59.1380967324432,43.9199142696789,3.));
#10646=CARTESIAN_POINT('',(59.1662477961293,41.9749453732298,3.));
#10647=CARTESIAN_POINT('',(59.1283825978624,43.9141757067178,2.742224025196));
#10648=CARTESIAN_POINT('',(59.1352336838057,43.4663329515548,2.75193564195239));
#10649=CARTESIAN_POINT('',(59.192384813358,43.9519846067508,4.44059801330638));
#10650=CARTESIAN_POINT('Origin',(59.192384813358,43.9519846067508,4.44059801330638));
#10651=CARTESIAN_POINT('',(58.4897049825694,43.9099951908235,3.));
#10652=CARTESIAN_POINT('',(59.6899552908776,43.9283565864716,3.));
#10653=CARTESIAN_POINT('',(58.480918183352,43.9048044453056,2.76683195864396));
#10654=CARTESIAN_POINT('',(59.1283825978624,43.9141757067178,2.742224025196));
#10655=CARTESIAN_POINT('',(58.5449203988477,43.9426133453386,4.46520594675434));
#10656=CARTESIAN_POINT('Origin',(58.5449203988477,43.9426133453386,4.46520594675434));
#10657=CARTESIAN_POINT('',(58.4871572634724,44.0860181807862,3.));
#10658=CARTESIAN_POINT('',(58.5146072843853,42.1894846260372,3.));
#10659=CARTESIAN_POINT('',(58.4782266879072,44.0807425003091,2.76301668432421));
#10660=CARTESIAN_POINT('',(58.480918183352,43.9048044453056,2.76683195864396));
#10661=CARTESIAN_POINT('',(58.5422289034028,44.1185514003421,4.46139067243459));
#10662=CARTESIAN_POINT('Origin',(58.5422289034028,44.1185514003421,4.46139067243459));
#10663=CARTESIAN_POINT('',(60.0400958304873,44.1097749915521,3.));
#10664=CARTESIAN_POINT('',(59.3635344035705,44.0994249737651,3.));
#10665=CARTESIAN_POINT('',(60.0289442290521,44.1031872542276,2.70407915325089));
#10666=CARTESIAN_POINT('',(58.4782266879072,44.0807425003091,2.76301668432421));
#10667=CARTESIAN_POINT('',(60.0929464445477,44.1409961542606,4.40245314136127));
#10668=CARTESIAN_POINT('Origin',(60.0929464445477,44.1409961542606,4.40245314136127));
#10669=CARTESIAN_POINT('',(60.0426435495843,43.9337520015893,3.));
#10670=CARTESIAN_POINT('',(60.0662911125977,42.2999318713544,3.));
#10671=CARTESIAN_POINT('',(60.0316357244969,43.927249199224,2.70789442757064));
#10672=CARTESIAN_POINT('',(60.0289442290521,44.1031872542276,2.70407915325089));
#10673=CARTESIAN_POINT('',(60.0956379399926,43.965058099257,4.40626841568102));
#10674=CARTESIAN_POINT('Origin',(60.1883764218134,42.6065776381955,4.43301587175891));
#10675=CARTESIAN_POINT('',(60.1343740694016,42.5746760934119,3.));
#10676=CARTESIAN_POINT('',(60.1983536893209,42.575654851848,3.));
#10677=CARTESIAN_POINT('',(60.1243742063178,42.5687687381625,2.73464188364853));
#10678=CARTESIAN_POINT('',(60.1883764218134,42.6065776381955,4.43301587175891));
#10679=CARTESIAN_POINT('',(60.1243742063178,42.5687687381625,2.73464188364853));
#10680=CARTESIAN_POINT('Origin',(60.1856849263686,42.7825156931991,4.42920059743916));
#10681=CARTESIAN_POINT('',(60.1318263503045,42.7506990833746,3.));
#10682=CARTESIAN_POINT('',(60.1481743964118,41.6212056634825,3.));
#10683=CARTESIAN_POINT('',(60.1216827108729,42.7447067931661,2.73082660932879));
#10684=CARTESIAN_POINT('',(60.1856849263686,42.7825156931991,4.42920059743916));
#10685=CARTESIAN_POINT('',(60.1216827108729,42.7447067931661,2.73082660932879));
#10686=CARTESIAN_POINT('Origin',(59.3943393985105,42.7710619273352,4.45927696557222));
#10687=CARTESIAN_POINT('',(59.3393474123683,42.738575762746,3.));
#10688=CARTESIAN_POINT('',(59.7999931521812,42.7456227083904,3.));
#10689=CARTESIAN_POINT('',(59.3303371830149,42.7332530273022,2.76090297746185));
#10690=CARTESIAN_POINT('',(59.3943393985105,42.7710619273352,4.45927696557222));
#10691=CARTESIAN_POINT('',(59.3303371830149,42.7332530273022,2.76090297746185));
#10692=CARTESIAN_POINT('Origin',(59.3857755501965,43.3308647754523,4.44713745754766));
#10693=CARTESIAN_POINT('',(59.3312410342075,43.2986488584344,3.));
#10694=CARTESIAN_POINT('',(59.3516347252568,41.8896401184125,3.));
#10695=CARTESIAN_POINT('',(59.3217733347008,43.2930558754193,2.74876346943728));
#10696=CARTESIAN_POINT('',(59.3857755501965,43.3308647754523,4.44713745754766));
#10697=CARTESIAN_POINT('',(59.3217733347008,43.2930558754193,2.74876346943728));
#10698=CARTESIAN_POINT('Origin',(59.9932735181584,43.339657571068,4.42404851361445));
#10699=CARTESIAN_POINT('',(59.9396090953148,43.3079556560185,3.));
#10700=CARTESIAN_POINT('',(60.0951704327267,43.3103354290075,3.));
#10701=CARTESIAN_POINT('',(59.9292713026628,43.301848671035,2.72567452550407));
#10702=CARTESIAN_POINT('',(59.9932735181584,43.339657571068,4.42404851361445));
#10703=CARTESIAN_POINT('',(59.9292713026628,43.301848671035,2.72567452550407));
#10704=CARTESIAN_POINT('Origin',(59.9905820227136,43.5155956260716,4.4202332392947));
#10705=CARTESIAN_POINT('',(59.9370613762177,43.4839786459812,3.));
#10706=CARTESIAN_POINT('',(59.9587367820535,41.9864156892611,3.));
#10707=CARTESIAN_POINT('',(59.9265798072179,43.4777867260386,2.72185925118432));
#10708=CARTESIAN_POINT('',(59.9905820227136,43.5155956260716,4.4202332392947));
#10709=CARTESIAN_POINT('',(59.9265798072179,43.4777867260386,2.72185925118432));
#10710=CARTESIAN_POINT('Origin',(59.3830840547516,43.5068028304559,4.44332218322791));
#10711=CARTESIAN_POINT('',(59.3286933151105,43.4746718483971,3.));
#10712=CARTESIAN_POINT('',(59.7887325167968,43.4817095152383,3.));
#10713=CARTESIAN_POINT('',(59.319081839256,43.4689939304229,2.74494819511753));
#10714=CARTESIAN_POINT('',(59.3830840547516,43.5068028304559,4.44332218322791));
#10715=CARTESIAN_POINT('',(59.319081839256,43.4689939304229,2.74494819511753));
#10716=CARTESIAN_POINT('Origin',(59.3762329688083,43.954645585619,4.43361056647153));
#10717=CARTESIAN_POINT('',(59.3222082056793,43.9227308018473,3.));
#10718=CARTESIAN_POINT('',(59.3471204364223,42.2015342432857,3.));
#10719=CARTESIAN_POINT('',(59.3122307533127,43.916836685586,2.73523657836115));
#10720=CARTESIAN_POINT('',(59.3762329688083,43.954645585619,4.43361056647153));
#10721=CARTESIAN_POINT('',(59.3122307533127,43.916836685586,2.73523657836115));
#10722=CARTESIAN_POINT('Origin',(60.0956379399926,43.965058099257,4.40626841568102));
#10723=CARTESIAN_POINT('',(60.1415761612505,43.9352654699157,3.));
#10724=CARTESIAN_POINT('',(60.0316357244969,43.927249199224,2.70789442757064));
#10725=CARTESIAN_POINT('Origin',(60.2148172249117,44.8199750240116,2.68111763774167));
#10726=CARTESIAN_POINT('Origin',(66.0933157649135,47.2114541658066,4.10797879483296));
#10727=CARTESIAN_POINT('',(66.0515622417861,47.1867885386916,3.));
#10728=CARTESIAN_POINT('',(66.08051359575,45.18652724847,3.));
#10729=CARTESIAN_POINT('',(66.0994376068488,43.8790593178193,3.));
#10730=CARTESIAN_POINT('',(66.0293135494179,47.1736452657736,2.40960480672259));
#10731=CARTESIAN_POINT('',(66.0933157649135,47.2114541658066,4.10797879483296));
#10732=CARTESIAN_POINT('',(66.0598987255489,45.1743491455623,2.45296019760068));
#10733=CARTESIAN_POINT('',(66.0293135494179,47.1736452657736,2.40960480672259));
#10734=CARTESIAN_POINT('',(66.1239009410445,45.2121580455953,4.15133418571106));
#10735=CARTESIAN_POINT('Origin',(66.1239009410445,45.2121580455952,4.15133418571106));
#10736=CARTESIAN_POINT('',(65.8363659929569,45.1827922852707,3.));
#10737=CARTESIAN_POINT('',(63.1467915170923,45.1416472501605,3.));
#10738=CARTESIAN_POINT('',(65.8161003047218,45.1708204593793,2.46222615134266));
#10739=CARTESIAN_POINT('',(66.0598987255489,45.1743491455623,2.45296019760068));
#10740=CARTESIAN_POINT('',(65.8801025202174,45.2086293594122,4.16060013945304));
#10741=CARTESIAN_POINT('Origin',(65.8801025202174,45.2086293594122,4.16060013945304));
#10742=CARTESIAN_POINT('',(65.807414638993,47.1830535754924,3.));
#10743=CARTESIAN_POINT('',(65.8697559569187,42.8758655530045,3.));
#10744=CARTESIAN_POINT('',(65.7855151285908,47.1701165795906,2.41887076046456));
#10745=CARTESIAN_POINT('',(65.8161003047218,45.1708204593793,2.46222615134266));
#10746=CARTESIAN_POINT('',(65.8495173440864,47.2079254796236,4.11724474857494));
#10747=CARTESIAN_POINT('Origin',(65.8495173440864,47.2079254796236,4.11724474857494));
#10748=CARTESIAN_POINT('',(62.9942942877204,47.1400185390355,3.));
#10749=CARTESIAN_POINT('',(65.7855151285908,47.1701165795906,2.41887076046456));
#10750=CARTESIAN_POINT('Origin',(60.2148172249117,44.8199750240116,2.68111763774166));
#10751=CARTESIAN_POINT('Ctrl Pts',(65.0677746575981,45.7847952179114,4.17838573071946));
#10752=CARTESIAN_POINT('Ctrl Pts',(65.0037724421024,45.7469863178785,2.48001174260908));
#10753=CARTESIAN_POINT('Ctrl Pts',(65.0761171106416,45.7779174403674,4.17822446219099));
#10754=CARTESIAN_POINT('Ctrl Pts',(65.012114895146,45.7401085403344,2.47985047408062));
#10755=CARTESIAN_POINT('Ctrl Pts',(65.0925307983098,45.7643854861724,4.17790716807581));
#10756=CARTESIAN_POINT('Ctrl Pts',(65.0285285828142,45.7265765861394,2.47953317996543));
#10757=CARTESIAN_POINT('Ctrl Pts',(65.1136902671902,45.7625272037783,4.17715115480501));
#10758=CARTESIAN_POINT('Ctrl Pts',(65.0496880516946,45.7247183037453,2.47877716669464));
#10759=CARTESIAN_POINT('Ctrl Pts',(65.1240951829726,45.7616134156337,4.17677939432003));
#10760=CARTESIAN_POINT('Ctrl Pts',(65.060092967477,45.7238045156007,2.47840540620965));
#10761=CARTESIAN_POINT('',(65.0233678908892,45.7585622040965,3.));
#10762=CARTESIAN_POINT('',(65.0797489500973,45.7354161617943,3.));
#10763=CARTESIAN_POINT('Ctrl Pts',(65.0233678908892,45.7585622040965,3.));
#10764=CARTESIAN_POINT('Ctrl Pts',(65.0315807114593,45.7517997602407,3.));
#10765=CARTESIAN_POINT('Ctrl Pts',(65.0397935284728,45.7450373193134,3.));
#10766=CARTESIAN_POINT('Ctrl Pts',(65.0491775710314,45.7411482533091,3.));
#10767=CARTESIAN_POINT('Ctrl Pts',(65.0493327157039,45.7410839560866,3.));
#10768=CARTESIAN_POINT('Ctrl Pts',(65.049488099807,45.7410204776946,3.00000000000026));
#10769=CARTESIAN_POINT('Ctrl Pts',(65.0496437315523,45.7409578270588,2.99999999914725));
#10770=CARTESIAN_POINT('Ctrl Pts',(65.053503510967,45.7394040461505,2.99999997799189));
#10771=CARTESIAN_POINT('Ctrl Pts',(65.0575133905121,45.7383539406516,2.99999963710429));
#10772=CARTESIAN_POINT('Ctrl Pts',(65.0616504332627,45.7375791214376,2.99999965667527));
#10773=CARTESIAN_POINT('Ctrl Pts',(65.0670158170602,45.7365742484625,2.99999968205713));
#10774=CARTESIAN_POINT('Ctrl Pts',(65.0725985838588,45.7360410034058,2.99999999047811));
#10775=CARTESIAN_POINT('Ctrl Pts',(65.0783710525566,45.735536165935,2.99999999927955));
#10776=CARTESIAN_POINT('Ctrl Pts',(65.0788291779948,45.7354961000811,2.99999999997807));
#10777=CARTESIAN_POINT('Ctrl Pts',(65.0792884851982,45.7354561809435,3.));
#10778=CARTESIAN_POINT('Ctrl Pts',(65.0797489500973,45.7354161617943,3.));
#10779=CARTESIAN_POINT('',(65.0037724421024,45.7469863178785,2.48001174260908));
#10780=CARTESIAN_POINT('',(65.0677746575981,45.7847952179114,4.17838573071946));
#10781=CARTESIAN_POINT('',(65.060092967477,45.7238045156007,2.47840540620965));
#10782=CARTESIAN_POINT('Ctrl Pts',(65.0037724421025,45.7469863178785,2.48001174260908));
#10783=CARTESIAN_POINT('Ctrl Pts',(65.012114895146,45.7401085403344,2.47985047408062));
#10784=CARTESIAN_POINT('Ctrl Pts',(65.0285285828142,45.7265765861394,2.47953317996543));
#10785=CARTESIAN_POINT('Ctrl Pts',(65.0496880516946,45.7247183037454,2.47877716669464));
#10786=CARTESIAN_POINT('Ctrl Pts',(65.060092967477,45.7238045156007,2.47840540620965));
#10787=CARTESIAN_POINT('',(65.1240951829726,45.7616134156337,4.17677939432003));
#10788=CARTESIAN_POINT('Origin',(65.1240951829726,45.7616134156337,4.17677939432003));
#10789=CARTESIAN_POINT('',(65.3699248685048,45.7398552648785,3.));
#10790=CARTESIAN_POINT('',(62.6425783203366,45.6981323936626,3.));
#10791=CARTESIAN_POINT('',(65.3498538738323,45.7279984529657,2.46739257378271));
#10792=CARTESIAN_POINT('',(65.060092967477,45.7238045156007,2.47840540620965));
#10793=CARTESIAN_POINT('',(65.4138560893279,45.7658073529987,4.16576656189309));
#10794=CARTESIAN_POINT('Origin',(65.4138560893279,45.7658073529987,4.16576656189309));
#10795=CARTESIAN_POINT('',(65.3733990293411,45.4998240233155,3.));
#10796=CARTESIAN_POINT('',(65.4073934287692,43.1511365890307,3.));
#10797=CARTESIAN_POINT('',(65.3535240932361,45.4880830317493,2.47259521823311));
#10798=CARTESIAN_POINT('',(65.3498538738323,45.7279984529657,2.46739257378271));
#10799=CARTESIAN_POINT('',(65.4175263087317,45.5258919317823,4.17096920634349));
#10800=CARTESIAN_POINT('Origin',(65.4175263087317,45.5258919317823,4.17096920634349));
#10801=CARTESIAN_POINT('',(65.0532047479516,45.494925700154,3.));
#10802=CARTESIAN_POINT('',(62.7911288921681,45.4603205269776,3.));
#10803=CARTESIAN_POINT('',(65.0337877564154,45.4834552364169,2.48474731543111));
#10804=CARTESIAN_POINT('',(65.3535240932361,45.4880830317493,2.47259521823311));
#10805=CARTESIAN_POINT('',(65.097789971911,45.5212641364499,4.18312130354149));
#10806=CARTESIAN_POINT('Ctrl Pts',(65.097789971911,45.5212641364499,4.18312130354149));
#10807=CARTESIAN_POINT('Ctrl Pts',(65.0337877564154,45.4834552364169,2.48474731543111));
#10808=CARTESIAN_POINT('Ctrl Pts',(65.0624261398255,45.5240121875342,4.18439279193467));
#10809=CARTESIAN_POINT('Ctrl Pts',(64.9984239243299,45.4862032875012,2.48601880382429));
#10810=CARTESIAN_POINT('Ctrl Pts',(64.9916421484811,45.5295126667724,4.18693779393556));
#10811=CARTESIAN_POINT('Ctrl Pts',(64.9276399329854,45.4917037667394,2.48856380582519));
#10812=CARTESIAN_POINT('Ctrl Pts',(64.9363968591445,45.5741708345811,4.18802550766872));
#10813=CARTESIAN_POINT('Ctrl Pts',(64.8723946436489,45.5363619345481,2.48965151955834));
#10814=CARTESIAN_POINT('Ctrl Pts',(64.9087522334397,45.5965176871102,4.18856979731564));
#10815=CARTESIAN_POINT('Ctrl Pts',(64.8447500179441,45.5587087870772,2.49019580920527));
#10816=CARTESIAN_POINT('',(64.863961686227,45.5700579574137,3.));
#10817=CARTESIAN_POINT('Ctrl Pts',(65.0532047479516,45.494925700154,3.));
#10818=CARTESIAN_POINT('Ctrl Pts',(65.0228762031036,45.4972550379456,3.));
#10819=CARTESIAN_POINT('Ctrl Pts',(64.9926287208622,45.499580569866,2.99999991260055));
#10820=CARTESIAN_POINT('Ctrl Pts',(64.9647908450644,45.5080205192924,2.99999997773141));
#10821=CARTESIAN_POINT('Ctrl Pts',(64.9600747797487,45.5094503465194,2.99999998876535));
#10822=CARTESIAN_POINT('Ctrl Pts',(64.9554279162358,45.5110557737114,2.99999999993644));
#10823=CARTESIAN_POINT('Ctrl Pts',(64.95086170867,45.5128668822827,2.99999999999966));
#10824=CARTESIAN_POINT('Ctrl Pts',(64.9508372007295,45.5128766029404,3.));
#10825=CARTESIAN_POINT('Ctrl Pts',(64.9508126951126,45.5128863295239,3.));
#10826=CARTESIAN_POINT('Ctrl Pts',(64.9507881918176,45.5128960620284,3.));
#10827=CARTESIAN_POINT('Ctrl Pts',(64.9192490065536,45.5254231635544,3.));
#10828=CARTESIAN_POINT('Ctrl Pts',(64.8916053463904,45.547740560484,3.));
#10829=CARTESIAN_POINT('Ctrl Pts',(64.863961686227,45.5700579574137,3.));
#10830=CARTESIAN_POINT('',(64.8447500179441,45.5587087870772,2.49019580920527));
#10831=CARTESIAN_POINT('Ctrl Pts',(65.0337877564154,45.4834552364169,2.48474731543111));
#10832=CARTESIAN_POINT('Ctrl Pts',(64.9984239243299,45.4862032875013,2.48601880382429));
#10833=CARTESIAN_POINT('Ctrl Pts',(64.9276399329855,45.4917037667394,2.48856380582519));
#10834=CARTESIAN_POINT('Ctrl Pts',(64.8723946436489,45.5363619345481,2.48965151955834));
#10835=CARTESIAN_POINT('Ctrl Pts',(64.8447500179441,45.5587087870772,2.49019580920526));
#10836=CARTESIAN_POINT('',(64.9087522334397,45.5965176871102,4.18856979731564));
#10837=CARTESIAN_POINT('Ctrl Pts',(64.9087522334397,45.5965176871102,4.18856979731564));
#10838=CARTESIAN_POINT('Ctrl Pts',(64.8447500179441,45.5587087870772,2.49019580920527));
#10839=CARTESIAN_POINT('Ctrl Pts',(64.9005190360029,45.6048412273858,4.18869476329831));
#10840=CARTESIAN_POINT('Ctrl Pts',(64.8365168205072,45.5670323273528,2.49032077518794));
#10841=CARTESIAN_POINT('Ctrl Pts',(64.8847894465163,45.6207434175878,4.18893351180669));
#10842=CARTESIAN_POINT('Ctrl Pts',(64.8207872310207,45.5829345175548,2.49055952369631));
#10843=CARTESIAN_POINT('Ctrl Pts',(64.8720589704474,45.6391295383209,4.18900394368611));
#10844=CARTESIAN_POINT('Ctrl Pts',(64.8080567549517,45.6013206382879,2.49062995557573));
#10845=CARTESIAN_POINT('Ctrl Pts',(64.8659918928753,45.6478919773793,4.18903751004086));
#10846=CARTESIAN_POINT('Ctrl Pts',(64.8019896773796,45.6100830773463,2.49066352193049));
#10847=CARTESIAN_POINT('',(64.8211837201861,45.6214218355452,3.));
#10848=CARTESIAN_POINT('Ctrl Pts',(64.863961686227,45.5700579574137,3.));
#10849=CARTESIAN_POINT('Ctrl Pts',(64.8561088027488,45.5779898201737,3.));
#10850=CARTESIAN_POINT('Ctrl Pts',(64.8482231267284,45.5859548007649,3.));
#10851=CARTESIAN_POINT('Ctrl Pts',(64.8410715534265,45.594497357016,3.));
#10852=CARTESIAN_POINT('Ctrl Pts',(64.840735325971,45.5948989808029,3.));
#10853=CARTESIAN_POINT('Ctrl Pts',(64.840401975591,45.5953003755279,3.00000000001697));
#10854=CARTESIAN_POINT('Ctrl Pts',(64.8400713693904,45.5957017800862,2.99999999434892));
#10855=CARTESIAN_POINT('Ctrl Pts',(64.8370742649399,45.5993407057507,2.9999999429653));
#10856=CARTESIAN_POINT('Ctrl Pts',(64.8342988174462,45.6029772361362,2.99999964144014));
#10857=CARTESIAN_POINT('Ctrl Pts',(64.8315596157257,45.6067177967772,2.99999969057013));
#10858=CARTESIAN_POINT('Ctrl Pts',(64.8281483068619,45.6113761640582,2.99999975175494));
#10859=CARTESIAN_POINT('Ctrl Pts',(64.8247995701681,45.6162011409037,3.));
#10860=CARTESIAN_POINT('Ctrl Pts',(64.8211837201861,45.6214218355452,3.));
#10861=CARTESIAN_POINT('',(64.8019896773796,45.6100830773463,2.49066352193049));
#10862=CARTESIAN_POINT('Ctrl Pts',(64.8447500179441,45.5587087870772,2.49019580920526));
#10863=CARTESIAN_POINT('Ctrl Pts',(64.8365168205072,45.5670323273528,2.49032077518794));
#10864=CARTESIAN_POINT('Ctrl Pts',(64.8207872310207,45.5829345175548,2.49055952369631));
#10865=CARTESIAN_POINT('Ctrl Pts',(64.8080567549517,45.6013206382879,2.49062995557573));
#10866=CARTESIAN_POINT('Ctrl Pts',(64.8019896773797,45.6100830773463,2.49066352193049));
#10867=CARTESIAN_POINT('',(64.8659918928753,45.6478919773793,4.18903751004086));
#10868=CARTESIAN_POINT('Origin',(64.8659918928753,45.6478919773793,4.18903751004086));
#10869=CARTESIAN_POINT('',(64.2728160853364,46.4453259290851,3.));
#10870=CARTESIAN_POINT('',(65.3087272019137,44.8889040047213,3.));
#10871=CARTESIAN_POINT('',(64.2537094273907,46.4340387929346,2.4929823818854));
#10872=CARTESIAN_POINT('',(64.8019896773797,45.6100830773463,2.49066352193049));
#10873=CARTESIAN_POINT('',(64.3177116428864,46.4718476929676,4.19135636999577));
#10874=CARTESIAN_POINT('Ctrl Pts',(65.0392779591196,45.8183783014462,4.17871199124432));
#10875=CARTESIAN_POINT('Ctrl Pts',(64.975275743624,45.7805694014132,2.48033800313394));
#10876=CARTESIAN_POINT('Ctrl Pts',(65.0435615157669,45.8124948370224,4.17868154459491));
#10877=CARTESIAN_POINT('Ctrl Pts',(64.9795593002712,45.7746859369894,2.48030755648453));
#10878=CARTESIAN_POINT('Ctrl Pts',(65.0522266235207,45.8005933127996,4.1786199547714));
#10879=CARTESIAN_POINT('Ctrl Pts',(64.9882244080251,45.7627844127666,2.48024596666103));
#10880=CARTESIAN_POINT('Ctrl Pts',(65.0625530520786,45.7901008031098,4.1784643918284));
#10881=CARTESIAN_POINT('Ctrl Pts',(64.998550836583,45.7522919030768,2.48009040371803));
#10882=CARTESIAN_POINT('Ctrl Pts',(65.0677746575981,45.7847952179114,4.17838573071946));
#10883=CARTESIAN_POINT('Ctrl Pts',(65.0037724421024,45.7469863178785,2.48001174260908));
#10884=CARTESIAN_POINT('',(64.9948588974765,45.7921380244774,3.));
#10885=CARTESIAN_POINT('Ctrl Pts',(64.9948588974765,45.7921380244774,3.));
#10886=CARTESIAN_POINT('Ctrl Pts',(64.9991858322356,45.7861972561384,3.));
#10887=CARTESIAN_POINT('Ctrl Pts',(65.0035241732946,45.7802406171715,3.));
#10888=CARTESIAN_POINT('Ctrl Pts',(65.0082810155112,45.774644605917,3.));
#10889=CARTESIAN_POINT('Ctrl Pts',(65.0130355998561,45.7690512508523,3.));
#10890=CARTESIAN_POINT('Ctrl Pts',(65.0182017453725,45.7638067274746,3.));
#10891=CARTESIAN_POINT('Ctrl Pts',(65.0233678908892,45.7585622040965,3.));
#10892=CARTESIAN_POINT('',(64.975275743624,45.7805694014132,2.48033800313394));
#10893=CARTESIAN_POINT('',(65.0392779591196,45.8183783014462,4.17871199124432));
#10894=CARTESIAN_POINT('Ctrl Pts',(64.975275743624,45.7805694014132,2.48033800313394));
#10895=CARTESIAN_POINT('Ctrl Pts',(64.9795593002713,45.7746859369894,2.48030755648453));
#10896=CARTESIAN_POINT('Ctrl Pts',(64.9882244080251,45.7627844127666,2.48024596666103));
#10897=CARTESIAN_POINT('Ctrl Pts',(64.998550836583,45.7522919030769,2.48009040371802));
#10898=CARTESIAN_POINT('Ctrl Pts',(65.0037724421025,45.7469863178785,2.48001174260908));
#10899=CARTESIAN_POINT('Origin',(64.6279451344953,46.4443421801245,4.18027772787678));
#10900=CARTESIAN_POINT('',(64.5834670689968,46.4180670470049,3.));
#10901=CARTESIAN_POINT('',(65.2959518901905,45.3340277034343,3.));
#10902=CARTESIAN_POINT('',(64.5639429189997,46.4065332800915,2.48190373976641));
#10903=CARTESIAN_POINT('',(64.6279451344953,46.4443421801245,4.18027772787678));
#10904=CARTESIAN_POINT('',(64.5639429189997,46.4065332800915,2.4819037397664));
#10905=CARTESIAN_POINT('Origin',(65.3779075574949,47.2010995004722,4.135169042145));
#10906=CARTESIAN_POINT('',(65.3351293860392,47.1758285689015,3.));
#10907=CARTESIAN_POINT('',(62.410155485467,44.2271205864044,3.));
#10908=CARTESIAN_POINT('',(65.3139053419993,47.1632906004392,2.43679505403462));
#10909=CARTESIAN_POINT('',(65.3779075574949,47.2010995004722,4.135169042145));
#10910=CARTESIAN_POINT('',(65.3139053419993,47.1632906004392,2.43679505403462));
#10911=CARTESIAN_POINT('Origin',(65.0341918291884,47.1961246325578,4.14823251494385));
#10912=CARTESIAN_POINT('',(64.9909213685155,47.1705628842761,3.));
#10913=CARTESIAN_POINT('',(62.5866366690333,47.133782204186,3.));
#10914=CARTESIAN_POINT('',(64.9701896136928,47.1583157325248,2.44985852683348));
#10915=CARTESIAN_POINT('',(65.0341918291884,47.1961246325578,4.14823251494385));
#10916=CARTESIAN_POINT('',(64.9701896136928,47.1583157325248,2.44985852683348));
#10917=CARTESIAN_POINT('Origin',(64.3177116428864,46.4718476929676,4.19135636999577));
#10918=CARTESIAN_POINT('',(61.7965508495493,43.9444683223882,3.));
#10919=CARTESIAN_POINT('',(64.2537094273907,46.4340387929346,2.4929823818854));
#10920=CARTESIAN_POINT('Origin',(60.2148172249117,44.8199750240116,2.68111763774167));
#10921=CARTESIAN_POINT('Origin',(63.9896660145317,45.181267585883,4.23244923984674));
#10922=CARTESIAN_POINT('',(63.9432218965764,45.1538310198314,3.));
#10923=CARTESIAN_POINT('',(63.7010746432516,45.1501266579224,3.));
#10924=CARTESIAN_POINT('',(62.0796875053041,45.1253227228327,3.));
#10925=CARTESIAN_POINT('',(63.9256637990361,45.14345868585,2.53407525173637));
#10926=CARTESIAN_POINT('',(63.9896660145317,45.181267585883,4.23244923984674));
#10927=CARTESIAN_POINT('',(63.6838628667606,45.139958910889,2.54326528769161));
#10928=CARTESIAN_POINT('',(63.9256637990361,45.14345868585,2.53407525173637));
#10929=CARTESIAN_POINT('',(63.7478650822563,45.1777678109219,4.24163927580198));
#10930=CARTESIAN_POINT('Origin',(63.7478650822563,45.1777678109219,4.24163927580198));
#10931=CARTESIAN_POINT('',(63.6721232892878,47.150387948144,3.));
#10932=CARTESIAN_POINT('',(63.7344391404625,42.8449594342487,3.));
#10933=CARTESIAN_POINT('',(63.6532776906296,47.1392550311003,2.49990989681351));
#10934=CARTESIAN_POINT('',(63.6838628667606,45.139958910889,2.54326528769161));
#10935=CARTESIAN_POINT('',(63.7172799061252,47.1770639311333,4.19828388492388));
#10936=CARTESIAN_POINT('Origin',(63.7172799061252,47.1770639311333,4.19828388492388));
#10937=CARTESIAN_POINT('',(63.9142705426125,47.1540923100531,3.));
#10938=CARTESIAN_POINT('',(61.9281890076184,47.1237092902771,3.));
#10939=CARTESIAN_POINT('',(63.895078622905,47.1427548060614,2.49071986085827));
#10940=CARTESIAN_POINT('',(63.6532776906296,47.1392550311003,2.49990989681351));
#10941=CARTESIAN_POINT('',(63.9590808384007,47.1805637060944,4.18909384896864));
#10942=CARTESIAN_POINT('Origin',(63.9590808384007,47.1805637060944,4.18909384896864));
#10943=CARTESIAN_POINT('',(63.9621204170669,43.8481242460879,3.));
#10944=CARTESIAN_POINT('',(63.895078622905,47.1427548060614,2.49071986085827));
#10945=CARTESIAN_POINT('Origin',(60.2148172249117,44.8199750240116,2.68111763774166));
#10946=CARTESIAN_POINT('Ctrl Pts',(62.3399899658605,46.7931769711759,4.25873226200013));
#10947=CARTESIAN_POINT('Ctrl Pts',(62.2759877503649,46.7553680711429,2.56035827388975));
#10948=CARTESIAN_POINT('Ctrl Pts',(62.3539500478649,46.8050439677789,4.25794200362687));
#10949=CARTESIAN_POINT('Ctrl Pts',(62.2899478323693,46.7672350677459,2.55956801551649));
#10950=CARTESIAN_POINT('Ctrl Pts',(62.3820676148754,46.8289457666433,4.25635031220565));
#10951=CARTESIAN_POINT('Ctrl Pts',(62.3180653993798,46.7911368666103,2.55797632409528));
#10952=CARTESIAN_POINT('Ctrl Pts',(62.4188011682143,46.832693204643,4.25488260525602));
#10953=CARTESIAN_POINT('Ctrl Pts',(62.3547989527187,46.79488430461,2.55650861714564));
#10954=CARTESIAN_POINT('Ctrl Pts',(62.4372968912056,46.8345800783285,4.25414359966833));
#10955=CARTESIAN_POINT('Ctrl Pts',(62.37329467571,46.7967711782955,2.55576961155796));
#10956=CARTESIAN_POINT('',(62.2925553878183,46.7651552971539,3.));
#10957=CARTESIAN_POINT('',(62.3900352341794,46.8066605562923,3.));
#10958=CARTESIAN_POINT('Ctrl Pts',(62.2925553878183,46.7651552971539,3.));
#10959=CARTESIAN_POINT('Ctrl Pts',(62.3009223958222,46.7722631907066,3.));
#10960=CARTESIAN_POINT('Ctrl Pts',(62.309160790195,46.7792526523836,3.00000004139507));
#10961=CARTESIAN_POINT('Ctrl Pts',(62.3178170858737,46.7852144216714,3.00000004340171));
#10962=CARTESIAN_POINT('Ctrl Pts',(62.3238303696286,46.7893558941603,3.00000004479566));
#10963=CARTESIAN_POINT('Ctrl Pts',(62.3300435129259,46.793005660308,3.00000000118515));
#10964=CARTESIAN_POINT('Ctrl Pts',(62.3366476812884,46.7958402939419,3.00000000002007));
#10965=CARTESIAN_POINT('Ctrl Pts',(62.336761463977,46.7958891316181,3.));
#10966=CARTESIAN_POINT('Ctrl Pts',(62.3368753632552,46.7959377261188,3.));
#10967=CARTESIAN_POINT('Ctrl Pts',(62.3369893786745,46.795986079126,3.));
#10968=CARTESIAN_POINT('Ctrl Pts',(62.3532460840201,46.8028804149555,3.));
#10969=CARTESIAN_POINT('Ctrl Pts',(62.3716406590997,46.8047704856239,3.));
#10970=CARTESIAN_POINT('Ctrl Pts',(62.3900352341794,46.8066605562923,3.));
#10971=CARTESIAN_POINT('',(62.2759877503649,46.7553680711429,2.56035827388975));
#10972=CARTESIAN_POINT('',(62.3399899658605,46.7931769711759,4.25873226200013));
#10973=CARTESIAN_POINT('',(62.37329467571,46.7967711782955,2.55576961155796));
#10974=CARTESIAN_POINT('Ctrl Pts',(62.2759877503649,46.7553680711429,2.56035827388975));
#10975=CARTESIAN_POINT('Ctrl Pts',(62.2899478323693,46.7672350677459,2.55956801551649));
#10976=CARTESIAN_POINT('Ctrl Pts',(62.3180653993798,46.7911368666103,2.55797632409528));
#10977=CARTESIAN_POINT('Ctrl Pts',(62.3547989527187,46.79488430461,2.55650861714564));
#10978=CARTESIAN_POINT('Ctrl Pts',(62.37329467571,46.7967711782955,2.55576961155796));
#10979=CARTESIAN_POINT('',(62.4372968912056,46.8345800783285,4.25414359966833));
#10980=CARTESIAN_POINT('Ctrl Pts',(62.4372968912056,46.8345800783285,4.25414359966833));
#10981=CARTESIAN_POINT('Ctrl Pts',(62.37329467571,46.7967711782955,2.55576961155796));
#10982=CARTESIAN_POINT('Ctrl Pts',(62.4564880864869,46.8332553117341,4.25344988258569));
#10983=CARTESIAN_POINT('Ctrl Pts',(62.3924858709912,46.7954464117011,2.55507589447531));
#10984=CARTESIAN_POINT('Ctrl Pts',(62.4945109615425,46.8306305958703,4.25207544406996));
#10985=CARTESIAN_POINT('Ctrl Pts',(62.4305087460468,46.7928216958373,2.55370145595959));
#10986=CARTESIAN_POINT('Ctrl Pts',(62.524815553483,46.8075169065361,4.25144798635929));
#10987=CARTESIAN_POINT('Ctrl Pts',(62.4608133379873,46.7697080065032,2.55307399824891));
#10988=CARTESIAN_POINT('Ctrl Pts',(62.5398245808193,46.7960693346387,4.25113722388638));
#10989=CARTESIAN_POINT('Ctrl Pts',(62.4758223653237,46.7582604346057,2.552763235776));
#10990=CARTESIAN_POINT('',(62.4926762172797,46.7682167400061,3.));
#10991=CARTESIAN_POINT('Ctrl Pts',(62.3900352341794,46.8066605562923,3.));
#10992=CARTESIAN_POINT('Ctrl Pts',(62.4090724643055,46.8053635042572,3.));
#10993=CARTESIAN_POINT('Ctrl Pts',(62.4281096944317,46.8040664522222,3.));
#10994=CARTESIAN_POINT('Ctrl Pts',(62.4452284876815,46.7976911007868,3.));
#10995=CARTESIAN_POINT('Ctrl Pts',(62.445390473131,46.7976307744453,3.));
#10996=CARTESIAN_POINT('Ctrl Pts',(62.4455522586141,46.7975700039056,2.99999999999997));
#10997=CARTESIAN_POINT('Ctrl Pts',(62.4457138434867,46.7975087850467,3.00000000029043));
#10998=CARTESIAN_POINT('Ctrl Pts',(62.4526397602037,46.7948847973486,3.00000001274031));
#10999=CARTESIAN_POINT('Ctrl Pts',(62.4591991785954,46.7914426340134,3.0000003594485));
#11000=CARTESIAN_POINT('Ctrl Pts',(62.4655849027825,46.7875042668254,3.000000348295));
#11001=CARTESIAN_POINT('Ctrl Pts',(62.4740048996497,46.7823112709467,3.00000033358838));
#11002=CARTESIAN_POINT('Ctrl Pts',(62.4821196365992,46.7762468802213,3.0000000134109));
#11003=CARTESIAN_POINT('Ctrl Pts',(62.4903483801292,46.7699888614379,3.00000000119344));
#11004=CARTESIAN_POINT('Ctrl Pts',(62.4911231762491,46.7693996234025,3.00000000004308));
#11005=CARTESIAN_POINT('Ctrl Pts',(62.4918989998746,46.7688087132557,3.));
#11006=CARTESIAN_POINT('Ctrl Pts',(62.4926762172796,46.7682167400061,3.));
#11007=CARTESIAN_POINT('',(62.4758223653237,46.7582604346057,2.552763235776));
#11008=CARTESIAN_POINT('Ctrl Pts',(62.37329467571,46.7967711782955,2.55576961155796));
#11009=CARTESIAN_POINT('Ctrl Pts',(62.3924858709912,46.7954464117011,2.55507589447531));
#11010=CARTESIAN_POINT('Ctrl Pts',(62.4305087460468,46.7928216958373,2.55370145595959));
#11011=CARTESIAN_POINT('Ctrl Pts',(62.4608133379873,46.7697080065031,2.55307399824891));
#11012=CARTESIAN_POINT('Ctrl Pts',(62.4758223653237,46.7582604346057,2.552763235776));
#11013=CARTESIAN_POINT('',(62.5398245808193,46.7960693346387,4.25113722388638));
#11014=CARTESIAN_POINT('Ctrl Pts',(62.5398245808193,46.7960693346387,4.25113722388638));
#11015=CARTESIAN_POINT('Ctrl Pts',(62.4758223653237,46.7582604346057,2.552763235776));
#11016=CARTESIAN_POINT('Ctrl Pts',(62.5490393065301,46.7853370277817,4.25102889312715));
#11017=CARTESIAN_POINT('Ctrl Pts',(62.4850370910344,46.7475281277487,2.55265490501677));
#11018=CARTESIAN_POINT('Ctrl Pts',(62.5671210742102,46.7642773581452,4.25081631907095));
#11019=CARTESIAN_POINT('Ctrl Pts',(62.5031188587146,46.7264684581122,2.55244233096057));
#11020=CARTESIAN_POINT('Ctrl Pts',(62.5750199285145,46.7376847991407,4.25111065426047));
#11021=CARTESIAN_POINT('Ctrl Pts',(62.5110177130189,46.6998758991077,2.55273666615009));
#11022=CARTESIAN_POINT('Ctrl Pts',(62.5788934144406,46.724644186025,4.25125499205557));
#11023=CARTESIAN_POINT('Ctrl Pts',(62.5148911989449,46.686835285992,2.5528810039452));
#11024=CARTESIAN_POINT('',(62.5317406128773,46.6967889696582,3.));
#11025=CARTESIAN_POINT('Ctrl Pts',(62.4926762172797,46.7682167400061,3.));
#11026=CARTESIAN_POINT('Ctrl Pts',(62.5017211051236,46.7576892729132,3.));
#11027=CARTESIAN_POINT('Ctrl Pts',(62.5107659929675,46.7471618058205,3.));
#11028=CARTESIAN_POINT('Ctrl Pts',(62.5173084948903,46.7352744444423,3.));
#11029=CARTESIAN_POINT('Ctrl Pts',(62.5174343841668,46.7350457106428,3.));
#11030=CARTESIAN_POINT('Ctrl Pts',(62.5175592589715,46.7348166332241,2.99999999999946));
#11031=CARTESIAN_POINT('Ctrl Pts',(62.517683110319,46.7345871955604,3.00000000151528));
#11032=CARTESIAN_POINT('Ctrl Pts',(62.5202805414262,46.7297753906299,3.00000003330525));
#11033=CARTESIAN_POINT('Ctrl Pts',(62.5224329791065,46.7248079397448,3.00000047539169));
#11034=CARTESIAN_POINT('Ctrl Pts',(62.5243561321952,46.7196937220448,3.00000045592417));
#11035=CARTESIAN_POINT('Ctrl Pts',(62.526867511967,46.7130152402558,3.0000004305022));
#11036=CARTESIAN_POINT('Ctrl Pts',(62.5289798567875,46.7060821110124,3.0000000181978));
#11037=CARTESIAN_POINT('Ctrl Pts',(62.5311187996195,46.6988843730656,3.00000000166102));
#11038=CARTESIAN_POINT('Ctrl Pts',(62.5313256356191,46.69818835104,3.00000000006191));
#11039=CARTESIAN_POINT('Ctrl Pts',(62.531532763797,46.6974898782976,3.));
#11040=CARTESIAN_POINT('Ctrl Pts',(62.5317406128773,46.6967889696582,3.));
#11041=CARTESIAN_POINT('',(62.5148911989449,46.686835285992,2.5528810039452));
#11042=CARTESIAN_POINT('Ctrl Pts',(62.4758223653237,46.7582604346057,2.552763235776));
#11043=CARTESIAN_POINT('Ctrl Pts',(62.4850370910344,46.7475281277487,2.55265490501677));
#11044=CARTESIAN_POINT('Ctrl Pts',(62.5031188587146,46.7264684581122,2.55244233096057));
#11045=CARTESIAN_POINT('Ctrl Pts',(62.5110177130189,46.6998758991077,2.55273666615009));
#11046=CARTESIAN_POINT('Ctrl Pts',(62.5148911989449,46.686835285992,2.5528810039452));
#11047=CARTESIAN_POINT('',(62.5788934144406,46.724644186025,4.25125499205557));
#11048=CARTESIAN_POINT('Origin',(62.5788934144406,46.724644186025,4.25125499205557));
#11049=CARTESIAN_POINT('',(62.9035047631144,45.6280979246828,3.));
#11050=CARTESIAN_POINT('',(63.373692777577,44.2764729221362,3.));
#11051=CARTESIAN_POINT('',(62.8870232468418,45.6183615742093,2.56264360061143));
#11052=CARTESIAN_POINT('',(62.5148911989449,46.686835285992,2.5528810039452));
#11053=CARTESIAN_POINT('',(62.9510254623374,45.6561704742423,4.26101758872181));
#11054=CARTESIAN_POINT('Ctrl Pts',(62.9510254623374,45.6561704742423,4.26101758872181));
#11055=CARTESIAN_POINT('Ctrl Pts',(62.8870232468418,45.6183615742093,2.56264360061143));
#11056=CARTESIAN_POINT('Ctrl Pts',(62.9628437400192,45.6286317634715,4.26118528583068));
#11057=CARTESIAN_POINT('Ctrl Pts',(62.8988415245236,45.5908228634385,2.56281129772031));
#11058=CARTESIAN_POINT('Ctrl Pts',(62.9849539131117,45.5771110869161,4.2614990212331));
#11059=CARTESIAN_POINT('Ctrl Pts',(62.9209516976161,45.5393021868831,2.56312503312272));
#11060=CARTESIAN_POINT('Ctrl Pts',(63.0219192364671,45.5350451162786,4.26104247013301));
#11061=CARTESIAN_POINT('Ctrl Pts',(62.9579170209715,45.4972362162456,2.56266848202263));
#11062=CARTESIAN_POINT('Ctrl Pts',(63.039125942186,45.5154641492577,4.26082995365238));
#11063=CARTESIAN_POINT('Ctrl Pts',(62.9751237266904,45.4776552492247,2.562455965542));
#11064=CARTESIAN_POINT('',(62.9916123138792,45.4873957767967,3.));
#11065=CARTESIAN_POINT('Ctrl Pts',(62.9035047631144,45.6280979246828,3.));
#11066=CARTESIAN_POINT('Ctrl Pts',(62.9145539346084,45.602334102606,3.));
#11067=CARTESIAN_POINT('Ctrl Pts',(62.9256031061024,45.5765702805291,3.));
#11068=CARTESIAN_POINT('Ctrl Pts',(62.9401330241307,45.5530215033486,3.));
#11069=CARTESIAN_POINT('Ctrl Pts',(62.9411435409612,45.5513837490521,3.));
#11070=CARTESIAN_POINT('Ctrl Pts',(62.9421629412746,45.54976957483,3.00000000050723));
#11071=CARTESIAN_POINT('Ctrl Pts',(62.9431931802546,45.5481767861311,2.99999993272804));
#11072=CARTESIAN_POINT('Ctrl Pts',(62.9470105670057,45.5422749608314,2.99999968158304));
#11073=CARTESIAN_POINT('Ctrl Pts',(62.9509729140782,45.5366642989972,2.99999869251601));
#11074=CARTESIAN_POINT('Ctrl Pts',(62.9550860576718,45.5311735667124,2.99999832078125));
#11075=CARTESIAN_POINT('Ctrl Pts',(62.9608681167202,45.523454959869,2.99999779821444));
#11076=CARTESIAN_POINT('Ctrl Pts',(62.9669497709179,45.5159743689681,2.99999841259611));
#11077=CARTESIAN_POINT('Ctrl Pts',(62.9734405079677,45.5083154788496,2.99999909216585));
#11078=CARTESIAN_POINT('Ctrl Pts',(62.9786957749062,45.5021144092767,2.99999964238385));
#11079=CARTESIAN_POINT('Ctrl Pts',(62.9842239960983,45.4957995007647,2.99999998734046));
#11080=CARTESIAN_POINT('Ctrl Pts',(62.9900747831803,45.4891443774936,2.99999999896609));
#11081=CARTESIAN_POINT('Ctrl Pts',(62.9905848672267,45.4885641697096,2.99999999997963));
#11082=CARTESIAN_POINT('Ctrl Pts',(62.9910973733005,45.4879813571404,3.));
#11083=CARTESIAN_POINT('Ctrl Pts',(62.9916123138792,45.4873957767967,3.));
#11084=CARTESIAN_POINT('',(62.9751237266904,45.4776552492247,2.562455965542));
#11085=CARTESIAN_POINT('Ctrl Pts',(62.8870232468418,45.6183615742093,2.56264360061143));
#11086=CARTESIAN_POINT('Ctrl Pts',(62.8988415245236,45.5908228634385,2.56281129772031));
#11087=CARTESIAN_POINT('Ctrl Pts',(62.9209516976161,45.5393021868831,2.56312503312272));
#11088=CARTESIAN_POINT('Ctrl Pts',(62.9579170209715,45.4972362162456,2.56266848202263));
#11089=CARTESIAN_POINT('Ctrl Pts',(62.9751237266904,45.4776552492247,2.562455965542));
#11090=CARTESIAN_POINT('',(63.039125942186,45.5154641492577,4.26082995365238));
#11091=CARTESIAN_POINT('Ctrl Pts',(63.039125942186,45.5154641492577,4.26082995365238));
#11092=CARTESIAN_POINT('Ctrl Pts',(62.9751237266904,45.4776552492247,2.562455965542));
#11093=CARTESIAN_POINT('Ctrl Pts',(63.0754084616994,45.4856598604182,4.26012616622764));
#11094=CARTESIAN_POINT('Ctrl Pts',(63.0114062462038,45.4478509603852,2.56175217811726));
#11095=CARTESIAN_POINT('Ctrl Pts',(63.1480198976158,45.4260131699974,4.25871769139801));
#11096=CARTESIAN_POINT('Ctrl Pts',(63.0840176821202,45.3882042699644,2.56034370328763));
#11097=CARTESIAN_POINT('Ctrl Pts',(63.2416598672256,45.4187308003028,4.25535104355354));
#11098=CARTESIAN_POINT('Ctrl Pts',(63.17765765173,45.3809219002698,2.55697705544316));
#11099=CARTESIAN_POINT('Ctrl Pts',(63.2885097688285,45.4150872888296,4.25366664402946));
#11100=CARTESIAN_POINT('Ctrl Pts',(63.2245075533329,45.3772783887966,2.55529265591908));
#11101=CARTESIAN_POINT('',(63.2412660855923,45.387178384695,3.));
#11102=CARTESIAN_POINT('Ctrl Pts',(62.9916123138792,45.4873957767967,3.));
#11103=CARTESIAN_POINT('Ctrl Pts',(63.0220490585902,45.4624248982727,3.));
#11104=CARTESIAN_POINT('Ctrl Pts',(63.0524229119524,45.4375091158672,2.99999990158377));
#11105=CARTESIAN_POINT('Ctrl Pts',(63.0859032204633,45.4202542775452,2.99999997124224));
#11106=CARTESIAN_POINT('Ctrl Pts',(63.0924129192411,45.4168993562517,2.9999999847862));
#11107=CARTESIAN_POINT('Ctrl Pts',(63.0990401068167,45.413834179658,2.99999999993683));
#11108=CARTESIAN_POINT('Ctrl Pts',(63.1058082796486,45.4111151530338,2.99999999999976));
#11109=CARTESIAN_POINT('Ctrl Pts',(63.1058345050825,45.4111046173021,3.));
#11110=CARTESIAN_POINT('Ctrl Pts',(63.1058607326335,45.411094086768,3.));
#11111=CARTESIAN_POINT('Ctrl Pts',(63.1058869623001,45.4110835614283,3.));
#11112=CARTESIAN_POINT('Ctrl Pts',(63.1474984372993,45.3943858688234,3.));
#11113=CARTESIAN_POINT('Ctrl Pts',(63.1943822614459,45.3907821267592,3.));
#11114=CARTESIAN_POINT('Ctrl Pts',(63.2412660855923,45.387178384695,3.));
#11115=CARTESIAN_POINT('',(63.2245075533329,45.3772783887966,2.55529265591908));
#11116=CARTESIAN_POINT('Ctrl Pts',(62.9751237266904,45.4776552492247,2.562455965542));
#11117=CARTESIAN_POINT('Ctrl Pts',(63.0114062462038,45.4478509603852,2.56175217811726));
#11118=CARTESIAN_POINT('Ctrl Pts',(63.0840176821202,45.3882042699644,2.56034370328763));
#11119=CARTESIAN_POINT('Ctrl Pts',(63.17765765173,45.3809219002698,2.55697705544316));
#11120=CARTESIAN_POINT('Ctrl Pts',(63.2245075533329,45.3772783887965,2.55529265591908));
#11121=CARTESIAN_POINT('',(63.2885097688285,45.4150872888296,4.25366664402946));
#11122=CARTESIAN_POINT('Origin',(63.2885097688285,45.4150872888296,4.25366664402946));
#11123=CARTESIAN_POINT('',(63.5974833568117,45.3926277865475,3.));
#11124=CARTESIAN_POINT('',(61.7272463284364,45.3640169527939,3.));
#11125=CARTESIAN_POINT('',(63.5802153595988,45.3824268274817,2.54177340477981));
#11126=CARTESIAN_POINT('',(63.2245075533329,45.3772783887965,2.55529265591908));
#11127=CARTESIAN_POINT('',(63.6442175750944,45.4202357275147,4.24014739289018));
#11128=CARTESIAN_POINT('Origin',(63.6442175750944,45.4202357275147,4.24014739289018));
#11129=CARTESIAN_POINT('',(63.6010154213352,45.148595954744,3.));
#11130=CARTESIAN_POINT('',(63.6326135240154,42.9654696762796,3.));
#11131=CARTESIAN_POINT('',(63.5839467503895,45.1385127463974,2.54706276147848));
#11132=CARTESIAN_POINT('',(63.5802153595988,45.3824268274817,2.54177340477981));
#11133=CARTESIAN_POINT('',(63.6479489658851,45.1763216464304,4.24543674958886));
#11134=CARTESIAN_POINT('Origin',(63.6479489658851,45.1763216464304,4.24543674958886));
#11135=CARTESIAN_POINT('',(63.2447981501159,45.1431465528915,3.));
#11136=CARTESIAN_POINT('',(61.9088311347249,45.1227089668541,3.));
#11137=CARTESIAN_POINT('',(63.2282389441236,45.1333643077123,2.56058201261776));
#11138=CARTESIAN_POINT('',(63.5839467503895,45.1385127463974,2.54706276147848));
#11139=CARTESIAN_POINT('',(63.2922411596192,45.1711732077453,4.25895600072814));
#11140=CARTESIAN_POINT('Ctrl Pts',(63.2922411596192,45.1711732077453,4.25895600072814));
#11141=CARTESIAN_POINT('Ctrl Pts',(63.2282389441236,45.1333643077123,2.56058201261776));
#11142=CARTESIAN_POINT('Ctrl Pts',(63.2131445243318,45.1774105711113,4.26179785539764));
#11143=CARTESIAN_POINT('Ctrl Pts',(63.1491423088362,45.1396016710783,2.56342386728726));
#11144=CARTESIAN_POINT('Ctrl Pts',(63.0546818234967,45.1899065444417,4.26749124506805));
#11145=CARTESIAN_POINT('Ctrl Pts',(62.9906796080011,45.1520976444087,2.56911725695768));
#11146=CARTESIAN_POINT('Ctrl Pts',(62.931561861109,45.2906033126785,4.26988925419275));
#11147=CARTESIAN_POINT('Ctrl Pts',(62.8675596456134,45.2527944126455,2.57151526608237));
#11148=CARTESIAN_POINT('Ctrl Pts',(62.8698972109825,45.3410373029249,4.27109029739327));
#11149=CARTESIAN_POINT('Ctrl Pts',(62.8058949954869,45.3032284028919,2.5727163092829));
#11150=CARTESIAN_POINT('',(62.8219969277129,45.3127405165142,3.));
#11151=CARTESIAN_POINT('Ctrl Pts',(63.2447981501159,45.1431465528915,3.));
#11152=CARTESIAN_POINT('Ctrl Pts',(63.19846198257,45.1467585553393,3.));
#11153=CARTESIAN_POINT('Ctrl Pts',(63.1523000487327,45.1503639484083,2.99999974738216));
#11154=CARTESIAN_POINT('Ctrl Pts',(63.1079097321378,45.158323275875,2.99999972878168));
#11155=CARTESIAN_POINT('Ctrl Pts',(63.0761806349407,45.1640124057164,2.99999971548652));
#11156=CARTESIAN_POINT('Ctrl Pts',(63.0453547704006,45.1719212522504,2.99999999825003));
#11157=CARTESIAN_POINT('Ctrl Pts',(63.0160235680236,45.1836624060214,2.99999999999327));
#11158=CARTESIAN_POINT('Ctrl Pts',(63.0159103605216,45.1837077224961,3.));
#11159=CARTESIAN_POINT('Ctrl Pts',(63.0157971753125,45.1837530961275,3.));
#11160=CARTESIAN_POINT('Ctrl Pts',(63.0156840123577,45.1837985268276,3.));
#11161=CARTESIAN_POINT('Ctrl Pts',(62.9452188628789,45.2120876526917,3.));
#11162=CARTESIAN_POINT('Ctrl Pts',(62.8836078952959,45.262414084603,3.));
#11163=CARTESIAN_POINT('Ctrl Pts',(62.8219969277129,45.3127405165142,3.));
#11164=CARTESIAN_POINT('',(62.8058949954869,45.3032284028919,2.5727163092829));
#11165=CARTESIAN_POINT('Ctrl Pts',(63.2282389441236,45.1333643077123,2.56058201261776));
#11166=CARTESIAN_POINT('Ctrl Pts',(63.1491423088362,45.1396016710783,2.56342386728726));
#11167=CARTESIAN_POINT('Ctrl Pts',(62.9906796080011,45.1520976444086,2.56911725695767));
#11168=CARTESIAN_POINT('Ctrl Pts',(62.8675596456134,45.2527944126455,2.57151526608237));
#11169=CARTESIAN_POINT('Ctrl Pts',(62.8058949954869,45.3032284028919,2.5727163092829));
#11170=CARTESIAN_POINT('',(62.8698972109825,45.3410373029249,4.27109029739327));
#11171=CARTESIAN_POINT('Ctrl Pts',(62.8698972109825,45.3410373029249,4.27109029739327));
#11172=CARTESIAN_POINT('Ctrl Pts',(62.8058949954869,45.3032284028919,2.5727163092829));
#11173=CARTESIAN_POINT('Ctrl Pts',(62.8403517631113,45.3726985890219,4.27149886212958));
#11174=CARTESIAN_POINT('Ctrl Pts',(62.7763495476157,45.3348896889889,2.57312487401921));
#11175=CARTESIAN_POINT('Ctrl Pts',(62.7800278015371,45.4373425305939,4.27233304286569));
#11176=CARTESIAN_POINT('Ctrl Pts',(62.7160255860415,45.399533630561,2.57395905475531));
#11177=CARTESIAN_POINT('Ctrl Pts',(62.7433593807528,45.5178366868497,4.27192292392659));
#11178=CARTESIAN_POINT('Ctrl Pts',(62.6793571652571,45.4800277868167,2.57354893581622));
#11179=CARTESIAN_POINT('Ctrl Pts',(62.7246504057099,45.5589064446487,4.27171367289172));
#11180=CARTESIAN_POINT('Ctrl Pts',(62.6606481902143,45.5210975446158,2.57333968478135));
#11181=CARTESIAN_POINT('',(62.6767266309047,45.5305957807634,3.));
#11182=CARTESIAN_POINT('Ctrl Pts',(62.8219969277129,45.3127405165142,3.));
#11183=CARTESIAN_POINT('Ctrl Pts',(62.8110244047039,45.3244893145582,3.));
#11184=CARTESIAN_POINT('Ctrl Pts',(62.8003334262074,45.3359445446673,2.99999976143808));
#11185=CARTESIAN_POINT('Ctrl Pts',(62.7900361286499,45.3474376616147,2.99999935796102));
#11186=CARTESIAN_POINT('Ctrl Pts',(62.7803604033108,45.3582370235105,2.9999989788389));
#11187=CARTESIAN_POINT('Ctrl Pts',(62.7710282263792,45.3690671296114,2.99999866660224));
#11188=CARTESIAN_POINT('Ctrl Pts',(62.7621244161537,45.3801974596023,2.9999989143426));
#11189=CARTESIAN_POINT('Ctrl Pts',(62.7540327861228,45.3903125126107,2.99999913948479));
#11190=CARTESIAN_POINT('Ctrl Pts',(62.7462929662398,45.4006741950621,2.99999993083473));
#11191=CARTESIAN_POINT('Ctrl Pts',(62.7390002305981,45.4115059477368,2.99999999558263));
#11192=CARTESIAN_POINT('Ctrl Pts',(62.7385024507586,45.4122452900595,3.00000000000212));
#11193=CARTESIAN_POINT('Ctrl Pts',(62.7380067735917,45.4129868356457,3.));
#11194=CARTESIAN_POINT('Ctrl Pts',(62.7375131374793,45.413730593964,3.));
#11195=CARTESIAN_POINT('Ctrl Pts',(62.7133796713486,45.4500923303382,3.));
#11196=CARTESIAN_POINT('Ctrl Pts',(62.6950531511268,45.4903440555504,3.));
#11197=CARTESIAN_POINT('Ctrl Pts',(62.6767266309047,45.5305957807634,3.));
#11198=CARTESIAN_POINT('',(62.6606481902143,45.5210975446158,2.57333968478135));
#11199=CARTESIAN_POINT('Ctrl Pts',(62.8058949954869,45.3032284028919,2.5727163092829));
#11200=CARTESIAN_POINT('Ctrl Pts',(62.7763495476157,45.3348896889889,2.57312487401921));
#11201=CARTESIAN_POINT('Ctrl Pts',(62.7160255860415,45.3995336305609,2.57395905475531));
#11202=CARTESIAN_POINT('Ctrl Pts',(62.6793571652571,45.4800277868167,2.57354893581622));
#11203=CARTESIAN_POINT('Ctrl Pts',(62.6606481902143,45.5210975446157,2.57333968478135));
#11204=CARTESIAN_POINT('',(62.7246504057099,45.5589064446487,4.27171367289172));
#11205=CARTESIAN_POINT('Origin',(62.7246504057099,45.5589064446487,4.27171367289172));
#11206=CARTESIAN_POINT('',(62.396838800948,46.3365992507055,3.));
#11207=CARTESIAN_POINT('',(63.3292015276973,43.6516393754557,3.));
#11208=CARTESIAN_POINT('',(62.3804821906082,46.3269366876141,2.56595812629851));
#11209=CARTESIAN_POINT('',(62.6606481902143,45.5210975446157,2.57333968478135));
#11210=CARTESIAN_POINT('',(62.4444844061038,46.3647455876471,4.26433211440889));
#11211=CARTESIAN_POINT('Ctrl Pts',(62.3010940003513,46.7226231493646,4.26176869001795));
#11212=CARTESIAN_POINT('Ctrl Pts',(62.2370917848557,46.6848142493316,2.56339470190758));
#11213=CARTESIAN_POINT('Ctrl Pts',(62.3050959139546,46.7356332033016,4.26132825276986));
#11214=CARTESIAN_POINT('Ctrl Pts',(62.2410936984589,46.6978243032686,2.56295426465948));
#11215=CARTESIAN_POINT('Ctrl Pts',(62.3131606910327,46.7618514566619,4.26044067033432));
#11216=CARTESIAN_POINT('Ctrl Pts',(62.2491584755371,46.7240425566289,2.56206668222395));
#11217=CARTESIAN_POINT('Ctrl Pts',(62.3310019289642,46.7826826554684,4.25930459342691));
#11218=CARTESIAN_POINT('Ctrl Pts',(62.2669997134686,46.7448737554354,2.56093060531653));
#11219=CARTESIAN_POINT('Ctrl Pts',(62.3399899658605,46.7931769711759,4.25873226200013));
#11220=CARTESIAN_POINT('Ctrl Pts',(62.2759877503649,46.7553680711429,2.56035827388975));
#11221=CARTESIAN_POINT('',(62.2535449963219,46.6945338789215,3.));
#11222=CARTESIAN_POINT('Ctrl Pts',(62.2535449963219,46.6945338789215,3.));
#11223=CARTESIAN_POINT('Ctrl Pts',(62.2563439327321,46.7036023510656,3.));
#11224=CARTESIAN_POINT('Ctrl Pts',(62.2590928698131,46.7124901967278,2.99999987508989));
#11225=CARTESIAN_POINT('Ctrl Pts',(62.2626164716017,46.7209574354269,2.99999991354378));
#11226=CARTESIAN_POINT('Ctrl Pts',(62.2642254164734,46.7248237407304,2.99999993110257));
#11227=CARTESIAN_POINT('Ctrl Pts',(62.2659952832545,46.7286026777245,2.9999999978886));
#11228=CARTESIAN_POINT('Ctrl Pts',(62.2680101476357,46.7322683335767,2.99999999994995));
#11229=CARTESIAN_POINT('Ctrl Pts',(62.2680590762674,46.7323573497541,3.));
#11230=CARTESIAN_POINT('Ctrl Pts',(62.2681081498431,46.7324462988712,3.));
#11231=CARTESIAN_POINT('Ctrl Pts',(62.2681573675331,46.7325351816777,3.));
#11232=CARTESIAN_POINT('Ctrl Pts',(62.2746712911847,46.7442987531884,3.));
#11233=CARTESIAN_POINT('Ctrl Pts',(62.2836133395015,46.7547270251712,3.));
#11234=CARTESIAN_POINT('Ctrl Pts',(62.2925553878183,46.7651552971539,3.));
#11235=CARTESIAN_POINT('',(62.2370917848557,46.6848142493316,2.56339470190758));
#11236=CARTESIAN_POINT('',(62.3010940003513,46.7226231493646,4.26176869001795));
#11237=CARTESIAN_POINT('Ctrl Pts',(62.2370917848557,46.6848142493316,2.56339470190758));
#11238=CARTESIAN_POINT('Ctrl Pts',(62.2410936984589,46.6978243032686,2.56295426465948));
#11239=CARTESIAN_POINT('Ctrl Pts',(62.2491584755371,46.7240425566289,2.56206668222395));
#11240=CARTESIAN_POINT('Ctrl Pts',(62.2669997134686,46.7448737554354,2.56093060531653));
#11241=CARTESIAN_POINT('Ctrl Pts',(62.2759877503649,46.7553680711429,2.56035827388975));
#11242=CARTESIAN_POINT('Origin',(61.9618422125181,45.6418532475176,4.29861309981689));
#11243=CARTESIAN_POINT('',(61.9129047487782,45.6129437533684,3.));
#11244=CARTESIAN_POINT('',(61.1058159960143,43.0503011069723,3.));
#11245=CARTESIAN_POINT('',(61.8978399970224,45.6040443474846,2.60023911170651));
#11246=CARTESIAN_POINT('',(61.9618422125181,45.6418532475176,4.29861309981689));
#11247=CARTESIAN_POINT('',(61.8978399970224,45.6040443474846,2.60023911170651));
#11248=CARTESIAN_POINT('Ctrl Pts',(61.8780848282134,45.4986594885758,4.30495720114688));
#11249=CARTESIAN_POINT('Ctrl Pts',(61.8140826127177,45.4608505885428,2.60658321303651));
#11250=CARTESIAN_POINT('Ctrl Pts',(61.8946849502671,45.518729768389,4.30388483439799));
#11251=CARTESIAN_POINT('Ctrl Pts',(61.8306827347715,45.480920868356,2.60551084628761));
#11252=CARTESIAN_POINT('Ctrl Pts',(61.9303471443839,45.561846934176,4.30158105909806));
#11253=CARTESIAN_POINT('Ctrl Pts',(61.8663449288882,45.524038034143,2.60320707098768));
#11254=CARTESIAN_POINT('Ctrl Pts',(61.9508715536073,45.6139846945543,4.29964692736081));
#11255=CARTESIAN_POINT('Ctrl Pts',(61.8868693381116,45.5761757945213,2.60127293925044));
#11256=CARTESIAN_POINT('Ctrl Pts',(61.9618422125181,45.6418532475176,4.29861309981689));
#11257=CARTESIAN_POINT('Ctrl Pts',(61.8978399970224,45.6040443474846,2.60023911170651));
#11258=CARTESIAN_POINT('',(61.828908290781,45.4696087631697,3.));
#11259=CARTESIAN_POINT('Ctrl Pts',(61.828908290781,45.4696087631697,3.));
#11260=CARTESIAN_POINT('Ctrl Pts',(61.8346499017154,45.4765420027907,3.));
#11261=CARTESIAN_POINT('Ctrl Pts',(61.840073845767,45.483100027536,3.00000011348427));
#11262=CARTESIAN_POINT('Ctrl Pts',(61.8452200327973,45.4895167666775,3.00000037176258));
#11263=CARTESIAN_POINT('Ctrl Pts',(61.8508368850303,45.4965203744678,3.00000065366278));
#11264=CARTESIAN_POINT('Ctrl Pts',(61.8561279809746,45.5033526136697,3.00000098276496));
#11265=CARTESIAN_POINT('Ctrl Pts',(61.8611657524734,45.5103054080954,3.00000089823111));
#11266=CARTESIAN_POINT('Ctrl Pts',(61.8652590234013,45.5159546661646,3.00000082954599));
#11267=CARTESIAN_POINT('Ctrl Pts',(61.869186650092,45.5216825615489,3.00000044880992));
#11268=CARTESIAN_POINT('Ctrl Pts',(61.8729601578037,45.5276619694535,3.00000017613282));
#11269=CARTESIAN_POINT('Ctrl Pts',(61.8738308747074,45.5290416861347,3.00000011321403));
#11270=CARTESIAN_POINT('Ctrl Pts',(61.8746932042603,45.5304349023274,3.00000006048246));
#11271=CARTESIAN_POINT('Ctrl Pts',(61.8755469127458,45.531843965549,3.00000003226399));
#11272=CARTESIAN_POINT('Ctrl Pts',(61.8765303680987,45.5334671786145,2.99999999975686));
#11273=CARTESIAN_POINT('Ctrl Pts',(61.8775023737817,45.535111426984,3.));
#11274=CARTESIAN_POINT('Ctrl Pts',(61.8784648205419,45.5367789598083,3.));
#11275=CARTESIAN_POINT('Ctrl Pts',(61.8923071208211,45.5607620942875,3.));
#11276=CARTESIAN_POINT('Ctrl Pts',(61.9026059347997,45.586852923828,3.));
#11277=CARTESIAN_POINT('Ctrl Pts',(61.9129047487782,45.6129437533684,3.));
#11278=CARTESIAN_POINT('',(61.8140826127177,45.4608505885428,2.60658321303651));
#11279=CARTESIAN_POINT('',(61.8780848282134,45.4986594885758,4.30495720114688));
#11280=CARTESIAN_POINT('Ctrl Pts',(61.8140826127177,45.4608505885428,2.60658321303651));
#11281=CARTESIAN_POINT('Ctrl Pts',(61.8306827347715,45.480920868356,2.60551084628761));
#11282=CARTESIAN_POINT('Ctrl Pts',(61.8663449288882,45.524038034143,2.60320707098768));
#11283=CARTESIAN_POINT('Ctrl Pts',(61.8868693381116,45.5761757945213,2.60127293925044));
#11284=CARTESIAN_POINT('Ctrl Pts',(61.8978399970224,45.6040443474846,2.60023911170651));
#11285=CARTESIAN_POINT('Ctrl Pts',(61.6318806678869,45.3911095936541,4.31662951542487));
#11286=CARTESIAN_POINT('Ctrl Pts',(61.5678784523913,45.3533006936211,2.6182555273145));
#11287=CARTESIAN_POINT('Ctrl Pts',(61.6785983195182,45.3961075787001,4.31475772420198));
#11288=CARTESIAN_POINT('Ctrl Pts',(61.6145961040226,45.3582986786671,2.61638373609161));
#11289=CARTESIAN_POINT('Ctrl Pts',(61.7719742148053,45.4060971931607,4.31101652199843));
#11290=CARTESIAN_POINT('Ctrl Pts',(61.7079719993096,45.3682882931278,2.61264253388806));
#11291=CARTESIAN_POINT('Ctrl Pts',(61.8427296291723,45.4678184796231,4.30697611789686));
#11292=CARTESIAN_POINT('Ctrl Pts',(61.7787274136767,45.4300095795901,2.60860212978648));
#11293=CARTESIAN_POINT('Ctrl Pts',(61.8780848282134,45.4986594885758,4.30495720114688));
#11294=CARTESIAN_POINT('Ctrl Pts',(61.8140826127177,45.4608505885428,2.60658321303651));
#11295=CARTESIAN_POINT('',(61.5822642662203,45.3617990212609,3.));
#11296=CARTESIAN_POINT('Ctrl Pts',(61.5822642662203,45.3617990212609,3.));
#11297=CARTESIAN_POINT('Ctrl Pts',(61.6290206361506,45.3668352484945,3.));
#11298=CARTESIAN_POINT('Ctrl Pts',(61.6757770060808,45.3718714757281,3.));
#11299=CARTESIAN_POINT('Ctrl Pts',(61.7168854186827,45.3898323452512,3.));
#11300=CARTESIAN_POINT('Ctrl Pts',(61.7169133941547,45.389844568146,3.));
#11301=CARTESIAN_POINT('Ctrl Pts',(61.7169413669852,45.3898567970152,3.));
#11302=CARTESIAN_POINT('Ctrl Pts',(61.7169693371724,45.3898690318628,2.99999999999995));
#11303=CARTESIAN_POINT('Ctrl Pts',(61.7438001930201,45.4016055078939,2.99999999995501));
#11304=CARTESIAN_POINT('Ctrl Pts',(61.7682011096082,45.4188378856195,2.99999998799613));
#11305=CARTESIAN_POINT('Ctrl Pts',(61.7917878028751,45.4379956927638,2.99999999458494));
#11306=CARTESIAN_POINT('Ctrl Pts',(61.8043108548588,45.4481672845187,2.99999999808318));
#11307=CARTESIAN_POINT('Ctrl Pts',(61.8166038671054,45.4588828212207,3.));
#11308=CARTESIAN_POINT('Ctrl Pts',(61.828908290781,45.4696087631697,3.));
#11309=CARTESIAN_POINT('',(61.5678784523913,45.3533006936211,2.6182555273145));
#11310=CARTESIAN_POINT('',(61.6318806678869,45.3911095936541,4.31662951542487));
#11311=CARTESIAN_POINT('Ctrl Pts',(61.5678784523913,45.3533006936211,2.6182555273145));
#11312=CARTESIAN_POINT('Ctrl Pts',(61.6145961040226,45.3582986786671,2.61638373609161));
#11313=CARTESIAN_POINT('Ctrl Pts',(61.7079719993096,45.3682882931277,2.61264253388806));
#11314=CARTESIAN_POINT('Ctrl Pts',(61.7787274136767,45.4300095795901,2.60860212978648));
#11315=CARTESIAN_POINT('Ctrl Pts',(61.8140826127177,45.4608505885428,2.60658321303651));
#11316=CARTESIAN_POINT('Origin',(61.2761740527293,45.3859611722088,4.33014872129415));
#11317=CARTESIAN_POINT('',(61.2260481878152,45.3563496376561,3.));
#11318=CARTESIAN_POINT('',(60.7210911535593,45.3486248190686,3.));
#11319=CARTESIAN_POINT('',(61.2121718372336,45.3481522721758,2.63177473318378));
#11320=CARTESIAN_POINT('',(61.2761740527293,45.3859611722088,4.33014872129415));
#11321=CARTESIAN_POINT('',(61.2121718372336,45.3481522721758,2.63177473318378));
#11322=CARTESIAN_POINT('Origin',(61.2799054435199,45.1420470911245,4.33543807799283));
#11323=CARTESIAN_POINT('',(61.2295802523388,45.1123178058525,3.));
#11324=CARTESIAN_POINT('',(61.2629152730418,42.8091871265678,3.));
#11325=CARTESIAN_POINT('',(61.2159032280243,45.1042381910915,2.63706408988245));
#11326=CARTESIAN_POINT('',(61.2799054435199,45.1420470911245,4.33543807799283));
#11327=CARTESIAN_POINT('',(61.2159032280243,45.1042381910915,2.63706408988245));
#11328=CARTESIAN_POINT('Origin',(61.6356120586776,45.1471955125698,4.32191887212355));
#11329=CARTESIAN_POINT('',(61.5857963307439,45.1177671894574,3.));
#11330=CARTESIAN_POINT('',(60.9026753643011,45.1073168240181,3.));
#11331=CARTESIAN_POINT('',(61.571609843182,45.1093866125368,2.62354488401317));
#11332=CARTESIAN_POINT('',(61.6356120586776,45.1471955125698,4.32191887212355));
#11333=CARTESIAN_POINT('',(61.571609843182,45.1093866125368,2.62354488401317));
#11334=CARTESIAN_POINT('Ctrl Pts',(62.0525730164246,45.3292075273973,4.30215402681892));
#11335=CARTESIAN_POINT('Ctrl Pts',(61.988570800929,45.2913986273643,2.60378003870855));
#11336=CARTESIAN_POINT('Ctrl Pts',(61.9924784239576,45.2770110707865,4.30558064410581));
#11337=CARTESIAN_POINT('Ctrl Pts',(61.928476208462,45.2392021707536,2.60720665599544));
#11338=CARTESIAN_POINT('Ctrl Pts',(61.872493304854,45.1727954033508,4.31242224276573));
#11339=CARTESIAN_POINT('Ctrl Pts',(61.8084910893584,45.1349865033178,2.61404825465535));
#11340=CARTESIAN_POINT('Ctrl Pts',(61.7144828948347,45.155719128618,4.31875692025857));
#11341=CARTESIAN_POINT('Ctrl Pts',(61.6504806793391,45.117910228585,2.6203829321482));
#11342=CARTESIAN_POINT('Ctrl Pts',(61.6356120586776,45.1471955125698,4.32191887212355));
#11343=CARTESIAN_POINT('Ctrl Pts',(61.571609843182,45.1093866125368,2.62354488401317));
#11344=CARTESIAN_POINT('',(62.0035021149527,45.3002192057601,3.));
#11345=CARTESIAN_POINT('Ctrl Pts',(62.0035021149527,45.3002192057601,3.));
#11346=CARTESIAN_POINT('Ctrl Pts',(61.9433893196702,45.2480427485593,3.));
#11347=CARTESIAN_POINT('Ctrl Pts',(61.8832765243876,45.1958662913584,3.));
#11348=CARTESIAN_POINT('Ctrl Pts',(61.8136824199634,45.1654310969078,3.));
#11349=CARTESIAN_POINT('Ctrl Pts',(61.8135539958425,45.1653749339164,3.));
#11350=CARTESIAN_POINT('Ctrl Pts',(61.8134255403049,45.1653188453395,3.));
#11351=CARTESIAN_POINT('Ctrl Pts',(61.8132970532874,45.1652628313086,2.99999999999844));
#11352=CARTESIAN_POINT('Ctrl Pts',(61.7839785401874,45.1524813991437,2.99999999964116));
#11353=CARTESIAN_POINT('Ctrl Pts',(61.7530233090333,45.143575981557,2.99999994916157));
#11354=CARTESIAN_POINT('Ctrl Pts',(61.7210845113489,45.1368930700818,2.99999995220323));
#11355=CARTESIAN_POINT('Ctrl Pts',(61.6795627562117,45.1282050093532,2.99999995615752));
#11356=CARTESIAN_POINT('Ctrl Pts',(61.6363748247367,45.1232820299475,2.99999999933204));
#11357=CARTESIAN_POINT('Ctrl Pts',(61.592932612052,45.1185442286613,2.99999999996464));
#11358=CARTESIAN_POINT('Ctrl Pts',(61.5905545282117,45.1182848751896,2.99999999999927));
#11359=CARTESIAN_POINT('Ctrl Pts',(61.5881756894093,45.1180260605379,3.));
#11360=CARTESIAN_POINT('Ctrl Pts',(61.5857963307439,45.1177671894574,3.));
#11361=CARTESIAN_POINT('',(61.988570800929,45.2913986273643,2.60378003870855));
#11362=CARTESIAN_POINT('',(62.0525730164246,45.3292075273973,4.30215402681892));
#11363=CARTESIAN_POINT('Ctrl Pts',(61.988570800929,45.2913986273643,2.60378003870855));
#11364=CARTESIAN_POINT('Ctrl Pts',(61.928476208462,45.2392021707535,2.60720665599544));
#11365=CARTESIAN_POINT('Ctrl Pts',(61.8084910893584,45.1349865033178,2.61404825465535));
#11366=CARTESIAN_POINT('Ctrl Pts',(61.6504806793391,45.117910228585,2.6203829321482));
#11367=CARTESIAN_POINT('Ctrl Pts',(61.571609843182,45.1093866125368,2.62354488401317));
#11368=CARTESIAN_POINT('Ctrl Pts',(62.1910922696358,45.5511838383406,4.29199241379065));
#11369=CARTESIAN_POINT('Ctrl Pts',(62.1270900541402,45.5133749383076,2.59361842568027));
#11370=CARTESIAN_POINT('Ctrl Pts',(62.1736473688389,45.5095909499663,4.29357574801359));
#11371=CARTESIAN_POINT('Ctrl Pts',(62.1096451533432,45.4717820499333,2.59520175990322));
#11372=CARTESIAN_POINT('Ctrl Pts',(62.1394564582302,45.4280714993881,4.29667898371039));
#11373=CARTESIAN_POINT('Ctrl Pts',(62.0754542427346,45.3902625993551,2.59830499560001));
#11374=CARTESIAN_POINT('Ctrl Pts',(62.0811367960356,45.3617100232552,4.30035405295207));
#11375=CARTESIAN_POINT('Ctrl Pts',(62.01713458054,45.3239011232223,2.60198006484169));
#11376=CARTESIAN_POINT('Ctrl Pts',(62.0525730164246,45.3292075273973,4.30215402681892));
#11377=CARTESIAN_POINT('Ctrl Pts',(61.988570800929,45.2913986273643,2.60378003870855));
#11378=CARTESIAN_POINT('',(62.1424043025184,45.5224217327276,3.));
#11379=CARTESIAN_POINT('Ctrl Pts',(62.1424043025184,45.5224217327276,3.));
#11380=CARTESIAN_POINT('Ctrl Pts',(62.1252509077413,45.4816287315347,3.));
#11381=CARTESIAN_POINT('Ctrl Pts',(62.1080975129641,45.4408357303418,3.));
#11382=CARTESIAN_POINT('Ctrl Pts',(62.0850280347729,45.4037528497762,3.));
#11383=CARTESIAN_POINT('Ctrl Pts',(62.0845553790626,45.4029930824722,3.));
#11384=CARTESIAN_POINT('Ctrl Pts',(62.0840806130699,45.4022354722657,2.99999999999902));
#11385=CARTESIAN_POINT('Ctrl Pts',(62.0836036750716,45.4014800078285,3.00000000203936));
#11386=CARTESIAN_POINT('Ctrl Pts',(62.0767663561769,45.3906497714281,3.00000003128943));
#11387=CARTESIAN_POINT('Ctrl Pts',(62.0694866599405,45.3802580100546,3.0000003851082));
#11388=CARTESIAN_POINT('Ctrl Pts',(62.0618606903671,45.3700967320674,3.0000004933087));
#11389=CARTESIAN_POINT('Ctrl Pts',(62.0489648868364,45.3529136259349,3.00000067627984));
#11390=CARTESIAN_POINT('Ctrl Pts',(62.0350755212143,45.3363917202876,3.00000023640598));
#11391=CARTESIAN_POINT('Ctrl Pts',(62.0205029879373,45.3196221844081,3.00000007408849));
#11392=CARTESIAN_POINT('Ctrl Pts',(62.0149293363276,45.3132082309194,3.00000001200586));
#11393=CARTESIAN_POINT('Ctrl Pts',(62.0092553455589,45.3067583031518,3.));
#11394=CARTESIAN_POINT('Ctrl Pts',(62.0035021149527,45.3002192057601,3.));
#11395=CARTESIAN_POINT('',(62.1270900541402,45.5133749383076,2.59361842568027));
#11396=CARTESIAN_POINT('',(62.1910922696358,45.5511838383406,4.29199241379065));
#11397=CARTESIAN_POINT('Ctrl Pts',(62.1270900541402,45.5133749383076,2.59361842568027));
#11398=CARTESIAN_POINT('Ctrl Pts',(62.1096451533432,45.4717820499333,2.59520175990322));
#11399=CARTESIAN_POINT('Ctrl Pts',(62.0754542427346,45.3902625993551,2.59830499560001));
#11400=CARTESIAN_POINT('Ctrl Pts',(62.01713458054,45.3239011232222,2.60198006484169));
#11401=CARTESIAN_POINT('Ctrl Pts',(61.988570800929,45.2913986273643,2.60378003870855));
#11402=CARTESIAN_POINT('Origin',(62.4444844061038,46.3647455876471,4.26433211440889));
#11403=CARTESIAN_POINT('',(61.4707407115735,43.3731322347745,3.));
#11404=CARTESIAN_POINT('',(62.3804821906082,46.3269366876141,2.56595812629851));
#11405=CARTESIAN_POINT('Origin',(60.2148172249117,44.8199750240116,2.68111763774167));
#11406=CARTESIAN_POINT('Ctrl Pts',(60.2595563395565,46.7730639341037,4.33757992100843));
#11407=CARTESIAN_POINT('Ctrl Pts',(60.1955541240609,46.7352550340707,2.63920593289805));
#11408=CARTESIAN_POINT('Ctrl Pts',(60.2598084315211,46.7768775131385,4.33748552385335));
#11409=CARTESIAN_POINT('Ctrl Pts',(60.1958062160254,46.7390686131055,2.63911153574297));
#11410=CARTESIAN_POINT('Ctrl Pts',(60.2603044264199,46.784380789773,4.33729979596844));
#11411=CARTESIAN_POINT('Ctrl Pts',(60.1963022109242,46.74657188974,2.63892580785807));
#11412=CARTESIAN_POINT('Ctrl Pts',(60.2649564205718,46.7902744534201,4.33699328463731));
#11413=CARTESIAN_POINT('Ctrl Pts',(60.2009542050761,46.7524655533871,2.63861929652693));
#11414=CARTESIAN_POINT('Ctrl Pts',(60.2672440147113,46.7931726321321,4.33684255927053));
#11415=CARTESIAN_POINT('Ctrl Pts',(60.2032417992157,46.7553637320991,2.63846857116016));
#11416=CARTESIAN_POINT('',(60.2091504342928,46.7432869675029,3.));
#11417=CARTESIAN_POINT('',(60.216865896487,46.7634120805474,3.));
#11418=CARTESIAN_POINT('Ctrl Pts',(60.2091504342928,46.7432869675029,3.));
#11419=CARTESIAN_POINT('Ctrl Pts',(60.2094019312882,46.7470406734902,3.));
#11420=CARTESIAN_POINT('Ctrl Pts',(60.209653428175,46.7507943778569,3.));
#11421=CARTESIAN_POINT('Ctrl Pts',(60.210928168394,46.7541528771227,3.));
#11422=CARTESIAN_POINT('Ctrl Pts',(60.2109492256703,46.7542083557576,3.));
#11423=CARTESIAN_POINT('Ctrl Pts',(60.2109705512233,46.754263697738,3.00000000000004));
#11424=CARTESIAN_POINT('Ctrl Pts',(60.2109921493337,46.7543189030111,2.99999999976571));
#11425=CARTESIAN_POINT('Ctrl Pts',(60.2116937879311,46.7561123076069,2.99999999215316));
#11426=CARTESIAN_POINT('Ctrl Pts',(60.2126780556634,46.7577633801672,2.99999988289884));
#11427=CARTESIAN_POINT('Ctrl Pts',(60.2138065114191,46.7593807617232,2.99999992379566));
#11428=CARTESIAN_POINT('Ctrl Pts',(60.2147472698164,46.7607291223239,2.99999995789006));
#11429=CARTESIAN_POINT('Ctrl Pts',(60.2157915543623,46.7620527836812,3.));
#11430=CARTESIAN_POINT('Ctrl Pts',(60.216865896487,46.7634120805474,3.));
#11431=CARTESIAN_POINT('',(60.1955541240609,46.7352550340707,2.63920593289805));
#11432=CARTESIAN_POINT('',(60.2595563395565,46.7730639341037,4.33757992100843));
#11433=CARTESIAN_POINT('',(60.2032417992157,46.7553637320991,2.63846857116016));
#11434=CARTESIAN_POINT('Ctrl Pts',(60.1955541240609,46.7352550340707,2.63920593289805));
#11435=CARTESIAN_POINT('Ctrl Pts',(60.1958062160255,46.7390686131055,2.63911153574297));
#11436=CARTESIAN_POINT('Ctrl Pts',(60.1963022109243,46.74657188974,2.63892580785807));
#11437=CARTESIAN_POINT('Ctrl Pts',(60.2009542050762,46.7524655533871,2.63861929652693));
#11438=CARTESIAN_POINT('Ctrl Pts',(60.2032417992157,46.7553637320991,2.63846857116016));
#11439=CARTESIAN_POINT('',(60.2672440147113,46.7931726321321,4.33684255927053));
#11440=CARTESIAN_POINT('Ctrl Pts',(60.2672440147113,46.7931726321321,4.33684255927053));
#11441=CARTESIAN_POINT('Ctrl Pts',(60.2032417992157,46.7553637320991,2.63846857116016));
#11442=CARTESIAN_POINT('Ctrl Pts',(60.2706898904917,46.7961387485097,4.3366466723315));
#11443=CARTESIAN_POINT('Ctrl Pts',(60.206687674996,46.7583298484767,2.63827268422112));
#11444=CARTESIAN_POINT('Ctrl Pts',(60.2775622444586,46.8020542843424,4.33625600114415));
#11445=CARTESIAN_POINT('Ctrl Pts',(60.213560028963,46.7642453843094,2.63788201303377));
#11446=CARTESIAN_POINT('Ctrl Pts',(60.2865770119744,46.8030297283323,4.33589456982114));
#11447=CARTESIAN_POINT('Ctrl Pts',(60.2225747964788,46.7652208282993,2.63752058171076));
#11448=CARTESIAN_POINT('Ctrl Pts',(60.2910716733958,46.8035160737053,4.33571436423944));
#11449=CARTESIAN_POINT('Ctrl Pts',(60.2270694579002,46.7657071736723,2.63734037612906));
#11450=CARTESIAN_POINT('',(60.2407360705315,46.773780637798,3.));
#11451=CARTESIAN_POINT('Ctrl Pts',(60.216865896487,46.7634120805474,3.));
#11452=CARTESIAN_POINT('Ctrl Pts',(60.2203094337122,46.7663741962467,3.));
#11453=CARTESIAN_POINT('Ctrl Pts',(60.2237529694252,46.7693363106453,3.));
#11454=CARTESIAN_POINT('Ctrl Pts',(60.227730326317,46.7710667183051,3.));
#11455=CARTESIAN_POINT('Ctrl Pts',(60.2317077499904,46.7727971550193,3.));
#11456=CARTESIAN_POINT('Ctrl Pts',(60.2361967422098,46.7732861547753,3.));
#11457=CARTESIAN_POINT('Ctrl Pts',(60.2407360705315,46.773780637798,3.));
#11458=CARTESIAN_POINT('',(60.2270694579002,46.7657071736723,2.63734037612906));
#11459=CARTESIAN_POINT('Ctrl Pts',(60.2032417992157,46.7553637320991,2.63846857116016));
#11460=CARTESIAN_POINT('Ctrl Pts',(60.2066876749961,46.7583298484767,2.63827268422112));
#11461=CARTESIAN_POINT('Ctrl Pts',(60.213560028963,46.7642453843094,2.63788201303377));
#11462=CARTESIAN_POINT('Ctrl Pts',(60.2225747964788,46.7652208282993,2.63752058171076));
#11463=CARTESIAN_POINT('Ctrl Pts',(60.2270694579002,46.7657071736723,2.63734037612906));
#11464=CARTESIAN_POINT('',(60.2910716733958,46.8035160737053,4.33571436423944));
#11465=CARTESIAN_POINT('Ctrl Pts',(60.2910716733958,46.8035160737053,4.33571436423944));
#11466=CARTESIAN_POINT('Ctrl Pts',(60.2270694579002,46.7657071736723,2.63734037612906));
#11467=CARTESIAN_POINT('Ctrl Pts',(60.295579010657,46.8031599848074,4.33555243509834));
#11468=CARTESIAN_POINT('Ctrl Pts',(60.2315767951614,46.7653510847744,2.63717844698797));
#11469=CARTESIAN_POINT('Ctrl Pts',(60.3046194020331,46.8024457753273,4.33522765292078));
#11470=CARTESIAN_POINT('Ctrl Pts',(60.2406171865374,46.7646368752943,2.6368536648104));
#11471=CARTESIAN_POINT('Ctrl Pts',(60.3116695051887,46.7967318785805,4.33508917572307));
#11472=CARTESIAN_POINT('Ctrl Pts',(60.2476672896931,46.7589229785475,2.63671518761269));
#11473=CARTESIAN_POINT('Ctrl Pts',(60.3152045843452,46.7938668031559,4.33501974016383));
#11474=CARTESIAN_POINT('Ctrl Pts',(60.2512023688496,46.7560579031229,2.63664575205346));
#11475=CARTESIAN_POINT('',(60.2648951579768,46.7641468308464,3.));
#11476=CARTESIAN_POINT('Ctrl Pts',(60.2407360705315,46.773780637798,3.));
#11477=CARTESIAN_POINT('Ctrl Pts',(60.2452877797681,46.7734251650006,3.));
#11478=CARTESIAN_POINT('Ctrl Pts',(60.2497886255304,46.7730736644652,3.));
#11479=CARTESIAN_POINT('Ctrl Pts',(60.2538142610282,46.7714656430848,3.));
#11480=CARTESIAN_POINT('Ctrl Pts',(60.2578398342267,46.7698576465895,3.));
#11481=CARTESIAN_POINT('Ctrl Pts',(60.2613674897985,46.76700224382,3.));
#11482=CARTESIAN_POINT('Ctrl Pts',(60.2648951579768,46.7641468308464,3.));
#11483=CARTESIAN_POINT('',(60.2512023688496,46.7560579031229,2.63664575205346));
#11484=CARTESIAN_POINT('Ctrl Pts',(60.2270694579002,46.7657071736723,2.63734037612906));
#11485=CARTESIAN_POINT('Ctrl Pts',(60.2315767951614,46.7653510847744,2.63717844698797));
#11486=CARTESIAN_POINT('Ctrl Pts',(60.2406171865374,46.7646368752943,2.6368536648104));
#11487=CARTESIAN_POINT('Ctrl Pts',(60.2476672896931,46.7589229785475,2.63671518761269));
#11488=CARTESIAN_POINT('Ctrl Pts',(60.2512023688496,46.7560579031229,2.63664575205346));
#11489=CARTESIAN_POINT('',(60.3152045843452,46.7938668031559,4.33501974016383));
#11490=CARTESIAN_POINT('Ctrl Pts',(60.3152045843452,46.7938668031559,4.33501974016383));
#11491=CARTESIAN_POINT('Ctrl Pts',(60.2512023688496,46.7560579031229,2.63664575205346));
#11492=CARTESIAN_POINT('Ctrl Pts',(60.3176214335002,46.7913655860557,4.33498434428898));
#11493=CARTESIAN_POINT('Ctrl Pts',(60.2536192180046,46.7535566860227,2.63661035617861));
#11494=CARTESIAN_POINT('Ctrl Pts',(60.3220858131645,46.7867453627639,4.33491896138184));
#11495=CARTESIAN_POINT('Ctrl Pts',(60.2580835976689,46.7489364627309,2.63654497327146));
#11496=CARTESIAN_POINT('Ctrl Pts',(60.3243859506678,46.7807613978836,4.33496549602872));
#11497=CARTESIAN_POINT('Ctrl Pts',(60.2603837351722,46.7429524978506,2.63659150791834));
#11498=CARTESIAN_POINT('Ctrl Pts',(60.3254408792509,46.7780169290927,4.33498683854804));
#11499=CARTESIAN_POINT('Ctrl Pts',(60.2614386637552,46.7402080290597,2.63661285043766));
#11500=CARTESIAN_POINT('',(60.2751326927603,46.7482976892331,3.));
#11501=CARTESIAN_POINT('Ctrl Pts',(60.2648951579768,46.7641468308464,3.));
#11502=CARTESIAN_POINT('Ctrl Pts',(60.267128580739,46.7618374459668,3.));
#11503=CARTESIAN_POINT('Ctrl Pts',(60.2693620015009,46.7595280631555,3.));
#11504=CARTESIAN_POINT('Ctrl Pts',(60.2710947286376,46.756903217807,3.));
#11505=CARTESIAN_POINT('Ctrl Pts',(60.271239528477,46.7566838657944,3.));
#11506=CARTESIAN_POINT('Ctrl Pts',(60.2713792573647,46.7564647028885,2.99999999983096));
#11507=CARTESIAN_POINT('Ctrl Pts',(60.2715141891048,46.7562451368206,3.00000001476636));
#11508=CARTESIAN_POINT('Ctrl Pts',(60.2722147678934,46.7551051283262,3.00000009231239));
#11509=CARTESIAN_POINT('Ctrl Pts',(60.2727902791509,46.7539569316091,3.00000035708967));
#11510=CARTESIAN_POINT('Ctrl Pts',(60.2733304918462,46.752750064915,3.0000002865539));
#11511=CARTESIAN_POINT('Ctrl Pts',(60.2739458978447,46.7513752119922,3.00000020620011));
#11512=CARTESIAN_POINT('Ctrl Pts',(60.2745095134699,46.7499204506056,3.));
#11513=CARTESIAN_POINT('Ctrl Pts',(60.2751326927603,46.7482976892331,3.));
#11514=CARTESIAN_POINT('',(60.2614386637552,46.7402080290597,2.63661285043766));
#11515=CARTESIAN_POINT('Ctrl Pts',(60.2512023688496,46.7560579031229,2.63664575205346));
#11516=CARTESIAN_POINT('Ctrl Pts',(60.2536192180046,46.7535566860227,2.63661035617861));
#11517=CARTESIAN_POINT('Ctrl Pts',(60.2580835976689,46.7489364627309,2.63654497327146));
#11518=CARTESIAN_POINT('Ctrl Pts',(60.2603837351722,46.7429524978506,2.63659150791834));
#11519=CARTESIAN_POINT('Ctrl Pts',(60.2614386637553,46.7402080290597,2.63661285043766));
#11520=CARTESIAN_POINT('',(60.3254408792509,46.7780169290927,4.33498683854804));
#11521=CARTESIAN_POINT('Origin',(60.3254408792509,46.7780169290927,4.33498683854804));
#11522=CARTESIAN_POINT('',(60.5841592474532,45.5886151658017,3.));
#11523=CARTESIAN_POINT('',(61.0540128261763,43.8253978126571,3.));
#11524=CARTESIAN_POINT('',(60.5709982292631,45.580840378363,2.65075691867851));
#11525=CARTESIAN_POINT('',(60.2614386637553,46.7402080290597,2.63661285043766));
#11526=CARTESIAN_POINT('',(60.6350004447587,45.618649278396,4.34913090678888));
#11527=CARTESIAN_POINT('Ctrl Pts',(60.6350004447587,45.618649278396,4.34913090678888));
#11528=CARTESIAN_POINT('Ctrl Pts',(60.5709982292631,45.580840378363,2.65075691867851));
#11529=CARTESIAN_POINT('Ctrl Pts',(60.6459154228929,45.5954170313262,4.34923677447503));
#11530=CARTESIAN_POINT('Ctrl Pts',(60.5819132073973,45.5576081312932,2.65086278636465));
#11531=CARTESIAN_POINT('Ctrl Pts',(60.6686898245923,45.5469423096511,4.34945767031023));
#11532=CARTESIAN_POINT('Ctrl Pts',(60.6046876090967,45.5091334096181,2.65108368219986));
#11533=CARTESIAN_POINT('Ctrl Pts',(60.7056826359429,45.5081625127785,4.34892692712475));
#11534=CARTESIAN_POINT('Ctrl Pts',(60.6416804204473,45.4703536127455,2.65055293901437));
#11535=CARTESIAN_POINT('Ctrl Pts',(60.724946080246,45.487968522923,4.34865055067702));
#11536=CARTESIAN_POINT('Ctrl Pts',(60.6609438647503,45.45015962289,2.65027656256664));
#11537=CARTESIAN_POINT('',(60.6741229848753,45.4579451039311,3.));
#11538=CARTESIAN_POINT('Ctrl Pts',(60.5841592474532,45.5886151658017,3.));
#11539=CARTESIAN_POINT('Ctrl Pts',(60.588237933928,45.5799297324016,3.));
#11540=CARTESIAN_POINT('Ctrl Pts',(60.5921438587273,45.5716249104276,2.99999976079749));
#11541=CARTESIAN_POINT('Ctrl Pts',(60.5961078607945,45.5636013757894,2.99999933283345));
#11542=CARTESIAN_POINT('Ctrl Pts',(60.5999088948662,45.5559077045908,2.99999892246385));
#11543=CARTESIAN_POINT('Ctrl Pts',(60.6037592692407,45.5484698994043,2.99999855314995));
#11544=CARTESIAN_POINT('Ctrl Pts',(60.6078528690286,45.5411938182164,2.99999877884061));
#11545=CARTESIAN_POINT('Ctrl Pts',(60.6114812147003,45.5347446929836,2.99999897888063));
#11546=CARTESIAN_POINT('Ctrl Pts',(60.615298933271,45.5284214555295,2.99999973661171));
#11547=CARTESIAN_POINT('Ctrl Pts',(60.6194691193312,45.5221777048941,2.99999995291095));
#11548=CARTESIAN_POINT('Ctrl Pts',(60.619699851079,45.521832245129,2.99999996487855));
#11549=CARTESIAN_POINT('Ctrl Pts',(60.6199316733222,45.5214870365316,2.99999997458116));
#11550=CARTESIAN_POINT('Ctrl Pts',(60.6201646180606,45.5211420742257,2.99999998160135));
#11551=CARTESIAN_POINT('Ctrl Pts',(60.6207765118944,45.5202359352446,3.00000000004181));
#11552=CARTESIAN_POINT('Ctrl Pts',(60.6213961503967,45.5193314953244,3.));
#11553=CARTESIAN_POINT('Ctrl Pts',(60.6220236200128,45.5184283295657,3.));
#11554=CARTESIAN_POINT('Ctrl Pts',(60.637110164584,45.4967130940809,3.));
#11555=CARTESIAN_POINT('Ctrl Pts',(60.6556165747296,45.477329099006,3.));
#11556=CARTESIAN_POINT('Ctrl Pts',(60.6741229848753,45.4579451039311,3.));
#11557=CARTESIAN_POINT('',(60.6609438647503,45.45015962289,2.65027656256664));
#11558=CARTESIAN_POINT('Ctrl Pts',(60.5709982292631,45.580840378363,2.65075691867851));
#11559=CARTESIAN_POINT('Ctrl Pts',(60.5819132073973,45.5576081312932,2.65086278636465));
#11560=CARTESIAN_POINT('Ctrl Pts',(60.6046876090967,45.5091334096181,2.65108368219986));
#11561=CARTESIAN_POINT('Ctrl Pts',(60.6416804204473,45.4703536127455,2.65055293901437));
#11562=CARTESIAN_POINT('Ctrl Pts',(60.6609438647503,45.45015962289,2.65027656256664));
#11563=CARTESIAN_POINT('',(60.724946080246,45.487968522923,4.34865055067702));
#11564=CARTESIAN_POINT('Ctrl Pts',(60.724946080246,45.487968522923,4.34865055067702));
#11565=CARTESIAN_POINT('Ctrl Pts',(60.6609438647503,45.45015962289,2.65027656256664));
#11566=CARTESIAN_POINT('Ctrl Pts',(60.7640085628642,45.4564547834689,4.34788005747893));
#11567=CARTESIAN_POINT('Ctrl Pts',(60.7000063473686,45.4186458834359,2.64950606936856));
#11568=CARTESIAN_POINT('Ctrl Pts',(60.8421951227057,45.3933776129844,4.34633785615168));
#11569=CARTESIAN_POINT('Ctrl Pts',(60.7781929072101,45.3555687129514,2.64796386804131));
#11570=CARTESIAN_POINT('Ctrl Pts',(60.9423111439617,45.3856972289114,4.34273602267085));
#11571=CARTESIAN_POINT('Ctrl Pts',(60.8783089284661,45.3478883288784,2.64436203456047));
#11572=CARTESIAN_POINT('Ctrl Pts',(60.9924085897996,45.3818540116093,4.34093368718588));
#11573=CARTESIAN_POINT('Ctrl Pts',(60.928406374304,45.3440451115763,2.6425596990755));
#11574=CARTESIAN_POINT('',(60.9418762998485,45.3520023840616,3.));
#11575=CARTESIAN_POINT('Ctrl Pts',(60.6741229848753,45.4579451039311,3.));
#11576=CARTESIAN_POINT('Ctrl Pts',(60.7048174389652,45.4332141498955,3.));
#11577=CARTESIAN_POINT('Ctrl Pts',(60.7354388639697,45.408546653034,2.99999986986334));
#11578=CARTESIAN_POINT('Ctrl Pts',(60.7687180253466,45.3905313740322,2.99999994611986));
#11579=CARTESIAN_POINT('Ctrl Pts',(60.7778878461365,45.3855674003895,2.99999996713176));
#11580=CARTESIAN_POINT('Ctrl Pts',(60.7872594939449,45.3811085934369,2.99999999986605));
#11581=CARTESIAN_POINT('Ctrl Pts',(60.7968906437583,45.3772941727301,2.99999999999952));
#11582=CARTESIAN_POINT('Ctrl Pts',(60.7969253405713,45.3772804310435,3.));
#11583=CARTESIAN_POINT('Ctrl Pts',(60.7969600407529,45.3772666977216,3.));
#11584=CARTESIAN_POINT('Ctrl Pts',(60.7969947443005,45.377252972758,3.));
#11585=CARTESIAN_POINT('Ctrl Pts',(60.8416235252172,45.3596026621166,3.));
#11586=CARTESIAN_POINT('Ctrl Pts',(60.8917499125329,45.3558025230891,3.));
#11587=CARTESIAN_POINT('Ctrl Pts',(60.9418762998485,45.3520023840616,3.));
#11588=CARTESIAN_POINT('',(60.928406374304,45.3440451115763,2.6425596990755));
#11589=CARTESIAN_POINT('Ctrl Pts',(60.6609438647503,45.45015962289,2.65027656256664));
#11590=CARTESIAN_POINT('Ctrl Pts',(60.7000063473686,45.4186458834359,2.64950606936856));
#11591=CARTESIAN_POINT('Ctrl Pts',(60.7781929072101,45.3555687129514,2.64796386804131));
#11592=CARTESIAN_POINT('Ctrl Pts',(60.8783089284661,45.3478883288784,2.64436203456047));
#11593=CARTESIAN_POINT('Ctrl Pts',(60.928406374304,45.3440451115763,2.6425596990755));
#11594=CARTESIAN_POINT('',(60.9924085897996,45.3818540116093,4.34093368718588));
#11595=CARTESIAN_POINT('Origin',(60.9924085897996,45.3818540116093,4.34093368718588));
#11596=CARTESIAN_POINT('',(61.1259877730846,45.35481891623,3.));
#11597=CARTESIAN_POINT('',(60.5792102105865,45.3464543283711,3.));
#11598=CARTESIAN_POINT('',(61.1122545297542,45.3467060904444,2.63557225224065));
#11599=CARTESIAN_POINT('',(60.928406374304,45.3440451115763,2.6425596990755));
#11600=CARTESIAN_POINT('',(61.1762567452498,45.3845149904774,4.33394624035103));
#11601=CARTESIAN_POINT('Origin',(61.1762567452498,45.3845149904774,4.33394624035103));
#11602=CARTESIAN_POINT('',(61.1295198376081,45.1107870844265,3.));
#11603=CARTESIAN_POINT('',(61.1610884637663,42.9296973513341,3.));
#11604=CARTESIAN_POINT('',(61.1159859205449,45.1027920093601,2.64086160893933));
#11605=CARTESIAN_POINT('',(61.1122545297542,45.3467060904444,2.63557225224065));
#11606=CARTESIAN_POINT('',(61.1799881360405,45.1406009093931,4.33923559704971));
#11607=CARTESIAN_POINT('Origin',(61.1799881360405,45.1406009093931,4.33923559704971));
#11608=CARTESIAN_POINT('',(60.945408364372,45.1079705522581,3.));
#11609=CARTESIAN_POINT('',(60.6748662746491,45.103831806936,3.));
#11610=CARTESIAN_POINT('',(60.9321377650946,45.100131030492,2.64784905577418));
#11611=CARTESIAN_POINT('',(61.1159859205449,45.1027920093601,2.64086160893933));
#11612=CARTESIAN_POINT('',(60.9961399805903,45.137939930525,4.34622304388456));
#11613=CARTESIAN_POINT('Ctrl Pts',(60.9961399805903,45.137939930525,4.34622304388456));
#11614=CARTESIAN_POINT('Ctrl Pts',(60.9321377650946,45.100131030492,2.64784905577418));
#11615=CARTESIAN_POINT('Ctrl Pts',(60.9132797866478,45.1443027415621,4.34920393333395));
#11616=CARTESIAN_POINT('Ctrl Pts',(60.8492775711522,45.1064938415291,2.65082994522358));
#11617=CARTESIAN_POINT('Ctrl Pts',(60.7476699836312,45.1570198718552,4.35516173395015));
#11618=CARTESIAN_POINT('Ctrl Pts',(60.6836677681356,45.1192109718222,2.65678774583977));
#11619=CARTESIAN_POINT('Ctrl Pts',(60.618341512492,45.2613717000286,4.3577123387464));
#11620=CARTESIAN_POINT('Ctrl Pts',(60.5543392969964,45.2235627999956,2.65933835063602));
#11621=CARTESIAN_POINT('Ctrl Pts',(60.553720456045,45.3135127739882,4.35898678956965));
#11622=CARTESIAN_POINT('Ctrl Pts',(60.4897182405493,45.2757038739552,2.66061280145927));
#11623=CARTESIAN_POINT('',(60.5025078456478,45.2832592514822,3.));
#11624=CARTESIAN_POINT('Ctrl Pts',(60.945408364372,45.1079705522581,3.));
#11625=CARTESIAN_POINT('Ctrl Pts',(60.8624997623496,45.1142621522552,3.));
#11626=CARTESIAN_POINT('Ctrl Pts',(60.7795911603272,45.1205537522523,3.));
#11627=CARTESIAN_POINT('Ctrl Pts',(60.7057761006633,45.1497505963898,3.));
#11628=CARTESIAN_POINT('Ctrl Pts',(60.705719187015,45.1497731080415,3.));
#11629=CARTESIAN_POINT('Ctrl Pts',(60.7056622788401,45.1497956332835,3.));
#11630=CARTESIAN_POINT('Ctrl Pts',(60.7056053761428,45.1498181721261,2.99999999999923));
#11631=CARTESIAN_POINT('Ctrl Pts',(60.6675767131009,45.1648811144856,2.99999999948113));
#11632=CARTESIAN_POINT('Ctrl Pts',(60.6319925521647,45.1860137467421,2.99999983423952));
#11633=CARTESIAN_POINT('Ctrl Pts',(60.5975622340153,45.2101007427551,2.99999988141966));
#11634=CARTESIAN_POINT('Ctrl Pts',(60.5652125195134,45.2327321759253,2.99999992574874));
#11635=CARTESIAN_POINT('Ctrl Pts',(60.5338830874528,45.2579759390782,3.));
#11636=CARTESIAN_POINT('Ctrl Pts',(60.5025078456478,45.2832592514822,3.));
#11637=CARTESIAN_POINT('',(60.4897182405493,45.2757038739552,2.66061280145927));
#11638=CARTESIAN_POINT('Ctrl Pts',(60.9321377650946,45.100131030492,2.64784905577418));
#11639=CARTESIAN_POINT('Ctrl Pts',(60.8492775711522,45.1064938415291,2.65082994522358));
#11640=CARTESIAN_POINT('Ctrl Pts',(60.6836677681356,45.1192109718222,2.65678774583977));
#11641=CARTESIAN_POINT('Ctrl Pts',(60.5543392969964,45.2235627999956,2.65933835063602));
#11642=CARTESIAN_POINT('Ctrl Pts',(60.4897182405493,45.2757038739552,2.66061280145927));
#11643=CARTESIAN_POINT('',(60.553720456045,45.3135127739882,4.35898678956965));
#11644=CARTESIAN_POINT('Ctrl Pts',(60.553720456045,45.3135127739882,4.35898678956965));
#11645=CARTESIAN_POINT('Ctrl Pts',(60.4897182405493,45.2757038739552,2.66061280145927));
#11646=CARTESIAN_POINT('Ctrl Pts',(60.5125989440836,45.3592180536134,4.3595189465198));
#11647=CARTESIAN_POINT('Ctrl Pts',(60.448596728588,45.3214091535805,2.66114495840942));
#11648=CARTESIAN_POINT('Ctrl Pts',(60.4310953287438,45.4498067832565,4.36057369167134));
#11649=CARTESIAN_POINT('Ctrl Pts',(60.3670931132481,45.4119978832235,2.66219970356096));
#11650=CARTESIAN_POINT('Ctrl Pts',(60.3976355821272,45.56693822057,4.35922704310822));
#11651=CARTESIAN_POINT('Ctrl Pts',(60.3336333666316,45.529129320537,2.66085305499784));
#11652=CARTESIAN_POINT('Ctrl Pts',(60.3810574838274,45.6249726254336,4.35855982728885));
#11653=CARTESIAN_POINT('Ctrl Pts',(60.3170552683318,45.5871637254006,2.66018583917848));
#11654=CARTESIAN_POINT('',(60.3298609632504,45.594728607886,3.));
#11655=CARTESIAN_POINT('Ctrl Pts',(60.5025078456478,45.2832592514822,3.));
#11656=CARTESIAN_POINT('Ctrl Pts',(60.4617363125979,45.3285417112741,3.));
#11657=CARTESIAN_POINT('Ctrl Pts',(60.420964779548,45.3738241710661,3.));
#11658=CARTESIAN_POINT('Ctrl Pts',(60.3921185188954,45.4256958222771,3.));
#11659=CARTESIAN_POINT('Ctrl Pts',(60.3918566753467,45.4261666721177,3.));
#11660=CARTESIAN_POINT('Ctrl Pts',(60.3915958563767,45.4266379893743,3.00000000000007));
#11661=CARTESIAN_POINT('Ctrl Pts',(60.391336068804,45.4271097804761,2.99999999917286));
#11662=CARTESIAN_POINT('Ctrl Pts',(60.3827006825347,45.4427922026947,2.99999997167629));
#11663=CARTESIAN_POINT('Ctrl Pts',(60.3752007530808,45.4589958916709,2.99999923724045));
#11664=CARTESIAN_POINT('Ctrl Pts',(60.3684542489593,45.4756075603223,2.99999902172345));
#11665=CARTESIAN_POINT('Ctrl Pts',(60.3570671155727,45.5036456795176,2.99999865796161));
#11666=CARTESIAN_POINT('Ctrl Pts',(60.3478303511865,45.5328482666109,2.99999957433969));
#11667=CARTESIAN_POINT('Ctrl Pts',(60.3390628271341,45.5627566907281,2.9999998750525));
#11668=CARTESIAN_POINT('Ctrl Pts',(60.3359624463822,45.5733329380128,2.99999998139087));
#11669=CARTESIAN_POINT('Ctrl Pts',(60.3329209580162,45.5839975674079,3.));
#11670=CARTESIAN_POINT('Ctrl Pts',(60.3298609632504,45.594728607886,3.));
#11671=CARTESIAN_POINT('',(60.3170552683318,45.5871637254006,2.66018583917848));
#11672=CARTESIAN_POINT('Ctrl Pts',(60.4897182405493,45.2757038739552,2.66061280145927));
#11673=CARTESIAN_POINT('Ctrl Pts',(60.448596728588,45.3214091535805,2.66114495840942));
#11674=CARTESIAN_POINT('Ctrl Pts',(60.3670931132481,45.4119978832235,2.66219970356096));
#11675=CARTESIAN_POINT('Ctrl Pts',(60.3336333666316,45.529129320537,2.66085305499784));
#11676=CARTESIAN_POINT('Ctrl Pts',(60.3170552683318,45.5871637254006,2.66018583917847));
#11677=CARTESIAN_POINT('',(60.3810574838274,45.6249726254336,4.35855982728885));
#11678=CARTESIAN_POINT('Origin',(60.3810574838274,45.6249726254336,4.35855982728885));
#11679=CARTESIAN_POINT('',(60.2558230297015,45.8696930550171,3.));
#11680=CARTESIAN_POINT('',(60.9691069697254,43.2206763305478,3.));
#11681=CARTESIAN_POINT('',(60.2428920429936,45.8620541572073,2.65686107433528));
#11682=CARTESIAN_POINT('',(60.3170552683318,45.5871637254006,2.66018583917847));
#11683=CARTESIAN_POINT('',(60.3068942584892,45.8998630572403,4.35523506244566));
#11684=CARTESIAN_POINT('Origin',(60.3068942584892,45.8998630572403,4.35523506244566));
#11685=CARTESIAN_POINT('',(60.1369845759415,45.367699207199,3.));
#11686=CARTESIAN_POINT('',(59.6539984949233,43.3274838258828,3.));
#11687=CARTESIAN_POINT('',(60.1246423599986,45.3604081219583,2.67248479836649));
#11688=CARTESIAN_POINT('',(60.2428920429936,45.8620541572073,2.65686107433528));
#11689=CARTESIAN_POINT('',(60.1886445754943,45.3982170219913,4.37085878647687));
#11690=CARTESIAN_POINT('Ctrl Pts',(60.1886445754943,45.3982170219913,4.37085878647687));
#11691=CARTESIAN_POINT('Ctrl Pts',(60.1246423599986,45.3604081219583,2.67248479836649));
#11692=CARTESIAN_POINT('Ctrl Pts',(60.1835768748748,45.3814297850304,4.37142347425348));
#11693=CARTESIAN_POINT('Ctrl Pts',(60.1195746593791,45.3436208849974,2.6730494861431));
#11694=CARTESIAN_POINT('Ctrl Pts',(60.1732644164787,45.3472687925523,4.37257257907247));
#11695=CARTESIAN_POINT('Ctrl Pts',(60.1092622009831,45.3094598925193,2.67419859096209));
#11696=CARTESIAN_POINT('Ctrl Pts',(60.1566353917604,45.3156995711569,4.37390202239601));
#11697=CARTESIAN_POINT('Ctrl Pts',(60.0926331762647,45.2778906711239,2.67552803428563));
#11698=CARTESIAN_POINT('Ctrl Pts',(60.1481781254754,45.2996439505614,4.37457815682893));
#11699=CARTESIAN_POINT('Ctrl Pts',(60.0841759099798,45.2618350505284,2.67620416871855));
#11700=CARTESIAN_POINT('',(60.0963779636589,45.269043335807,3.));
#11701=CARTESIAN_POINT('Ctrl Pts',(60.1369845759415,45.367699207199,3.));
#11702=CARTESIAN_POINT('Ctrl Pts',(60.1335851508103,45.3564769812882,3.));
#11703=CARTESIAN_POINT('Ctrl Pts',(60.1303130942862,45.3456976796838,3.00000017271795));
#11704=CARTESIAN_POINT('Ctrl Pts',(60.126638302527,45.3351013744438,3.00000014381064));
#11705=CARTESIAN_POINT('Ctrl Pts',(60.1246384925268,45.329334898798,3.00000012807937));
#11706=CARTESIAN_POINT('Ctrl Pts',(60.1225209662091,45.3236219800158,3.00000000827575));
#11707=CARTESIAN_POINT('Ctrl Pts',(60.1201906114418,45.3179246982835,3.00000000039063));
#11708=CARTESIAN_POINT('Ctrl Pts',(60.1200751263845,45.3176423589091,2.99999999999987));
#11709=CARTESIAN_POINT('Ctrl Pts',(60.1199591145815,45.317360059605,3.));
#11710=CARTESIAN_POINT('Ctrl Pts',(60.1198425790737,45.3170777897587,3.));
#11711=CARTESIAN_POINT('Ctrl Pts',(60.1130571583518,45.3006422869606,3.));
#11712=CARTESIAN_POINT('Ctrl Pts',(60.1047175610054,45.2848428113839,3.));
#11713=CARTESIAN_POINT('Ctrl Pts',(60.0963779636589,45.269043335807,3.));
#11714=CARTESIAN_POINT('',(60.0841759099798,45.2618350505284,2.67620416871855));
#11715=CARTESIAN_POINT('Ctrl Pts',(60.1246423599986,45.3604081219583,2.67248479836649));
#11716=CARTESIAN_POINT('Ctrl Pts',(60.1195746593791,45.3436208849974,2.6730494861431));
#11717=CARTESIAN_POINT('Ctrl Pts',(60.1092622009831,45.3094598925193,2.67419859096209));
#11718=CARTESIAN_POINT('Ctrl Pts',(60.0926331762647,45.2778906711239,2.67552803428563));
#11719=CARTESIAN_POINT('Ctrl Pts',(60.0841759099798,45.2618350505284,2.67620416871855));
#11720=CARTESIAN_POINT('',(60.1481781254754,45.2996439505614,4.37457815682893));
#11721=CARTESIAN_POINT('Ctrl Pts',(60.1481781254754,45.2996439505614,4.37457815682893));
#11722=CARTESIAN_POINT('Ctrl Pts',(60.0841759099798,45.2618350505284,2.67620416871855));
#11723=CARTESIAN_POINT('Ctrl Pts',(60.1207322317794,45.2610092862218,4.37647251707417));
#11724=CARTESIAN_POINT('Ctrl Pts',(60.0567300162838,45.2232003861888,2.67809852896379));
#11725=CARTESIAN_POINT('Ctrl Pts',(60.0659089354424,45.1838363701043,4.38025651020058));
#11726=CARTESIAN_POINT('Ctrl Pts',(60.0019067199468,45.1460274700713,2.6818825220902));
#11727=CARTESIAN_POINT('Ctrl Pts',(59.9771561359839,45.1509639154787,4.38433290750531));
#11728=CARTESIAN_POINT('Ctrl Pts',(59.9131539204882,45.1131550154457,2.68595891939493));
#11729=CARTESIAN_POINT('Ctrl Pts',(59.9328351759425,45.1345482220379,4.38636855982454));
#11730=CARTESIAN_POINT('Ctrl Pts',(59.8688329604468,45.0967393220049,2.68799457171416));
#11731=CARTESIAN_POINT('',(59.8805906997886,45.1036851314264,3.));
#11732=CARTESIAN_POINT('Ctrl Pts',(60.0963779636589,45.269043335807,3.));
#11733=CARTESIAN_POINT('Ctrl Pts',(60.0688962609028,45.2304165072099,3.));
#11734=CARTESIAN_POINT('Ctrl Pts',(60.0414145581466,45.1917896786128,3.));
#11735=CARTESIAN_POINT('Ctrl Pts',(60.0054594630357,45.1642210191384,3.));
#11736=CARTESIAN_POINT('Ctrl Pts',(60.005412914147,45.1641853276611,3.));
#11737=CARTESIAN_POINT('Ctrl Pts',(60.0053663512115,45.1641496548374,3.));
#11738=CARTESIAN_POINT('Ctrl Pts',(60.0053197742106,45.1641140006906,3.00000000000031));
#11739=CARTESIAN_POINT('Ctrl Pts',(59.9864565266724,45.1496744063932,3.00000000012729));
#11740=CARTESIAN_POINT('Ctrl Pts',(59.9652895149321,45.1382939393507,3.00000002396367));
#11741=CARTESIAN_POINT('Ctrl Pts',(59.942999992188,45.1283480511384,3.00000001665635));
#11742=CARTESIAN_POINT('Ctrl Pts',(59.922829009552,45.1193474843371,3.00000001004358));
#11743=CARTESIAN_POINT('Ctrl Pts',(59.9017361953312,45.1115250971531,3.));
#11744=CARTESIAN_POINT('Ctrl Pts',(59.8805906997886,45.1036851314264,3.));
#11745=CARTESIAN_POINT('',(59.8688329604468,45.0967393220049,2.68799457171416));
#11746=CARTESIAN_POINT('Ctrl Pts',(60.0841759099798,45.2618350505284,2.67620416871855));
#11747=CARTESIAN_POINT('Ctrl Pts',(60.0567300162838,45.2232003861888,2.67809852896379));
#11748=CARTESIAN_POINT('Ctrl Pts',(60.0019067199468,45.1460274700713,2.6818825220902));
#11749=CARTESIAN_POINT('Ctrl Pts',(59.9131539204882,45.1131550154457,2.68595891939493));
#11750=CARTESIAN_POINT('Ctrl Pts',(59.8688329604468,45.0967393220049,2.68799457171416));
#11751=CARTESIAN_POINT('',(59.9328351759425,45.1345482220379,4.38636855982454));
#11752=CARTESIAN_POINT('Ctrl Pts',(59.9328351759425,45.1345482220379,4.38636855982454));
#11753=CARTESIAN_POINT('Ctrl Pts',(59.8688329604468,45.0967393220049,2.68799457171416));
#11754=CARTESIAN_POINT('Ctrl Pts',(59.8856356437308,45.12654303644,4.38832545619553));
#11755=CARTESIAN_POINT('Ctrl Pts',(59.8216334282351,45.088734136407,2.68995146808516));
#11756=CARTESIAN_POINT('Ctrl Pts',(59.7911598808492,45.1105196569502,4.39224242886172));
#11757=CARTESIAN_POINT('Ctrl Pts',(59.7271576653536,45.0727107569172,2.69386844075134));
#11758=CARTESIAN_POINT('Ctrl Pts',(59.7040424015766,45.1505627890109,4.39463396625759));
#11759=CARTESIAN_POINT('Ctrl Pts',(59.640040186081,45.1127538889779,2.69625997814722));
#11760=CARTESIAN_POINT('Ctrl Pts',(59.6604482995566,45.1706006091915,4.39583070571896));
#11761=CARTESIAN_POINT('Ctrl Pts',(59.596446084061,45.1327917091585,2.69745671760858));
#11762=CARTESIAN_POINT('',(59.6078472480519,45.1395268739689,3.));
#11763=CARTESIAN_POINT('Ctrl Pts',(59.8805906997886,45.1036851314264,3.));
#11764=CARTESIAN_POINT('Ctrl Pts',(59.842847137688,45.0972589112752,3.));
#11765=CARTESIAN_POINT('Ctrl Pts',(59.8051957563295,45.0908518126382,2.99999990463351));
#11766=CARTESIAN_POINT('Ctrl Pts',(59.7684634583887,45.0915300480696,2.9999999635419));
#11767=CARTESIAN_POINT('Ctrl Pts',(59.7591188182358,45.0917025901212,2.99999997852811));
#11768=CARTESIAN_POINT('Ctrl Pts',(59.7498336771687,45.0923338168414,2.99999999990949));
#11769=CARTESIAN_POINT('Ctrl Pts',(59.7406218029446,45.0935412371862,2.99999999999966));
#11770=CARTESIAN_POINT('Ctrl Pts',(59.740586960006,45.0935458041257,3.));
#11771=CARTESIAN_POINT('Ctrl Pts',(59.7405521181157,45.09355037931,3.));
#11772=CARTESIAN_POINT('Ctrl Pts',(59.7405172772729,45.0935549627326,3.));
#11773=CARTESIAN_POINT('Ctrl Pts',(59.6950588072407,45.0995351677124,3.));
#11774=CARTESIAN_POINT('Ctrl Pts',(59.6514530276464,45.1195310208406,3.));
#11775=CARTESIAN_POINT('Ctrl Pts',(59.607847248052,45.1395268739689,3.));
#11776=CARTESIAN_POINT('',(59.596446084061,45.1327917091585,2.69745671760858));
#11777=CARTESIAN_POINT('Ctrl Pts',(59.8688329604468,45.0967393220049,2.68799457171416));
#11778=CARTESIAN_POINT('Ctrl Pts',(59.8216334282351,45.088734136407,2.68995146808516));
#11779=CARTESIAN_POINT('Ctrl Pts',(59.7271576653536,45.0727107569172,2.69386844075134));
#11780=CARTESIAN_POINT('Ctrl Pts',(59.640040186081,45.1127538889779,2.69625997814722));
#11781=CARTESIAN_POINT('Ctrl Pts',(59.596446084061,45.1327917091585,2.69745671760858));
#11782=CARTESIAN_POINT('',(59.6604482995566,45.1706006091915,4.39583070571896));
#11783=CARTESIAN_POINT('Ctrl Pts',(59.6604482995566,45.1706006091915,4.39583070571896));
#11784=CARTESIAN_POINT('Ctrl Pts',(59.596446084061,45.1327917091585,2.69745671760858));
#11785=CARTESIAN_POINT('Ctrl Pts',(59.6213102364105,45.198155807079,4.39669217147355));
#11786=CARTESIAN_POINT('Ctrl Pts',(59.5573080209148,45.160346907046,2.69831818336317));
#11787=CARTESIAN_POINT('Ctrl Pts',(59.5431680906191,45.2531718737298,4.3984121539453));
#11788=CARTESIAN_POINT('Ctrl Pts',(59.4791658751235,45.2153629736968,2.70003816583492));
#11789=CARTESIAN_POINT('Ctrl Pts',(59.5111828668312,45.3432291007717,4.39761266012448));
#11790=CARTESIAN_POINT('Ctrl Pts',(59.4471806513355,45.3054202007387,2.69923867201411));
#11791=CARTESIAN_POINT('Ctrl Pts',(59.4952176754557,45.3881805093971,4.39721359860979));
#11792=CARTESIAN_POINT('Ctrl Pts',(59.4312154599601,45.3503716093641,2.69883961049941));
#11793=CARTESIAN_POINT('',(59.4425645104534,45.3570759884586,3.));
#11794=CARTESIAN_POINT('Ctrl Pts',(59.6078472480519,45.1395268739689,3.));
#11795=CARTESIAN_POINT('Ctrl Pts',(59.5687441041873,45.1670155252146,3.));
#11796=CARTESIAN_POINT('Ctrl Pts',(59.5296409603226,45.1945041764603,3.));
#11797=CARTESIAN_POINT('Ctrl Pts',(59.5020806928743,45.2307518947189,3.));
#11798=CARTESIAN_POINT('Ctrl Pts',(59.5020332003399,45.2308143576834,3.));
#11799=CARTESIAN_POINT('Ctrl Pts',(59.5019857423628,45.2308768462889,3.));
#11800=CARTESIAN_POINT('Ctrl Pts',(59.5019383189989,45.2309393605811,2.99999999999365));
#11801=CARTESIAN_POINT('Ctrl Pts',(59.4889051433131,45.2481199164824,2.9999999982494));
#11802=CARTESIAN_POINT('Ctrl Pts',(59.4784822235952,45.2672374824436,2.99999973929177));
#11803=CARTESIAN_POINT('Ctrl Pts',(59.4694115097203,45.28739975167,2.99999978917202));
#11804=CARTESIAN_POINT('Ctrl Pts',(59.4593615713349,45.3097386288776,2.99999984443707));
#11805=CARTESIAN_POINT('Ctrl Pts',(59.4509766590863,45.333363823236,3.));
#11806=CARTESIAN_POINT('Ctrl Pts',(59.4425645104534,45.3570759884586,3.));
#11807=CARTESIAN_POINT('',(59.4312154599601,45.3503716093641,2.69883961049941));
#11808=CARTESIAN_POINT('Ctrl Pts',(59.596446084061,45.1327917091585,2.69745671760858));
#11809=CARTESIAN_POINT('Ctrl Pts',(59.5573080209148,45.160346907046,2.69831818336317));
#11810=CARTESIAN_POINT('Ctrl Pts',(59.4791658751235,45.2153629736968,2.70003816583492));
#11811=CARTESIAN_POINT('Ctrl Pts',(59.4471806513355,45.3054202007387,2.69923867201411));
#11812=CARTESIAN_POINT('Ctrl Pts',(59.4312154599601,45.3503716093641,2.69883961049941));
#11813=CARTESIAN_POINT('',(59.4952176754557,45.3881805093971,4.39721359860979));
#11814=CARTESIAN_POINT('Origin',(59.4952176754557,45.3881805093971,4.39721359860979));
#11815=CARTESIAN_POINT('',(59.3092503851041,45.8552124131736,3.));
#11816=CARTESIAN_POINT('',(60.0783688342737,42.9813540470933,3.));
#11817=CARTESIAN_POINT('',(59.2976731945966,45.8483732618228,2.69278564716714));
#11818=CARTESIAN_POINT('',(59.4312154599601,45.3503716093641,2.69883961049941));
#11819=CARTESIAN_POINT('',(59.3616754100922,45.8861821618558,4.39115963527751));
#11820=CARTESIAN_POINT('Ctrl Pts',(59.9364244365432,45.4225626624395,4.37982157435875));
#11821=CARTESIAN_POINT('Ctrl Pts',(59.8724222210475,45.3847537624065,2.68144758624837));
#11822=CARTESIAN_POINT('Ctrl Pts',(59.9651181963638,45.5380919101785,4.37616837546292));
#11823=CARTESIAN_POINT('Ctrl Pts',(59.9011159808681,45.5002830101455,2.67779438735254));
#11824=CARTESIAN_POINT('Ctrl Pts',(60.0766922714939,45.9873209079649,4.361963116528));
#11825=CARTESIAN_POINT('Ctrl Pts',(60.0126900559982,45.949512007932,2.66358912841763));
#11826=CARTESIAN_POINT('Ctrl Pts',(60.1816160493654,46.4381646828634,4.34797252221608));
#11827=CARTESIAN_POINT('Ctrl Pts',(60.1176138338697,46.4003557828304,2.6495985341057));
#11828=CARTESIAN_POINT('Ctrl Pts',(60.2595563395565,46.7730639341037,4.33757992100843));
#11829=CARTESIAN_POINT('Ctrl Pts',(60.1955541240609,46.7352550340707,2.63920593289805));
#11830=CARTESIAN_POINT('',(59.8844266796499,45.3918453196555,3.));
#11831=CARTESIAN_POINT('Ctrl Pts',(59.8844266796499,45.3918453196555,3.));
#11832=CARTESIAN_POINT('Ctrl Pts',(59.9035924585464,45.4686977973128,3.));
#11833=CARTESIAN_POINT('Ctrl Pts',(59.9213779176488,45.5400240341507,3.00000006585455));
#11834=CARTESIAN_POINT('Ctrl Pts',(59.9392464488674,45.612145668898,2.99999990862067));
#11835=CARTESIAN_POINT('Ctrl Pts',(59.949539521422,45.6536909537417,2.99999981804692));
#11836=CARTESIAN_POINT('Ctrl Pts',(59.9598610077553,45.6954999675288,2.99999962606835));
#11837=CARTESIAN_POINT('Ctrl Pts',(59.9704805803899,45.7387835160013,2.99999960189408));
#11838=CARTESIAN_POINT('Ctrl Pts',(59.9875691091476,45.808433415132,2.99999956299396));
#11839=CARTESIAN_POINT('Ctrl Pts',(60.0054309363542,45.8819010904896,2.99999991209916));
#11840=CARTESIAN_POINT('Ctrl Pts',(60.0252453743137,45.9642180976992,2.9999999740826));
#11841=CARTESIAN_POINT('Ctrl Pts',(60.0330856034487,45.9967895084833,2.99999999860837));
#11842=CARTESIAN_POINT('Ctrl Pts',(60.041230866651,46.0307465768448,3.));
#11843=CARTESIAN_POINT('Ctrl Pts',(60.0497522529743,46.0664014855948,3.));
#11844=CARTESIAN_POINT('Ctrl Pts',(60.1036333492002,46.291849023871,3.));
#11845=CARTESIAN_POINT('Ctrl Pts',(60.1563918917464,46.5175679956867,3.));
#11846=CARTESIAN_POINT('Ctrl Pts',(60.2091504342928,46.7432869675029,3.));
#11847=CARTESIAN_POINT('',(59.8724222210475,45.3847537624065,2.68144758624837));
#11848=CARTESIAN_POINT('',(59.9364244365432,45.4225626624395,4.37982157435875));
#11849=CARTESIAN_POINT('Ctrl Pts',(59.8724222210475,45.3847537624065,2.68144758624837));
#11850=CARTESIAN_POINT('Ctrl Pts',(59.9011159808681,45.5002830101455,2.67779438735254));
#11851=CARTESIAN_POINT('Ctrl Pts',(60.0126900559982,45.949512007932,2.66358912841763));
#11852=CARTESIAN_POINT('Ctrl Pts',(60.1176138338697,46.4003557828304,2.6495985341057));
#11853=CARTESIAN_POINT('Ctrl Pts',(60.1955541240609,46.7352550340707,2.63920593289805));
#11854=CARTESIAN_POINT('Ctrl Pts',(59.8692758579911,45.3695975739899,4.38353112806909));
#11855=CARTESIAN_POINT('Ctrl Pts',(59.8052736424955,45.3317886739569,2.68515713995872));
#11856=CARTESIAN_POINT('Ctrl Pts',(59.8830431306616,45.375004253404,4.3828919540348));
#11857=CARTESIAN_POINT('Ctrl Pts',(59.8190409151659,45.337195353371,2.68451796592442));
#11858=CARTESIAN_POINT('Ctrl Pts',(59.9107519171554,45.3858860401684,4.38160551646124));
#11859=CARTESIAN_POINT('Ctrl Pts',(59.8467497016597,45.3480771401354,2.68323152835086));
#11860=CARTESIAN_POINT('Ctrl Pts',(59.9278311303437,45.4102859769777,4.38041870939241));
#11861=CARTESIAN_POINT('Ctrl Pts',(59.8638289148481,45.3724770769447,2.68204472128203));
#11862=CARTESIAN_POINT('Ctrl Pts',(59.9364244365432,45.4225626624395,4.37982157435875));
#11863=CARTESIAN_POINT('Ctrl Pts',(59.8724222210475,45.3847537624065,2.68144758624837));
#11864=CARTESIAN_POINT('',(59.8171383087684,45.3387976497801,3.));
#11865=CARTESIAN_POINT('Ctrl Pts',(59.8171383087684,45.3387976497801,3.));
#11866=CARTESIAN_POINT('Ctrl Pts',(59.8261175358163,45.3423270747678,3.));
#11867=CARTESIAN_POINT('Ctrl Pts',(59.8349542534274,45.3458070209103,3.00000003680185));
#11868=CARTESIAN_POINT('Ctrl Pts',(59.8430916116627,45.3501671174058,3.00000003083738));
#11869=CARTESIAN_POINT('Ctrl Pts',(59.8476048105203,45.3525853447903,3.00000002752933));
#11870=CARTESIAN_POINT('Ctrl Pts',(59.851903987687,45.3552729058024,3.00000000067082));
#11871=CARTESIAN_POINT('Ctrl Pts',(59.8558873831652,45.3583969960798,3.00000000001168));
#11872=CARTESIAN_POINT('Ctrl Pts',(59.8559579821915,45.3584523653579,3.));
#11873=CARTESIAN_POINT('Ctrl Pts',(59.8560284816575,45.3585078722251,3.));
#11874=CARTESIAN_POINT('Ctrl Pts',(59.8560988822721,45.3585635159901,3.));
#11875=CARTESIAN_POINT('Ctrl Pts',(59.8673026550246,45.367418837805,3.));
#11876=CARTESIAN_POINT('Ctrl Pts',(59.8758646673372,45.3796320787302,3.));
#11877=CARTESIAN_POINT('Ctrl Pts',(59.8844266796499,45.3918453196555,3.));
#11878=CARTESIAN_POINT('',(59.8052736424955,45.3317886739569,2.68515713995872));
#11879=CARTESIAN_POINT('',(59.8692758579911,45.3695975739899,4.38353112806909));
#11880=CARTESIAN_POINT('Ctrl Pts',(59.8052736424955,45.3317886739569,2.68515713995872));
#11881=CARTESIAN_POINT('Ctrl Pts',(59.8190409151659,45.337195353371,2.68451796592442));
#11882=CARTESIAN_POINT('Ctrl Pts',(59.8467497016597,45.3480771401354,2.68323152835086));
#11883=CARTESIAN_POINT('Ctrl Pts',(59.8638289148481,45.3724770769447,2.68204472128203));
#11884=CARTESIAN_POINT('Ctrl Pts',(59.8724222210475,45.3847537624065,2.68144758624837));
#11885=CARTESIAN_POINT('Ctrl Pts',(59.7851309147239,45.3823777884724,4.38641756943854));
#11886=CARTESIAN_POINT('Ctrl Pts',(59.7211286992282,45.3445688884394,2.68804358132817));
#11887=CARTESIAN_POINT('Ctrl Pts',(59.7986515325614,45.3759755501493,4.38605057847419));
#11888=CARTESIAN_POINT('Ctrl Pts',(59.7346493170658,45.3381666501163,2.68767659036382));
#11889=CARTESIAN_POINT('Ctrl Pts',(59.8254441096425,45.3632888174997,4.38532334590105));
#11890=CARTESIAN_POINT('Ctrl Pts',(59.7614418941469,45.3254799174667,2.68694935779067));
#11891=CARTESIAN_POINT('Ctrl Pts',(59.8547559550789,45.3675077068232,4.38412482624217));
#11892=CARTESIAN_POINT('Ctrl Pts',(59.7907537395833,45.3296988067902,2.6857508381318));
#11893=CARTESIAN_POINT('Ctrl Pts',(59.8692758579911,45.3695975739899,4.38353112806909));
#11894=CARTESIAN_POINT('Ctrl Pts',(59.8052736424955,45.3317886739569,2.68515713995872));
#11895=CARTESIAN_POINT('',(59.7328845916718,45.3515136068176,3.));
#11896=CARTESIAN_POINT('Ctrl Pts',(59.7328845916718,45.3515136068176,3.));
#11897=CARTESIAN_POINT('Ctrl Pts',(59.7462945576194,45.345178347186,3.));
#11898=CARTESIAN_POINT('Ctrl Pts',(59.7597045235671,45.3388430875544,3.));
#11899=CARTESIAN_POINT('Ctrl Pts',(59.7737429107635,45.3366979444946,3.));
#11900=CARTESIAN_POINT('Ctrl Pts',(59.7738732476352,45.3366780283011,3.));
#11901=CARTESIAN_POINT('Ctrl Pts',(59.7740036168241,45.3366584766282,3.00000000000002));
#11902=CARTESIAN_POINT('Ctrl Pts',(59.7741340193756,45.3366392923734,2.99999999982663));
#11903=CARTESIAN_POINT('Ctrl Pts',(59.7799939520992,45.3357772046205,2.99999999203513));
#11904=CARTESIAN_POINT('Ctrl Pts',(59.7859205240799,45.3356521557301,2.99999977094296));
#11905=CARTESIAN_POINT('Ctrl Pts',(59.7919220664789,45.3359464894341,2.99999978506915));
#11906=CARTESIAN_POINT('Ctrl Pts',(59.8001743389312,45.3363512057147,2.99999980449302));
#11907=CARTESIAN_POINT('Ctrl Pts',(59.8085697935731,45.3375584828945,3.));
#11908=CARTESIAN_POINT('Ctrl Pts',(59.8171383087684,45.3387976497801,3.));
#11909=CARTESIAN_POINT('',(59.7211286992282,45.3445688884394,2.68804358132817));
#11910=CARTESIAN_POINT('',(59.7851309147239,45.3823777884724,4.38641756943854));
#11911=CARTESIAN_POINT('Ctrl Pts',(59.7211286992282,45.3445688884394,2.68804358132817));
#11912=CARTESIAN_POINT('Ctrl Pts',(59.7346493170658,45.3381666501163,2.68767659036382));
#11913=CARTESIAN_POINT('Ctrl Pts',(59.7614418941469,45.3254799174667,2.68694935779067));
#11914=CARTESIAN_POINT('Ctrl Pts',(59.7907537395833,45.3296988067902,2.6857508381318));
#11915=CARTESIAN_POINT('Ctrl Pts',(59.8052736424955,45.3317886739569,2.68515713995872));
#11916=CARTESIAN_POINT('Ctrl Pts',(59.7321342815326,45.4496018038456,4.38691818700979));
#11917=CARTESIAN_POINT('Ctrl Pts',(59.6681320660369,45.4117929038126,2.68854419889941));
#11918=CARTESIAN_POINT('Ctrl Pts',(59.737549956732,45.43582388429,4.38702082210264));
#11919=CARTESIAN_POINT('Ctrl Pts',(59.6735477412364,45.398014984257,2.68864683399227));
#11920=CARTESIAN_POINT('Ctrl Pts',(59.7484499822776,45.4080933300026,4.38722739378443));
#11921=CARTESIAN_POINT('Ctrl Pts',(59.684447766782,45.3702844299696,2.68885340567406));
#11922=CARTESIAN_POINT('Ctrl Pts',(59.7728526878394,45.390985564565,4.38668864234734));
#11923=CARTESIAN_POINT('Ctrl Pts',(59.7088504723438,45.353176664532,2.68831465423696));
#11924=CARTESIAN_POINT('Ctrl Pts',(59.7851309147239,45.3823777884724,4.38641756943854));
#11925=CARTESIAN_POINT('Ctrl Pts',(59.7211286992282,45.3445688884394,2.68804358132817));
#11926=CARTESIAN_POINT('',(59.6798690930045,45.4187264775313,3.));
#11927=CARTESIAN_POINT('Ctrl Pts',(59.6798690930045,45.4187264775313,3.));
#11928=CARTESIAN_POINT('Ctrl Pts',(59.6833905956621,45.409759597833,3.));
#11929=CARTESIAN_POINT('Ctrl Pts',(59.6868626410128,45.4009352957916,2.99999972436968));
#11930=CARTESIAN_POINT('Ctrl Pts',(59.6912141753912,45.3928095695221,2.99999976865323));
#11931=CARTESIAN_POINT('Ctrl Pts',(59.6936316928805,45.3882952801562,2.99999979325518));
#11932=CARTESIAN_POINT('Ctrl Pts',(59.696319237713,45.3839954835438,2.99999999495109));
#11933=CARTESIAN_POINT('Ctrl Pts',(59.6994447164084,45.3800122987061,2.99999999991193));
#11934=CARTESIAN_POINT('Ctrl Pts',(59.699500201668,45.3799415869635,3.));
#11935=CARTESIAN_POINT('Ctrl Pts',(59.6995558254162,45.3798709753737,3.));
#11936=CARTESIAN_POINT('Ctrl Pts',(59.6996115869591,45.3798004632232,3.));
#11937=CARTESIAN_POINT('Ctrl Pts',(59.7084615787257,45.3686093820656,3.));
#11938=CARTESIAN_POINT('Ctrl Pts',(59.7206730851987,45.3600614944416,3.));
#11939=CARTESIAN_POINT('Ctrl Pts',(59.7328845916718,45.3515136068176,3.));
#11940=CARTESIAN_POINT('',(59.6681320660369,45.4117929038126,2.68854419889941));
#11941=CARTESIAN_POINT('',(59.7321342815326,45.4496018038456,4.38691818700979));
#11942=CARTESIAN_POINT('Ctrl Pts',(59.6681320660369,45.4117929038126,2.68854419889941));
#11943=CARTESIAN_POINT('Ctrl Pts',(59.6735477412364,45.398014984257,2.68864683399227));
#11944=CARTESIAN_POINT('Ctrl Pts',(59.684447766782,45.3702844299696,2.68885340567406));
#11945=CARTESIAN_POINT('Ctrl Pts',(59.7088504723438,45.353176664532,2.68831465423696));
#11946=CARTESIAN_POINT('Ctrl Pts',(59.7211286992282,45.3445688884394,2.68804358132817));
#11947=CARTESIAN_POINT('Ctrl Pts',(59.3802831999619,46.7603375227994,4.37099812039794));
#11948=CARTESIAN_POINT('Ctrl Pts',(59.3162809844663,46.7225286227664,2.67262413228756));
#11949=CARTESIAN_POINT('Ctrl Pts',(59.468007185904,46.4343468987568,4.37494943943055));
#11950=CARTESIAN_POINT('Ctrl Pts',(59.4040049704084,46.3965379987238,2.67657545132018));
#11951=CARTESIAN_POINT('Ctrl Pts',(59.5855606295317,45.9975071902667,4.38024435568598));
#11952=CARTESIAN_POINT('Ctrl Pts',(59.5215584140361,45.9596982902337,2.6818703675756));
#11953=CARTESIAN_POINT('Ctrl Pts',(59.7024686112871,45.5604947255773,4.3855674416567));
#11954=CARTESIAN_POINT('Ctrl Pts',(59.6384663957915,45.5226858255443,2.68719345354632));
#11955=CARTESIAN_POINT('Ctrl Pts',(59.7321342815326,45.4496018038456,4.38691818700979));
#11956=CARTESIAN_POINT('Ctrl Pts',(59.6681320660369,45.4117929038126,2.68854419889941));
#11957=CARTESIAN_POINT('',(59.3286179496931,46.7298166061801,3.));
#11958=CARTESIAN_POINT('Ctrl Pts',(59.3286179496931,46.7298166061801,3.));
#11959=CARTESIAN_POINT('Ctrl Pts',(59.3872897681288,46.5113569362664,3.));
#11960=CARTESIAN_POINT('Ctrl Pts',(59.4459615865626,46.2928972663597,3.));
#11961=CARTESIAN_POINT('Ctrl Pts',(59.504525137714,46.0744085615478,3.));
#11962=CARTESIAN_POINT('Ctrl Pts',(59.5378228746438,45.9501814736763,3.));
#11963=CARTESIAN_POINT('Ctrl Pts',(59.5654112862846,45.8471204071654,2.99999993828023));
#11964=CARTESIAN_POINT('Ctrl Pts',(59.59098315653,45.7514842874812,2.99999994551235));
#11965=CARTESIAN_POINT('Ctrl Pts',(59.6213898234643,45.637766533941,2.99999995411182));
#11966=CARTESIAN_POINT('Ctrl Pts',(59.6489467216086,45.534547135797,3.));
#11967=CARTESIAN_POINT('Ctrl Pts',(59.6798690930045,45.4187264775313,3.));
#11968=CARTESIAN_POINT('',(59.3162809844663,46.7225286227664,2.67262413228756));
#11969=CARTESIAN_POINT('',(59.3802831999619,46.7603375227994,4.37099812039794));
#11970=CARTESIAN_POINT('Ctrl Pts',(59.3162809844663,46.7225286227664,2.67262413228756));
#11971=CARTESIAN_POINT('Ctrl Pts',(59.4040049704084,46.3965379987238,2.67657545132018));
#11972=CARTESIAN_POINT('Ctrl Pts',(59.5215584140361,45.9596982902337,2.6818703675756));
#11973=CARTESIAN_POINT('Ctrl Pts',(59.6384663957915,45.5226858255443,2.68719345354632));
#11974=CARTESIAN_POINT('Ctrl Pts',(59.6681320660369,45.4117929038126,2.68854419889941));
#11975=CARTESIAN_POINT('Ctrl Pts',(59.3699857359482,46.7801859077714,4.37094431299568));
#11976=CARTESIAN_POINT('Ctrl Pts',(59.3059835204526,46.7423770077384,2.67257032488531));
#11977=CARTESIAN_POINT('Ctrl Pts',(59.3729424579634,46.7774348970939,4.37089413319284));
#11978=CARTESIAN_POINT('Ctrl Pts',(59.3089402424678,46.7396259970609,2.67252014508246));
#11979=CARTESIAN_POINT('Ctrl Pts',(59.3787461423326,46.7720349989681,4.37079563636563));
#11980=CARTESIAN_POINT('Ctrl Pts',(59.314743926837,46.7342260989351,2.67242164825525));
#11981=CARTESIAN_POINT('Ctrl Pts',(59.379777348163,46.7641872088813,4.37093148209496));
#11982=CARTESIAN_POINT('Ctrl Pts',(59.3157751326674,46.7263783088483,2.67255749398459));
#11983=CARTESIAN_POINT('Ctrl Pts',(59.3802831999619,46.7603375227994,4.37099812039794));
#11984=CARTESIAN_POINT('Ctrl Pts',(59.3162809844663,46.7225286227664,2.67262413228756));
#11985=CARTESIAN_POINT('',(59.3183225133794,46.7496661890029,3.));
#11986=CARTESIAN_POINT('Ctrl Pts',(59.3183225133794,46.7496661890029,3.));
#11987=CARTESIAN_POINT('Ctrl Pts',(59.3212262132885,46.7469673346011,3.));
#11988=CARTESIAN_POINT('Ctrl Pts',(59.3241299093558,46.74426848377,3.));
#11989=CARTESIAN_POINT('Ctrl Pts',(59.3258604665754,46.7409677370603,3.));
#11990=CARTESIAN_POINT('Ctrl Pts',(59.3258932167989,46.7409052715196,3.));
#11991=CARTESIAN_POINT('Ctrl Pts',(59.32592552471,46.7408426326947,2.99999999999986));
#11992=CARTESIAN_POINT('Ctrl Pts',(59.3259573852893,46.740779815027,3.00000000066866));
#11993=CARTESIAN_POINT('Ctrl Pts',(59.3267755058333,46.7391667739066,3.00000001784203));
#11994=CARTESIAN_POINT('Ctrl Pts',(59.3273032860754,46.7374381771351,3.00000024944632));
#11995=CARTESIAN_POINT('Ctrl Pts',(59.3276967572925,46.735623533342,3.00000018894993));
#11996=CARTESIAN_POINT('Ctrl Pts',(59.3280982152356,46.7337720556917,3.00000012722556));
#11997=CARTESIAN_POINT('Ctrl Pts',(59.3283549976395,46.7318285102468,3.));
#11998=CARTESIAN_POINT('Ctrl Pts',(59.3286179496931,46.7298166061801,3.));
#11999=CARTESIAN_POINT('',(59.3059835204526,46.7423770077384,2.67257032488531));
#12000=CARTESIAN_POINT('',(59.3699857359482,46.7801859077714,4.37094431299568));
#12001=CARTESIAN_POINT('Ctrl Pts',(59.3059835204526,46.7423770077384,2.67257032488531));
#12002=CARTESIAN_POINT('Ctrl Pts',(59.3089402424678,46.7396259970609,2.67252014508246));
#12003=CARTESIAN_POINT('Ctrl Pts',(59.314743926837,46.7342260989351,2.67242164825525));
#12004=CARTESIAN_POINT('Ctrl Pts',(59.3157751326674,46.7263783088483,2.67255749398459));
#12005=CARTESIAN_POINT('Ctrl Pts',(59.3162809844663,46.7225286227664,2.67262413228756));
#12006=CARTESIAN_POINT('Ctrl Pts',(59.3478509091046,46.7898640981627,4.37156299664955));
#12007=CARTESIAN_POINT('Ctrl Pts',(59.283848693609,46.7520551981297,2.67318900853918));
#12008=CARTESIAN_POINT('Ctrl Pts',(59.352233026195,46.7895558483432,4.37140472137119));
#12009=CARTESIAN_POINT('Ctrl Pts',(59.2882308106993,46.7517469483102,2.67303073326081));
#12010=CARTESIAN_POINT('Ctrl Pts',(59.3607757690616,46.7889549289947,4.37109617073748));
#12011=CARTESIAN_POINT('Ctrl Pts',(59.2967735535659,46.7511460289617,2.67272218262711));
#12012=CARTESIAN_POINT('Ctrl Pts',(59.3669692741967,46.7830579503579,4.37099404966417));
#12013=CARTESIAN_POINT('Ctrl Pts',(59.3029670587011,46.7452490503249,2.67262006155379));
#12014=CARTESIAN_POINT('Ctrl Pts',(59.3699857359482,46.7801859077714,4.37094431299568));
#12015=CARTESIAN_POINT('Ctrl Pts',(59.3059835204526,46.7423770077384,2.67257032488531));
#12016=CARTESIAN_POINT('',(59.2961643718096,46.7593306063686,3.));
#12017=CARTESIAN_POINT('Ctrl Pts',(59.2961643718096,46.7593306063686,3.));
#12018=CARTESIAN_POINT('Ctrl Pts',(59.3004415685925,46.7590335803402,3.));
#12019=CARTESIAN_POINT('Ctrl Pts',(59.3047187398687,46.7587365560831,3.));
#12020=CARTESIAN_POINT('Ctrl Pts',(59.3084215618855,46.7571478580874,3.));
#12021=CARTESIAN_POINT('Ctrl Pts',(59.3085176843962,46.7571066166669,3.));
#12022=CARTESIAN_POINT('Ctrl Pts',(59.3086133000127,46.7570645562627,2.99999999999923));
#12023=CARTESIAN_POINT('Ctrl Pts',(59.3087084106341,46.7570216567556,3.00000000142439));
#12024=CARTESIAN_POINT('Ctrl Pts',(59.3103058556986,46.7563011314889,3.00000002536102));
#12025=CARTESIAN_POINT('Ctrl Pts',(59.311762887914,46.755348506522,3.00000027200737));
#12026=CARTESIAN_POINT('Ctrl Pts',(59.3131711882595,46.7542548549484,3.00000023567193));
#12027=CARTESIAN_POINT('Ctrl Pts',(59.3149131958897,46.7529020544665,3.00000019072655));
#12028=CARTESIAN_POINT('Ctrl Pts',(59.3165773722299,46.75132610604,3.));
#12029=CARTESIAN_POINT('Ctrl Pts',(59.3183225133794,46.7496661890029,3.));
#12030=CARTESIAN_POINT('',(59.283848693609,46.7520551981297,2.67318900853918));
#12031=CARTESIAN_POINT('',(59.3478509091046,46.7898640981627,4.37156299664955));
#12032=CARTESIAN_POINT('Ctrl Pts',(59.283848693609,46.7520551981297,2.67318900853918));
#12033=CARTESIAN_POINT('Ctrl Pts',(59.2882308106993,46.7517469483102,2.67303073326081));
#12034=CARTESIAN_POINT('Ctrl Pts',(59.2967735535659,46.7511460289617,2.67272218262711));
#12035=CARTESIAN_POINT('Ctrl Pts',(59.3029670587011,46.7452490503249,2.67262006155379));
#12036=CARTESIAN_POINT('Ctrl Pts',(59.3059835204526,46.7423770077384,2.67257032488531));
#12037=CARTESIAN_POINT('Ctrl Pts',(59.3240238459742,46.7795206652093,4.37269116904565));
#12038=CARTESIAN_POINT('Ctrl Pts',(59.2600216304786,46.7417117651763,2.67431718093527));
#12039=CARTESIAN_POINT('Ctrl Pts',(59.3274697197237,46.7824867814527,4.37249528218613));
#12040=CARTESIAN_POINT('Ctrl Pts',(59.263467504228,46.7446778814197,2.67412129407575));
#12041=CARTESIAN_POINT('Ctrl Pts',(59.334341918144,46.7884021866138,4.37210461976945));
#12042=CARTESIAN_POINT('Ctrl Pts',(59.2703397026484,46.7505932865808,2.67373063165908));
#12043=CARTESIAN_POINT('Ctrl Pts',(59.3433564598911,46.7893777193332,4.37174319497912));
#12044=CARTESIAN_POINT('Ctrl Pts',(59.2793542443955,46.7515688193002,2.67336920686874));
#12045=CARTESIAN_POINT('Ctrl Pts',(59.3478509091046,46.7898640981627,4.37156299664955));
#12046=CARTESIAN_POINT('Ctrl Pts',(59.283848693609,46.7520551981297,2.67318900853918));
#12047=CARTESIAN_POINT('',(59.2722947941722,46.7489620582418,3.));
#12048=CARTESIAN_POINT('Ctrl Pts',(59.2722947941722,46.7489620582418,3.));
#12049=CARTESIAN_POINT('Ctrl Pts',(59.2757382534587,46.7519241085076,3.));
#12050=CARTESIAN_POINT('Ctrl Pts',(59.2791817112335,46.754886157473,3.));
#12051=CARTESIAN_POINT('Ctrl Pts',(59.2831589609345,46.7566165815586,3.));
#12052=CARTESIAN_POINT('Ctrl Pts',(59.2871362784036,46.7583470351288,3.));
#12053=CARTESIAN_POINT('Ctrl Pts',(59.2916249631211,46.7588360576714,3.));
#12054=CARTESIAN_POINT('Ctrl Pts',(59.2961643718095,46.7593306063686,3.));
#12055=CARTESIAN_POINT('',(59.2600216304786,46.7417117651763,2.67431718093527));
#12056=CARTESIAN_POINT('',(59.3240238459742,46.7795206652093,4.37269116904565));
#12057=CARTESIAN_POINT('Ctrl Pts',(59.2600216304786,46.7417117651763,2.67431718093527));
#12058=CARTESIAN_POINT('Ctrl Pts',(59.263467504228,46.7446778814197,2.67412129407575));
#12059=CARTESIAN_POINT('Ctrl Pts',(59.2703397026484,46.7505932865808,2.67373063165908));
#12060=CARTESIAN_POINT('Ctrl Pts',(59.2793542443955,46.7515688193002,2.67336920686874));
#12061=CARTESIAN_POINT('Ctrl Pts',(59.283848693609,46.7520551981297,2.67318900853918));
#12062=CARTESIAN_POINT('Ctrl Pts',(59.3142763220515,46.7633815496279,4.37341778482222));
#12063=CARTESIAN_POINT('Ctrl Pts',(59.2502741065559,46.7255726495949,2.67504379671185));
#12064=CARTESIAN_POINT('Ctrl Pts',(59.3152468120803,46.7661553509377,4.37331946260959));
#12065=CARTESIAN_POINT('Ctrl Pts',(59.2512445965847,46.7283464509047,2.67494547449921));
#12066=CARTESIAN_POINT('Ctrl Pts',(59.3173628838338,46.7722033910279,4.37310507930763));
#12067=CARTESIAN_POINT('Ctrl Pts',(59.2533606683381,46.7343944909949,2.67473109119725));
#12068=CARTESIAN_POINT('Ctrl Pts',(59.3216843342671,46.7769506388001,4.37283654562687));
#12069=CARTESIAN_POINT('Ctrl Pts',(59.2576821187714,46.7391417387671,2.67446255751649));
#12070=CARTESIAN_POINT('Ctrl Pts',(59.3240238459742,46.7795206652093,4.37269116904565));
#12071=CARTESIAN_POINT('Ctrl Pts',(59.2600216304786,46.7417117651763,2.67431718093527));
#12072=CARTESIAN_POINT('',(59.2625198881653,46.732806766869,3.));
#12073=CARTESIAN_POINT('Ctrl Pts',(59.2625198881653,46.732806766869,3.));
#12074=CARTESIAN_POINT('Ctrl Pts',(59.2632291808851,46.7348279116156,3.));
#12075=CARTESIAN_POINT('Ctrl Pts',(59.2638562939762,46.7365911117311,2.99999983028966));
#12076=CARTESIAN_POINT('Ctrl Pts',(59.2646018409473,46.7382687413365,2.99999985341362));
#12077=CARTESIAN_POINT('Ctrl Pts',(59.2649930703613,46.7391490856649,2.99999986554803));
#12078=CARTESIAN_POINT('Ctrl Pts',(59.26541551002,46.7400066939426,2.99999996522238));
#12079=CARTESIAN_POINT('Ctrl Pts',(59.265906781673,46.7408613823511,2.99999999285204));
#12080=CARTESIAN_POINT('Ctrl Pts',(59.2660353325174,46.7410850283032,3.00000000008189));
#12081=CARTESIAN_POINT('Ctrl Pts',(59.2661686932345,46.7413084171868,3.));
#12082=CARTESIAN_POINT('Ctrl Pts',(59.2663071203172,46.7415321503364,3.));
#12083=CARTESIAN_POINT('Ctrl Pts',(59.267963223553,46.7442088317033,3.));
#12084=CARTESIAN_POINT('Ctrl Pts',(59.2701290088429,46.7465854449509,3.));
#12085=CARTESIAN_POINT('Ctrl Pts',(59.2722947941722,46.7489620582417,3.));
#12086=CARTESIAN_POINT('',(59.2502741065559,46.7255726495949,2.67504379671185));
#12087=CARTESIAN_POINT('',(59.3142763220515,46.7633815496279,4.37341778482222));
#12088=CARTESIAN_POINT('Ctrl Pts',(59.2502741065559,46.7255726495949,2.67504379671185));
#12089=CARTESIAN_POINT('Ctrl Pts',(59.2512445965847,46.7283464509047,2.67494547449921));
#12090=CARTESIAN_POINT('Ctrl Pts',(59.2533606683381,46.7343944909949,2.67473109119725));
#12091=CARTESIAN_POINT('Ctrl Pts',(59.2576821187714,46.7391417387671,2.67446255751649));
#12092=CARTESIAN_POINT('Ctrl Pts',(59.2600216304786,46.7417117651763,2.67431718093527));
#12093=CARTESIAN_POINT('Origin',(59.0403185021914,45.5955681931374,4.40973937612543));
#12094=CARTESIAN_POINT('',(58.9871933106994,45.5641848255649,3.));
#12095=CARTESIAN_POINT('',(58.4555851526496,43.3077773134706,3.));
#12096=CARTESIAN_POINT('',(58.9763162866958,45.5577592931045,2.71136538801506));
#12097=CARTESIAN_POINT('',(59.0403185021914,45.5955681931374,4.40973937612543));
#12098=CARTESIAN_POINT('',(58.9763162866958,45.5577592931045,2.71136538801506));
#12099=CARTESIAN_POINT('Ctrl Pts',(58.9544095097597,45.4623421554035,4.41594265989147));
#12100=CARTESIAN_POINT('Ctrl Pts',(58.8904072942641,45.4245332553705,2.71756867178109));
#12101=CARTESIAN_POINT('Ctrl Pts',(58.9730466609454,45.4830847347034,4.41477856229728));
#12102=CARTESIAN_POINT('Ctrl Pts',(58.9090444454498,45.4452758346704,2.71640457418691));
#12103=CARTESIAN_POINT('Ctrl Pts',(59.0088368231619,45.5229180906994,4.41254306818573));
#12104=CARTESIAN_POINT('Ctrl Pts',(58.9448346076662,45.4851091906664,2.71416908007535));
#12105=CARTESIAN_POINT('Ctrl Pts',(59.0301187813484,45.5720303518621,4.41064774179163));
#12106=CARTESIAN_POINT('Ctrl Pts',(58.9661165658528,45.5342214518291,2.71227375368125));
#12107=CARTESIAN_POINT('Ctrl Pts',(59.0403185021914,45.5955681931374,4.40973937612543));
#12108=CARTESIAN_POINT('Ctrl Pts',(58.9763162866958,45.5577592931045,2.71136538801506));
#12109=CARTESIAN_POINT('',(58.9010505512016,45.4308206914297,3.));
#12110=CARTESIAN_POINT('Ctrl Pts',(58.9010505512016,45.4308206914297,3.));
#12111=CARTESIAN_POINT('Ctrl Pts',(58.9189874805709,45.4507619485934,3.));
#12112=CARTESIAN_POINT('Ctrl Pts',(58.9369244099402,45.4707032057571,3.));
#12113=CARTESIAN_POINT('Ctrl Pts',(58.951375787765,45.4928699057773,3.));
#12114=CARTESIAN_POINT('Ctrl Pts',(58.9519770485959,45.4937921685977,3.));
#12115=CARTESIAN_POINT('Ctrl Pts',(58.9525704394349,45.4947154652355,2.99999999998105));
#12116=CARTESIAN_POINT('Ctrl Pts',(58.9531560341585,45.4956402241115,3.00000000833388));
#12117=CARTESIAN_POINT('Ctrl Pts',(58.9571861403415,45.5020044830668,3.00000006581867));
#12118=CARTESIAN_POINT('Ctrl Pts',(58.9608509633451,45.5084354628358,3.00000042687864));
#12119=CARTESIAN_POINT('Ctrl Pts',(58.9643149084957,45.514983062837,3.00000053637943));
#12120=CARTESIAN_POINT('Ctrl Pts',(58.9700880472206,45.5258955344492,3.00000071887747));
#12121=CARTESIAN_POINT('Ctrl Pts',(58.9753001348311,45.537133907521,3.0000002747707));
#12122=CARTESIAN_POINT('Ctrl Pts',(58.9805647865998,45.5490235079863,3.00000009202412));
#12123=CARTESIAN_POINT('Ctrl Pts',(58.9827497237545,45.5539579330825,3.00000001618059));
#12124=CARTESIAN_POINT('Ctrl Pts',(58.9849430900103,45.5590049262684,3.));
#12125=CARTESIAN_POINT('Ctrl Pts',(58.9871933106994,45.5641848255649,3.));
#12126=CARTESIAN_POINT('',(58.8904072942641,45.4245332553705,2.71756867178109));
#12127=CARTESIAN_POINT('',(58.9544095097597,45.4623421554035,4.41594265989147));
#12128=CARTESIAN_POINT('Ctrl Pts',(58.8904072942641,45.4245332553705,2.71756867178109));
#12129=CARTESIAN_POINT('Ctrl Pts',(58.9090444454498,45.4452758346704,2.71640457418691));
#12130=CARTESIAN_POINT('Ctrl Pts',(58.9448346076662,45.4851091906664,2.71416908007535));
#12131=CARTESIAN_POINT('Ctrl Pts',(58.9661165658528,45.5342214518291,2.71227375368125));
#12132=CARTESIAN_POINT('Ctrl Pts',(58.9763162866958,45.5577592931045,2.71136538801506));
#12133=CARTESIAN_POINT('Ctrl Pts',(58.6903113717909,45.3485339490036,4.42842861951251));
#12134=CARTESIAN_POINT('Ctrl Pts',(58.6263091562953,45.3107250489706,2.73005463140214));
#12135=CARTESIAN_POINT('Ctrl Pts',(58.7402690765983,45.3538253431496,4.42642819698789));
#12136=CARTESIAN_POINT('Ctrl Pts',(58.6762668611027,45.3160164431166,2.72805420887751));
#12137=CARTESIAN_POINT('Ctrl Pts',(58.8401058357933,45.3643998009875,4.42243050128411));
#12138=CARTESIAN_POINT('Ctrl Pts',(58.7761036202977,45.3265909009545,2.72405651317373));
#12139=CARTESIAN_POINT('Ctrl Pts',(58.9163283008744,45.4297118546633,4.41810413760005));
#12140=CARTESIAN_POINT('Ctrl Pts',(58.8523260853788,45.3919029546303,2.71973014948968));
#12141=CARTESIAN_POINT('Ctrl Pts',(58.9544095097597,45.4623421554035,4.41594265989147));
#12142=CARTESIAN_POINT('Ctrl Pts',(58.8904072942641,45.4245332553705,2.71756867178109));
#12143=CARTESIAN_POINT('',(58.6364818872568,45.3167345248147,3.));
#12144=CARTESIAN_POINT('Ctrl Pts',(58.6364818872568,45.3167345248147,3.));
#12145=CARTESIAN_POINT('Ctrl Pts',(58.6864730639132,45.3220659820875,3.));
#12146=CARTESIAN_POINT('Ctrl Pts',(58.7364642405696,45.3273974393604,3.));
#12147=CARTESIAN_POINT('Ctrl Pts',(58.780560479257,45.3464022766659,3.));
#12148=CARTESIAN_POINT('Ctrl Pts',(58.7805974498456,45.3464182104517,3.));
#12149=CARTESIAN_POINT('Ctrl Pts',(58.7806344162386,45.3464341538265,3.));
#12150=CARTESIAN_POINT('Ctrl Pts',(58.7806713784328,45.3464501067984,2.9999999999999));
#12151=CARTESIAN_POINT('Ctrl Pts',(58.8068131661603,45.3577329652374,2.99999999993193));
#12152=CARTESIAN_POINT('Ctrl Pts',(58.830856840982,45.3738112804924,2.99999998254113));
#12153=CARTESIAN_POINT('Ctrl Pts',(58.8540763649243,45.3918568370386,2.99999999026205));
#12154=CARTESIAN_POINT('Ctrl Pts',(58.8699860671874,45.4042214071536,2.99999999555232));
#12155=CARTESIAN_POINT('Ctrl Pts',(58.8855079391588,45.4175116623181,3.));
#12156=CARTESIAN_POINT('Ctrl Pts',(58.9010505512016,45.4308206914297,3.));
#12157=CARTESIAN_POINT('',(58.6263091562953,45.3107250489706,2.73005463140214));
#12158=CARTESIAN_POINT('',(58.6903113717909,45.3485339490036,4.42842861951251));
#12159=CARTESIAN_POINT('Ctrl Pts',(58.6263091562953,45.3107250489706,2.73005463140214));
#12160=CARTESIAN_POINT('Ctrl Pts',(58.6762668611027,45.3160164431166,2.72805420887751));
#12161=CARTESIAN_POINT('Ctrl Pts',(58.7761036202977,45.3265909009545,2.72405651317373));
#12162=CARTESIAN_POINT('Ctrl Pts',(58.8523260853788,45.3919029546303,2.71973014948968));
#12163=CARTESIAN_POINT('Ctrl Pts',(58.8904072942641,45.4245332553705,2.71756867178109));
#12164=CARTESIAN_POINT('Origin',(58.5044651322349,45.3458440502936,4.4354920067691));
#12165=CARTESIAN_POINT('',(58.4503694681452,45.3138873822322,3.));
#12166=CARTESIAN_POINT('',(59.3352541625953,45.3274243235396,3.));
#12167=CARTESIAN_POINT('',(58.4404629167393,45.3080351502606,2.73711801865873));
#12168=CARTESIAN_POINT('',(58.5044651322349,45.3458440502936,4.4354920067691));
#12169=CARTESIAN_POINT('',(58.4404629167393,45.3080351502606,2.73711801865873));
#12170=CARTESIAN_POINT('Origin',(58.5081965230256,45.1019299692093,4.44078136346778));
#12171=CARTESIAN_POINT('',(58.4539015326688,45.0698555504287,3.));
#12172=CARTESIAN_POINT('',(58.4872034489813,42.7690120674828,3.));
#12173=CARTESIAN_POINT('',(58.44419430753,45.0641210691763,2.7424073753574));
#12174=CARTESIAN_POINT('',(58.5081965230256,45.1019299692093,4.44078136346778));
#12175=CARTESIAN_POINT('',(58.44419430753,45.0641210691763,2.7424073753574));
#12176=CARTESIAN_POINT('Origin',(58.6940427625816,45.1046198679193,4.43371797621119));
#12177=CARTESIAN_POINT('',(58.6400139517803,45.0727026930111,3.));
#12178=CARTESIAN_POINT('',(59.4319092561174,45.0848170852293,3.));
#12179=CARTESIAN_POINT('',(58.630040547086,45.0668109678863,2.73534398810081));
#12180=CARTESIAN_POINT('',(58.6940427625816,45.1046198679193,4.43371797621119));
#12181=CARTESIAN_POINT('',(58.630040547086,45.0668109678863,2.73534398810081));
#12182=CARTESIAN_POINT('Ctrl Pts',(59.1308963776309,45.2929191226868,4.41306352250677));
#12183=CARTESIAN_POINT('Ctrl Pts',(59.0668941621353,45.2551102226538,2.71468953439639));
#12184=CARTESIAN_POINT('Ctrl Pts',(59.0678988817677,45.2389309251291,4.41663942140351));
#12185=CARTESIAN_POINT('Ctrl Pts',(59.0038966662721,45.2011220250961,2.71826543329313));
#12186=CARTESIAN_POINT('Ctrl Pts',(58.9418195496708,45.1308822511948,4.42379600657202));
#12187=CARTESIAN_POINT('Ctrl Pts',(58.8778173341752,45.0930733511618,2.72542201846164));
#12188=CARTESIAN_POINT('Ctrl Pts',(58.7766718499552,45.1133778988382,4.43040917837801));
#12189=CARTESIAN_POINT('Ctrl Pts',(58.7126696344596,45.0755689988052,2.73203519026763));
#12190=CARTESIAN_POINT('Ctrl Pts',(58.6940427625816,45.1046198679193,4.43371797621119));
#12191=CARTESIAN_POINT('Ctrl Pts',(58.630040547086,45.0668109678863,2.73534398810081));
#12192=CARTESIAN_POINT('',(59.0776459176559,45.261461753558,3.));
#12193=CARTESIAN_POINT('Ctrl Pts',(59.0776459176559,45.261461753558,3.));
#12194=CARTESIAN_POINT('Ctrl Pts',(59.0291554651658,45.2199334982046,3.));
#12195=CARTESIAN_POINT('Ctrl Pts',(58.9807391834309,45.1784738601297,2.99999997766865));
#12196=CARTESIAN_POINT('Ctrl Pts',(58.9279100051486,45.1472119754898,2.99999998983044));
#12197=CARTESIAN_POINT('Ctrl Pts',(58.9118879878354,45.1377308805111,2.99999999351886));
#12198=CARTESIAN_POINT('Ctrl Pts',(58.8954600500836,45.1291878264185,2.99999999998353));
#12199=CARTESIAN_POINT('Ctrl Pts',(58.8785002469457,45.1218671689598,2.99999999999996));
#12200=CARTESIAN_POINT('Ctrl Pts',(58.8784629714406,45.1218510790794,3.));
#12201=CARTESIAN_POINT('Ctrl Pts',(58.8784256933658,45.1218349951047,3.));
#12202=CARTESIAN_POINT('Ctrl Pts',(58.8783884127228,45.1218189170329,3.));
#12203=CARTESIAN_POINT('Ctrl Pts',(58.8054369700047,45.0903570526208,3.));
#12204=CARTESIAN_POINT('Ctrl Pts',(58.7227254608926,45.081529872816,3.));
#12205=CARTESIAN_POINT('Ctrl Pts',(58.6400139517803,45.0727026930111,3.));
#12206=CARTESIAN_POINT('',(59.0668941621353,45.2551102226538,2.71468953439639));
#12207=CARTESIAN_POINT('',(59.1308963776309,45.2929191226868,4.41306352250677));
#12208=CARTESIAN_POINT('Ctrl Pts',(59.0668941621353,45.2551102226538,2.71468953439639));
#12209=CARTESIAN_POINT('Ctrl Pts',(59.0038966662721,45.2011220250961,2.71826543329313));
#12210=CARTESIAN_POINT('Ctrl Pts',(58.8778173341752,45.0930733511618,2.72542201846164));
#12211=CARTESIAN_POINT('Ctrl Pts',(58.7126696344596,45.0755689988052,2.73203519026763));
#12212=CARTESIAN_POINT('Ctrl Pts',(58.630040547086,45.0668109678863,2.73534398810081));
#12213=CARTESIAN_POINT('Ctrl Pts',(59.2939556061885,45.6092381454393,4.39987689438407));
#12214=CARTESIAN_POINT('Ctrl Pts',(59.2299533906929,45.5714292454063,2.70150290627369));
#12215=CARTESIAN_POINT('Ctrl Pts',(59.2791600720301,45.5507496453319,4.4017365159052));
#12216=CARTESIAN_POINT('Ctrl Pts',(59.2151578565345,45.5129407452989,2.70336252779482));
#12217=CARTESIAN_POINT('Ctrl Pts',(59.2492980929873,45.4327017029087,4.40548980918255));
#12218=CARTESIAN_POINT('Ctrl Pts',(59.1852958774917,45.3948928028757,2.70711582107217));
#12219=CARTESIAN_POINT('Ctrl Pts',(59.1706015967929,45.3397942711257,4.41052372866592));
#12220=CARTESIAN_POINT('Ctrl Pts',(59.1065993812973,45.3019853710927,2.71214974055554));
#12221=CARTESIAN_POINT('Ctrl Pts',(59.1308963776309,45.2929191226868,4.41306352250677));
#12222=CARTESIAN_POINT('Ctrl Pts',(59.0668941621353,45.2551102226538,2.71468953439639));
#12223=CARTESIAN_POINT('',(59.241202076466,45.5780743346834,3.));
#12224=CARTESIAN_POINT('Ctrl Pts',(59.241202076466,45.5780743346834,3.));
#12225=CARTESIAN_POINT('Ctrl Pts',(59.2356350176877,45.5561553335245,3.));
#12226=CARTESIAN_POINT('Ctrl Pts',(59.2301323220731,45.5345113817489,3.00000012743156));
#12227=CARTESIAN_POINT('Ctrl Pts',(59.2240592880225,45.5132991520965,3.00000032813775));
#12228=CARTESIAN_POINT('Ctrl Pts',(59.2184506330385,45.4937089313651,3.00000051349679));
#12229=CARTESIAN_POINT('Ctrl Pts',(59.2123598582401,45.47448470365,3.00000064778577));
#12230=CARTESIAN_POINT('Ctrl Pts',(59.2052940489473,45.4557462564831,3.00000050379085));
#12231=CARTESIAN_POINT('Ctrl Pts',(59.1992282730853,45.4396598867824,3.00000038017572));
#12232=CARTESIAN_POINT('Ctrl Pts',(59.192445343532,45.4239307930641,3.00000001434217));
#12233=CARTESIAN_POINT('Ctrl Pts',(59.1846052724216,45.40864924653,3.00000000043397));
#12234=CARTESIAN_POINT('Ctrl Pts',(59.1843606238324,45.4081723874878,2.99999999999996));
#12235=CARTESIAN_POINT('Ctrl Pts',(59.1841149423727,45.407695966036,3.));
#12236=CARTESIAN_POINT('Ctrl Pts',(59.1838682349531,45.4072199760416,3.));
#12237=CARTESIAN_POINT('Ctrl Pts',(59.1565358145366,45.3544856129507,3.));
#12238=CARTESIAN_POINT('Ctrl Pts',(59.1170908660963,45.3079736832544,3.));
#12239=CARTESIAN_POINT('Ctrl Pts',(59.0776459176559,45.261461753558,3.));
#12240=CARTESIAN_POINT('',(59.2299533906929,45.5714292454063,2.70150290627369));
#12241=CARTESIAN_POINT('',(59.2939556061885,45.6092381454393,4.39987689438407));
#12242=CARTESIAN_POINT('Ctrl Pts',(59.2299533906929,45.5714292454063,2.70150290627369));
#12243=CARTESIAN_POINT('Ctrl Pts',(59.2151578565345,45.5129407452989,2.70336252779482));
#12244=CARTESIAN_POINT('Ctrl Pts',(59.1852958774917,45.3948928028757,2.70711582107217));
#12245=CARTESIAN_POINT('Ctrl Pts',(59.1065993812973,45.3019853710927,2.71214974055554));
#12246=CARTESIAN_POINT('Ctrl Pts',(59.0668941621353,45.2551102226538,2.71468953439639));
#12247=CARTESIAN_POINT('Origin',(59.3616754100922,45.8861821618558,4.39115963527751));
#12248=CARTESIAN_POINT('',(58.7162939642012,43.4402985614342,3.));
#12249=CARTESIAN_POINT('',(59.2976731945966,45.8483732618228,2.69278564716714));
#12250=CARTESIAN_POINT('Origin',(60.2148172249117,44.8199750240116,2.68111763774167));
#12251=CARTESIAN_POINT('Ctrl Pts',(57.1003208110757,46.7173391208434,4.45787437230093));
#12252=CARTESIAN_POINT('Ctrl Pts',(57.0363185955801,46.6795302208104,2.75950038419055));
#12253=CARTESIAN_POINT('Ctrl Pts',(57.1142810975446,46.7292061206188,4.45708410615192));
#12254=CARTESIAN_POINT('Ctrl Pts',(57.050278882049,46.6913972205858,2.75871011804154));
#12255=CARTESIAN_POINT('Ctrl Pts',(57.1423989459983,46.7531078150454,4.45549240644966));
#12256=CARTESIAN_POINT('Ctrl Pts',(57.0783967305027,46.7152989150124,2.75711841833928));
#12257=CARTESIAN_POINT('Ctrl Pts',(57.1791326285096,46.756855331869,4.45402469287747));
#12258=CARTESIAN_POINT('Ctrl Pts',(57.115130413014,46.719046431836,2.7556507047671));
#12259=CARTESIAN_POINT('Ctrl Pts',(57.197628331975,46.7587422366159,4.45328568733413));
#12260=CARTESIAN_POINT('Ctrl Pts',(57.1336261164793,46.7209333365829,2.75491169922376));
#12261=CARTESIAN_POINT('',(57.0453816808283,46.6848841805364,3.));
#12262=CARTESIAN_POINT('',(57.1428621235965,46.7263894487986,3.));
#12263=CARTESIAN_POINT('Ctrl Pts',(57.0453816808283,46.6848841805364,3.));
#12264=CARTESIAN_POINT('Ctrl Pts',(57.0537500401138,46.6919931199761,3.));
#12265=CARTESIAN_POINT('Ctrl Pts',(57.0619898253255,46.6989836649704,3.00000004138606));
#12266=CARTESIAN_POINT('Ctrl Pts',(57.0706477340012,46.7049460624603,3.00000004337577));
#12267=CARTESIAN_POINT('Ctrl Pts',(57.0766598595459,46.7090864020734,3.00000004475745));
#12268=CARTESIAN_POINT('Ctrl Pts',(57.082871801682,46.7127351853121,3.00000000118339));
#12269=CARTESIAN_POINT('Ctrl Pts',(57.0894745707055,46.7155691864482,3.00000000002003));
#12270=CARTESIAN_POINT('Ctrl Pts',(57.0895882794945,46.7156179918564,3.));
#12271=CARTESIAN_POINT('Ctrl Pts',(57.0897021047116,46.7156665544076,3.));
#12272=CARTESIAN_POINT('Ctrl Pts',(57.089816045909,46.7157148757805,3.));
#12273=CARTESIAN_POINT('Ctrl Pts',(57.1060728440113,46.7226092284896,3.));
#12274=CARTESIAN_POINT('Ctrl Pts',(57.1244674838039,46.7244993386441,3.));
#12275=CARTESIAN_POINT('Ctrl Pts',(57.1428621235965,46.7263894487986,3.));
#12276=CARTESIAN_POINT('',(57.0363185955801,46.6795302208104,2.75950038419055));
#12277=CARTESIAN_POINT('',(57.1003208110757,46.7173391208434,4.45787437230093));
#12278=CARTESIAN_POINT('',(57.1336261164793,46.7209333365829,2.75491169922376));
#12279=CARTESIAN_POINT('Ctrl Pts',(57.0363185955801,46.6795302208104,2.75950038419055));
#12280=CARTESIAN_POINT('Ctrl Pts',(57.050278882049,46.6913972205858,2.75871011804154));
#12281=CARTESIAN_POINT('Ctrl Pts',(57.0783967305027,46.7152989150124,2.75711841833928));
#12282=CARTESIAN_POINT('Ctrl Pts',(57.115130413014,46.719046431836,2.7556507047671));
#12283=CARTESIAN_POINT('Ctrl Pts',(57.1336261164793,46.7209333365829,2.75491169922376));
#12284=CARTESIAN_POINT('',(57.197628331975,46.7587422366159,4.45328568733413));
#12285=CARTESIAN_POINT('Ctrl Pts',(57.197628331975,46.7587422366159,4.45328568733413));
#12286=CARTESIAN_POINT('Ctrl Pts',(57.1336261164793,46.7209333365829,2.75491169922376));
#12287=CARTESIAN_POINT('Ctrl Pts',(57.2168193171027,46.7574174313174,4.45259197903262));
#12288=CARTESIAN_POINT('Ctrl Pts',(57.1528171016071,46.7196085312844,2.75421799092225));
#12289=CARTESIAN_POINT('Ctrl Pts',(57.254841971672,46.7547926252482,4.45121755083393));
#12290=CARTESIAN_POINT('Ctrl Pts',(57.1908397561764,46.7169837252152,2.75284356272355));
#12291=CARTESIAN_POINT('Ctrl Pts',(57.2851464006234,46.7316790565545,4.45059009657972));
#12292=CARTESIAN_POINT('Ctrl Pts',(57.2211441851278,46.6938701565215,2.75221610846935));
#12293=CARTESIAN_POINT('Ctrl Pts',(57.3001554260345,46.7202314843062,4.45027933418718));
#12294=CARTESIAN_POINT('Ctrl Pts',(57.2361532105389,46.6824225842732,2.7519053460768));
#12295=CARTESIAN_POINT('',(57.2455025102896,46.6879456233886,3.));
#12296=CARTESIAN_POINT('Ctrl Pts',(57.1428621235965,46.7263894487986,3.));
#12297=CARTESIAN_POINT('Ctrl Pts',(57.1618992432872,46.7250923515461,3.));
#12298=CARTESIAN_POINT('Ctrl Pts',(57.1809363629781,46.7237952542936,3.));
#12299=CARTESIAN_POINT('Ctrl Pts',(57.1980550502122,46.7174198837322,3.));
#12300=CARTESIAN_POINT('Ctrl Pts',(57.1982169455858,46.7173595903824,3.));
#12301=CARTESIAN_POINT('Ctrl Pts',(57.1983786412285,46.7172988533194,2.99999999999997));
#12302=CARTESIAN_POINT('Ctrl Pts',(57.1985401364967,46.7172376684293,3.00000000028997));
#12303=CARTESIAN_POINT('Ctrl Pts',(57.2054671328116,46.7146132725956,3.00000001272862));
#12304=CARTESIAN_POINT('Ctrl Pts',(57.2120275410017,46.7111704349926,3.00000035931393));
#12305=CARTESIAN_POINT('Ctrl Pts',(57.2184142216522,46.707231285747,3.00000034810468));
#12306=CARTESIAN_POINT('Ctrl Pts',(57.2268346473817,46.7020377720151,3.00000033332601));
#12307=CARTESIAN_POINT('Ctrl Pts',(57.2349498145189,46.6959728455003,3.00000001335619));
#12308=CARTESIAN_POINT('Ctrl Pts',(57.2431790015269,46.6897144533217,3.00000000118643));
#12309=CARTESIAN_POINT('Ctrl Pts',(57.2439523593439,46.6891263057309,3.00000000004274));
#12310=CARTESIAN_POINT('Ctrl Pts',(57.2447267408694,46.6885364938642,3.));
#12311=CARTESIAN_POINT('Ctrl Pts',(57.2455025102896,46.6879456233886,3.));
#12312=CARTESIAN_POINT('',(57.2361532105389,46.6824225842732,2.7519053460768));
#12313=CARTESIAN_POINT('Ctrl Pts',(57.1336261164793,46.7209333365829,2.75491169922376));
#12314=CARTESIAN_POINT('Ctrl Pts',(57.152817101607,46.7196085312844,2.75421799092225));
#12315=CARTESIAN_POINT('Ctrl Pts',(57.1908397561764,46.7169837252152,2.75284356272355));
#12316=CARTESIAN_POINT('Ctrl Pts',(57.2211441851278,46.6938701565215,2.75221610846935));
#12317=CARTESIAN_POINT('Ctrl Pts',(57.2361532105389,46.6824225842732,2.7519053460768));
#12318=CARTESIAN_POINT('',(57.3001554260345,46.7202314843062,4.45027933418718));
#12319=CARTESIAN_POINT('Ctrl Pts',(57.3001554260345,46.7202314843062,4.45027933418718));
#12320=CARTESIAN_POINT('Ctrl Pts',(57.2361532105389,46.6824225842732,2.7519053460768));
#12321=CARTESIAN_POINT('Ctrl Pts',(57.3093700546234,46.7094991405938,4.45017100790839));
#12322=CARTESIAN_POINT('Ctrl Pts',(57.2453678391278,46.6716902405608,2.75179701979801));
#12323=CARTESIAN_POINT('Ctrl Pts',(57.3274517194712,46.6884392964378,4.44995844161249));
#12324=CARTESIAN_POINT('Ctrl Pts',(57.2634495039756,46.6506303964048,2.75158445350212));
#12325=CARTESIAN_POINT('Ctrl Pts',(57.3353514940244,46.6618469349521,4.45025273772585));
#12326=CARTESIAN_POINT('Ctrl Pts',(57.2713492785288,46.6240380349191,2.75187874961548));
#12327=CARTESIAN_POINT('Ctrl Pts',(57.339225450764,46.6488063529323,4.45039705708637));
#12328=CARTESIAN_POINT('Ctrl Pts',(57.2752232352684,46.6109974528993,2.752023068976));
#12329=CARTESIAN_POINT('',(57.2845680987016,46.6165178712884,3.));
#12330=CARTESIAN_POINT('Ctrl Pts',(57.2455025102896,46.6879456233886,3.));
#12331=CARTESIAN_POINT('Ctrl Pts',(57.2545473465714,46.6774180689494,3.));
#12332=CARTESIAN_POINT('Ctrl Pts',(57.263592182853,46.6668905145105,3.));
#12333=CARTESIAN_POINT('Ctrl Pts',(57.2701348724489,46.6550031506977,3.));
#12334=CARTESIAN_POINT('Ctrl Pts',(57.2702607329105,46.6547744757659,3.));
#12335=CARTESIAN_POINT('Ctrl Pts',(57.2703855795302,46.6545454573846,2.99999999999947));
#12336=CARTESIAN_POINT('Ctrl Pts',(57.270509403329,46.6543160789429,3.00000000151404));
#12337=CARTESIAN_POINT('Ctrl Pts',(57.2731071791564,46.6495038071742,3.00000003328925));
#12338=CARTESIAN_POINT('Ctrl Pts',(57.2752599218178,46.6445358582761,3.00000047528034));
#12339=CARTESIAN_POINT('Ctrl Pts',(57.2771833741858,46.6394211261939,3.00000045577138));
#12340=CARTESIAN_POINT('Ctrl Pts',(57.2796950005923,46.6327423560962,3.00000043029676));
#12341=CARTESIAN_POINT('Ctrl Pts',(57.2818076266434,46.6258089389114,3.00000001815358));
#12342=CARTESIAN_POINT('Ctrl Pts',(57.2839468983049,46.6186109527955,3.0000000016552));
#12343=CARTESIAN_POINT('Ctrl Pts',(57.2841535307112,46.6179156987901,3.00000000006162));
#12344=CARTESIAN_POINT('Ctrl Pts',(57.284360455087,46.61721800002,3.));
#12345=CARTESIAN_POINT('Ctrl Pts',(57.2845680987016,46.6165178712884,3.));
#12346=CARTESIAN_POINT('',(57.2752232352684,46.6109974528993,2.752023068976));
#12347=CARTESIAN_POINT('Ctrl Pts',(57.2361532105389,46.6824225842732,2.7519053460768));
#12348=CARTESIAN_POINT('Ctrl Pts',(57.2453678391278,46.6716902405608,2.75179701979801));
#12349=CARTESIAN_POINT('Ctrl Pts',(57.2634495039756,46.6506303964048,2.75158445350212));
#12350=CARTESIAN_POINT('Ctrl Pts',(57.2713492785288,46.6240380349191,2.75187874961548));
#12351=CARTESIAN_POINT('Ctrl Pts',(57.2752232352684,46.6109974528993,2.752023068976));
#12352=CARTESIAN_POINT('',(57.339225450764,46.6488063529323,4.45039705708637));
#12353=CARTESIAN_POINT('Origin',(57.339225450764,46.6488063529323,4.45039705708637));
#12354=CARTESIAN_POINT('',(57.6563304597173,45.5478267989415,3.));
#12355=CARTESIAN_POINT('',(58.3969922556337,43.4186745986983,3.));
#12356=CARTESIAN_POINT('',(57.6473534965029,45.5425237152568,2.76178573354723));
#12357=CARTESIAN_POINT('',(57.2752232352684,46.6109974528993,2.752023068976));
#12358=CARTESIAN_POINT('',(57.7113557119985,45.5803326152898,4.46015972165761));
#12359=CARTESIAN_POINT('Ctrl Pts',(57.7113557119985,45.5803326152898,4.46015972165761));
#12360=CARTESIAN_POINT('Ctrl Pts',(57.6473534965029,45.5425237152568,2.76178573354723));
#12361=CARTESIAN_POINT('Ctrl Pts',(57.7231739896803,45.5527939045191,4.46032741876648));
#12362=CARTESIAN_POINT('Ctrl Pts',(57.6591717741847,45.5149850044861,2.76195343065611));
#12363=CARTESIAN_POINT('Ctrl Pts',(57.7452841627728,45.5012732279637,4.46064115416889));
#12364=CARTESIAN_POINT('Ctrl Pts',(57.6812819472772,45.4634643279307,2.76226716605852));
#12365=CARTESIAN_POINT('Ctrl Pts',(57.7822494861282,45.4592072573261,4.46018460306881));
#12366=CARTESIAN_POINT('Ctrl Pts',(57.7182472706325,45.4213983572931,2.76181061495843));
#12367=CARTESIAN_POINT('Ctrl Pts',(57.799456191847,45.4396262903052,4.45997208658818));
#12368=CARTESIAN_POINT('Ctrl Pts',(57.7354539763514,45.4018173902722,2.7615980984778));
#12369=CARTESIAN_POINT('',(57.7444380104821,45.4071246510554,3.));
#12370=CARTESIAN_POINT('Ctrl Pts',(57.6563304597173,45.5478267989415,3.));
#12371=CARTESIAN_POINT('Ctrl Pts',(57.6673796312112,45.5220629768649,3.));
#12372=CARTESIAN_POINT('Ctrl Pts',(57.6784288027053,45.4962991547878,3.));
#12373=CARTESIAN_POINT('Ctrl Pts',(57.6929587207336,45.4727503776073,3.));
#12374=CARTESIAN_POINT('Ctrl Pts',(57.6939692375641,45.4711126233108,3.));
#12375=CARTESIAN_POINT('Ctrl Pts',(57.6949886378775,45.4694984490887,3.00000000050723));
#12376=CARTESIAN_POINT('Ctrl Pts',(57.6960188768575,45.4679056603898,2.99999993272804));
#12377=CARTESIAN_POINT('Ctrl Pts',(57.6998362636084,45.4620038350903,2.99999968158304));
#12378=CARTESIAN_POINT('Ctrl Pts',(57.7037986106807,45.4563931732564,2.99999869251601));
#12379=CARTESIAN_POINT('Ctrl Pts',(57.7079117542741,45.4509024409719,2.99999832078125));
#12380=CARTESIAN_POINT('Ctrl Pts',(57.7136938133219,45.4431838341291,2.99999779821444));
#12381=CARTESIAN_POINT('Ctrl Pts',(57.7197754675191,45.4357032432289,2.99999841259611));
#12382=CARTESIAN_POINT('Ctrl Pts',(57.7262662045682,45.4280443531111,2.99999909216585));
#12383=CARTESIAN_POINT('Ctrl Pts',(57.7315214715064,45.4218432835384,2.99999964238385));
#12384=CARTESIAN_POINT('Ctrl Pts',(57.7370496926984,45.4155283750267,2.99999998734046));
#12385=CARTESIAN_POINT('Ctrl Pts',(57.7429004797801,45.4088732517558,2.99999999896609));
#12386=CARTESIAN_POINT('Ctrl Pts',(57.7434105638275,45.4082930439706,2.99999999997963));
#12387=CARTESIAN_POINT('Ctrl Pts',(57.7439230699024,45.4077102314003,3.));
#12388=CARTESIAN_POINT('Ctrl Pts',(57.7444380104821,45.4071246510554,3.));
#12389=CARTESIAN_POINT('',(57.7354539763514,45.4018173902722,2.7615980984778));
#12390=CARTESIAN_POINT('Ctrl Pts',(57.6473534965029,45.5425237152568,2.76178573354723));
#12391=CARTESIAN_POINT('Ctrl Pts',(57.6591717741847,45.5149850044861,2.76195343065611));
#12392=CARTESIAN_POINT('Ctrl Pts',(57.6812819472772,45.4634643279307,2.76226716605852));
#12393=CARTESIAN_POINT('Ctrl Pts',(57.7182472706325,45.4213983572931,2.76181061495843));
#12394=CARTESIAN_POINT('Ctrl Pts',(57.7354539763514,45.4018173902722,2.7615980984778));
#12395=CARTESIAN_POINT('',(57.799456191847,45.4396262903052,4.45997208658818));
#12396=CARTESIAN_POINT('Ctrl Pts',(57.799456191847,45.4396262903052,4.45997208658818));
#12397=CARTESIAN_POINT('Ctrl Pts',(57.7354539763514,45.4018173902722,2.7615980984778));
#12398=CARTESIAN_POINT('Ctrl Pts',(57.835739123034,45.4098220074082,4.45926828351747));
#12399=CARTESIAN_POINT('Ctrl Pts',(57.7717369075384,45.3720131073752,2.7608942954071));
#12400=CARTESIAN_POINT('Ctrl Pts',(57.9083512779101,45.3501754150604,4.45785977941099));
#12401=CARTESIAN_POINT('Ctrl Pts',(57.8443490624144,45.3123665150274,2.75948579130062));
#12402=CARTESIAN_POINT('Ctrl Pts',(58.00199172984,45.3428929897688,4.45449311462826));
#12403=CARTESIAN_POINT('Ctrl Pts',(57.9379895143444,45.3050840897358,2.75611912651789));
#12404=CARTESIAN_POINT('Ctrl Pts',(58.048841805152,45.3392494557369,4.45280870906026));
#12405=CARTESIAN_POINT('Ctrl Pts',(57.9848395896563,45.3014405557039,2.75443472094988));
#12406=CARTESIAN_POINT('',(57.9940935714166,45.3069072863251,3.));
#12407=CARTESIAN_POINT('Ctrl Pts',(57.7444380104821,45.4071246510554,3.));
#12408=CARTESIAN_POINT('Ctrl Pts',(57.7748923932228,45.3821395909235,3.));
#12409=CARTESIAN_POINT('Ctrl Pts',(57.805283953897,45.3572095591775,2.99999990187322));
#12410=CARTESIAN_POINT('Ctrl Pts',(57.8387872750082,45.3399536208672,2.9999999714273));
#12411=CARTESIAN_POINT('Ctrl Pts',(57.8452786110426,45.3366102480181,2.99999998490355));
#12412=CARTESIAN_POINT('Ctrl Pts',(57.8518868129502,45.3335550861193,2.9999999999373));
#12413=CARTESIAN_POINT('Ctrl Pts',(57.8586351690657,45.3308440455402,2.99999999999976));
#12414=CARTESIAN_POINT('Ctrl Pts',(57.858661334609,45.3308335339654,3.));
#12415=CARTESIAN_POINT('Ctrl Pts',(57.8586875022596,45.3308230275645,3.));
#12416=CARTESIAN_POINT('Ctrl Pts',(57.8587136720161,45.3308125263342,3.));
#12417=CARTESIAN_POINT('Ctrl Pts',(57.9003254401364,45.3141148256759,3.));
#12418=CARTESIAN_POINT('Ctrl Pts',(57.9472095057765,45.3105110560005,3.));
#12419=CARTESIAN_POINT('Ctrl Pts',(57.9940935714166,45.3069072863251,3.));
#12420=CARTESIAN_POINT('',(57.9848395896563,45.3014405557039,2.75443472094988));
#12421=CARTESIAN_POINT('Ctrl Pts',(57.7354539763514,45.4018173902722,2.7615980984778));
#12422=CARTESIAN_POINT('Ctrl Pts',(57.7717369075384,45.3720131073752,2.7608942954071));
#12423=CARTESIAN_POINT('Ctrl Pts',(57.8443490624144,45.3123665150274,2.75948579130062));
#12424=CARTESIAN_POINT('Ctrl Pts',(57.9379895143444,45.3050840897358,2.75611912651789));
#12425=CARTESIAN_POINT('Ctrl Pts',(57.9848395896563,45.3014405557039,2.75443472094988));
#12426=CARTESIAN_POINT('',(58.048841805152,45.3392494557369,4.45280870906026));
#12427=CARTESIAN_POINT('Origin',(58.048841805152,45.3392494557369,4.45280870906026));
#12428=CARTESIAN_POINT('',(58.3503090534145,45.3123566608062,3.));
#12429=CARTESIAN_POINT('',(59.1074453707164,45.3239393110128,3.));
#12430=CARTESIAN_POINT('',(58.3405456092599,45.3065889685292,2.7409155377156));
#12431=CARTESIAN_POINT('',(57.9848395896563,45.3014405557039,2.75443472094988));
#12432=CARTESIAN_POINT('',(58.4045478247555,45.3443978685622,4.43928952582598));
#12433=CARTESIAN_POINT('Origin',(58.4045478247555,45.3443978685622,4.43928952582598));
#12434=CARTESIAN_POINT('',(58.3538411179381,45.0683248290026,3.));
#12435=CARTESIAN_POINT('',(58.3853766397058,42.8895222922491,3.));
#12436=CARTESIAN_POINT('',(58.3442770000505,45.0626748874449,2.74620489441428));
#12437=CARTESIAN_POINT('',(58.3405456092599,45.3065889685292,2.7409155377156));
#12438=CARTESIAN_POINT('',(58.4082792155462,45.1004837874779,4.44457888252466));
#12439=CARTESIAN_POINT('Origin',(58.4082792155462,45.1004837874779,4.44457888252466));
#12440=CARTESIAN_POINT('',(57.9976256359401,45.0628754545216,3.));
#12441=CARTESIAN_POINT('',(59.289029283685,45.0826313114071,3.));
#12442=CARTESIAN_POINT('',(57.988570980447,45.0575264746196,2.75972407764856));
#12443=CARTESIAN_POINT('',(58.3442770000505,45.0626748874449,2.74620489441428));
#12444=CARTESIAN_POINT('',(58.0525731959427,45.0953353746526,4.45809806575894));
#12445=CARTESIAN_POINT('Ctrl Pts',(58.0525731959427,45.0953353746526,4.45809806575894));
#12446=CARTESIAN_POINT('Ctrl Pts',(57.988570980447,45.0575264746196,2.75972407764856));
#12447=CARTESIAN_POINT('Ctrl Pts',(57.9734763493963,45.1015726981884,4.4609399292763));
#12448=CARTESIAN_POINT('Ctrl Pts',(57.9094741339007,45.0637637981554,2.76256594116592));
#12449=CARTESIAN_POINT('Ctrl Pts',(57.815013425356,45.1140685759487,4.46663332948563));
#12450=CARTESIAN_POINT('Ctrl Pts',(57.7510112098604,45.0762596759157,2.76825934137525));
#12451=CARTESIAN_POINT('Ctrl Pts',(57.6918933039471,45.2147654709328,4.46903134178132));
#12452=CARTESIAN_POINT('Ctrl Pts',(57.6278910884515,45.1769565708998,2.77065735367094));
#12453=CARTESIAN_POINT('Ctrl Pts',(57.6302286517518,45.2651994612123,4.47023238505907));
#12454=CARTESIAN_POINT('Ctrl Pts',(57.5662264362562,45.2273905611793,2.77185839694869));
#12455=CARTESIAN_POINT('',(57.57482381713,45.2324694090206,3.));
#12456=CARTESIAN_POINT('Ctrl Pts',(57.9976256359401,45.0628754545216,3.));
#12457=CARTESIAN_POINT('Ctrl Pts',(57.9512805370317,45.0664881201155,3.));
#12458=CARTESIAN_POINT('Ctrl Pts',(57.9051096041209,45.0700941798186,2.99999974745151));
#12459=CARTESIAN_POINT('Ctrl Pts',(57.8607112705832,45.0780567173958,2.99999972898144));
#12460=CARTESIAN_POINT('Ctrl Pts',(57.828991099912,45.0837455131411,2.99999971578558));
#12461=CARTESIAN_POINT('Ctrl Pts',(57.7981738307201,45.091653278048,2.99999999825322));
#12462=CARTESIAN_POINT('Ctrl Pts',(57.7688504574407,45.1033912985278,2.99999999999329));
#12463=CARTESIAN_POINT('Ctrl Pts',(57.768737338653,45.103436579493,3.));
#12464=CARTESIAN_POINT('Ctrl Pts',(57.7686242421237,45.1034819175254,3.));
#12465=CARTESIAN_POINT('Ctrl Pts',(57.7685111678143,45.1035273125368,3.));
#12466=CARTESIAN_POINT('Ctrl Pts',(57.6980459114951,45.131816418474,3.));
#12467=CARTESIAN_POINT('Ctrl Pts',(57.6364348643126,45.1821429137472,3.));
#12468=CARTESIAN_POINT('Ctrl Pts',(57.57482381713,45.2324694090206,3.));
#12469=CARTESIAN_POINT('',(57.5662264362562,45.2273905611793,2.77185839694869));
#12470=CARTESIAN_POINT('Ctrl Pts',(57.988570980447,45.0575264746196,2.75972407764856));
#12471=CARTESIAN_POINT('Ctrl Pts',(57.9094741339007,45.0637637981554,2.76256594116592));
#12472=CARTESIAN_POINT('Ctrl Pts',(57.7510112098604,45.0762596759157,2.76825934137525));
#12473=CARTESIAN_POINT('Ctrl Pts',(57.6278910884515,45.1769565708998,2.77065735367094));
#12474=CARTESIAN_POINT('Ctrl Pts',(57.5662264362562,45.2273905611793,2.7718583969487));
#12475=CARTESIAN_POINT('',(57.6302286517518,45.2651994612123,4.47023238505907));
#12476=CARTESIAN_POINT('Ctrl Pts',(57.6302286517518,45.2651994612123,4.47023238505907));
#12477=CARTESIAN_POINT('Ctrl Pts',(57.5662264362562,45.2273905611793,2.77185839694869));
#12478=CARTESIAN_POINT('Ctrl Pts',(57.6006829681768,45.2968607146071,4.47064095940575));
#12479=CARTESIAN_POINT('Ctrl Pts',(57.5366807526811,45.2590518145741,2.77226697129538));
#12480=CARTESIAN_POINT('Ctrl Pts',(57.5403586151992,45.3615044931356,4.47147515852131));
#12481=CARTESIAN_POINT('Ctrl Pts',(57.4763563997036,45.3236955931026,2.77310117041093));
#12482=CARTESIAN_POINT('Ctrl Pts',(57.5036901975972,45.4419988121762,4.4710650358384));
#12483=CARTESIAN_POINT('Ctrl Pts',(57.4396879821016,45.4041899121432,2.77269104772803));
#12484=CARTESIAN_POINT('Ctrl Pts',(57.4849812509251,45.4830685943162,4.47085578319252));
#12485=CARTESIAN_POINT('Ctrl Pts',(57.4209790354295,45.4452596942832,2.77248179508215));
#12486=CARTESIAN_POINT('',(57.4295529239147,45.450324664146,3.));
#12487=CARTESIAN_POINT('Ctrl Pts',(57.57482381713,45.2324694090206,3.));
#12488=CARTESIAN_POINT('Ctrl Pts',(57.5638510804827,45.2442183297748,3.));
#12489=CARTESIAN_POINT('Ctrl Pts',(57.5531598806061,45.2556736935795,2.99999976143761));
#12490=CARTESIAN_POINT('Ctrl Pts',(57.5428623715569,45.2671669628064,2.99999935797336));
#12491=CARTESIAN_POINT('Ctrl Pts',(57.5331865035203,45.2779664052559,2.99999897886549));
#12492=CARTESIAN_POINT('Ctrl Pts',(57.5238541885829,45.2887966079114,2.99999866665743));
#12493=CARTESIAN_POINT('Ctrl Pts',(57.5149502588409,45.2999270524909,2.99999891441019));
#12494=CARTESIAN_POINT('Ctrl Pts',(57.5068587862793,45.3100418770148,2.99999913955624));
#12495=CARTESIAN_POINT('Ctrl Pts',(57.4991191162872,45.3204033298438,2.9999999308443));
#12496=CARTESIAN_POINT('Ctrl Pts',(57.4918265236082,45.3312348311193,2.99999999558344));
#12497=CARTESIAN_POINT('Ctrl Pts',(57.4913287774004,45.3319741208235,3.00000000000212));
#12498=CARTESIAN_POINT('Ctrl Pts',(57.4908331336286,45.3327156134767,3.));
#12499=CARTESIAN_POINT('Ctrl Pts',(57.4903395306879,45.3334593185421,3.));
#12500=CARTESIAN_POINT('Ctrl Pts',(57.4662059610384,45.3698210508453,3.));
#12501=CARTESIAN_POINT('Ctrl Pts',(57.4478794424766,45.4100728574956,3.));
#12502=CARTESIAN_POINT('Ctrl Pts',(57.4295529239147,45.4503246641459,3.));
#12503=CARTESIAN_POINT('',(57.4209790354295,45.4452596942832,2.77248179508215));
#12504=CARTESIAN_POINT('Ctrl Pts',(57.5662264362562,45.2273905611793,2.7718583969487));
#12505=CARTESIAN_POINT('Ctrl Pts',(57.5366807526811,45.2590518145741,2.77226697129538));
#12506=CARTESIAN_POINT('Ctrl Pts',(57.4763563997036,45.3236955931026,2.77310117041093));
#12507=CARTESIAN_POINT('Ctrl Pts',(57.4396879821015,45.4041899121432,2.77269104772803));
#12508=CARTESIAN_POINT('Ctrl Pts',(57.4209790354294,45.4452596942832,2.77248179508215));
#12509=CARTESIAN_POINT('',(57.4849812509251,45.4830685943162,4.47085578319252));
#12510=CARTESIAN_POINT('Origin',(57.4849812509251,45.4830685943162,4.47085578319252));
#12511=CARTESIAN_POINT('',(57.1496656903651,46.2563281432119,3.));
#12512=CARTESIAN_POINT('',(58.3516273787278,42.7949866227794,3.));
#12513=CARTESIAN_POINT('',(57.1408136313775,46.2510988459015,2.76510021396431));
#12514=CARTESIAN_POINT('',(57.4209790354294,45.4452596942832,2.77248179508215));
#12515=CARTESIAN_POINT('',(57.2048158468731,46.2889077459345,4.46347420207469));
#12516=CARTESIAN_POINT('Ctrl Pts',(57.0614242500124,46.6467852904122,4.46091082295375));
#12517=CARTESIAN_POINT('Ctrl Pts',(56.9974220345167,46.6089763903792,2.76253683484337));
#12518=CARTESIAN_POINT('Ctrl Pts',(57.0654266601243,46.6597953035865,4.46047036790247));
#12519=CARTESIAN_POINT('Ctrl Pts',(57.0014244446287,46.6219864035535,2.7620963797921));
#12520=CARTESIAN_POINT('Ctrl Pts',(57.0734923572275,46.6860132129557,4.45958275845421));
#12521=CARTESIAN_POINT('Ctrl Pts',(57.0094901417319,46.6482043129227,2.76120877034383));
#12522=CARTESIAN_POINT('Ctrl Pts',(57.091333108011,46.7068447420052,4.45844669255287));
#12523=CARTESIAN_POINT('Ctrl Pts',(57.0273308925154,46.6690358419722,2.76007270444249));
#12524=CARTESIAN_POINT('Ctrl Pts',(57.1003208110757,46.7173391208434,4.45787437230093));
#12525=CARTESIAN_POINT('Ctrl Pts',(57.0363185955801,46.6795302208104,2.75950038419055));
#12526=CARTESIAN_POINT('',(57.0063706929247,46.6142627531802,3.));
#12527=CARTESIAN_POINT('Ctrl Pts',(57.0063706929247,46.6142627531802,3.));
#12528=CARTESIAN_POINT('Ctrl Pts',(57.0091708313517,46.6233339693836,3.));
#12529=CARTESIAN_POINT('Ctrl Pts',(57.0119209901706,46.6322246593658,2.99999987518398));
#12530=CARTESIAN_POINT('Ctrl Pts',(57.0154464915642,46.6406944286055,2.99999991369807));
#12531=CARTESIAN_POINT('Ctrl Pts',(57.017054646185,46.6445579070214,2.99999993126625));
#12532=CARTESIAN_POINT('Ctrl Pts',(57.018823534792,46.6483341304317,2.9999999978955));
#12533=CARTESIAN_POINT('Ctrl Pts',(57.0208370370528,46.6519972260831,2.99999999995014));
#12534=CARTESIAN_POINT('Ctrl Pts',(57.0208859025254,46.6520861253625,3.));
#12535=CARTESIAN_POINT('Ctrl Pts',(57.0209349125357,46.6521749577555,3.));
#12536=CARTESIAN_POINT('Ctrl Pts',(57.0209840662572,46.6522637240085,3.));
#12537=CARTESIAN_POINT('Ctrl Pts',(57.0274980717563,46.6640273065693,3.));
#12538=CARTESIAN_POINT('Ctrl Pts',(57.0364398761987,46.6744557434437,3.));
#12539=CARTESIAN_POINT('Ctrl Pts',(57.0453816808283,46.6848841805364,3.));
#12540=CARTESIAN_POINT('',(56.9974220345167,46.6089763903792,2.76253683484337));
#12541=CARTESIAN_POINT('',(57.0614242500124,46.6467852904122,4.46091082295375));
#12542=CARTESIAN_POINT('Ctrl Pts',(56.9974220345167,46.6089763903792,2.76253683484337));
#12543=CARTESIAN_POINT('Ctrl Pts',(57.0014244446287,46.6219864035535,2.7620963797921));
#12544=CARTESIAN_POINT('Ctrl Pts',(57.0094901417319,46.6482043129227,2.76120877034383));
#12545=CARTESIAN_POINT('Ctrl Pts',(57.0273308925154,46.6690358419722,2.76007270444249));
#12546=CARTESIAN_POINT('Ctrl Pts',(57.0363185955801,46.6795302208104,2.75950038419055));
#12547=CARTESIAN_POINT('Origin',(56.7221730577332,45.5660153971851,4.49775521011768));
#12548=CARTESIAN_POINT('',(56.6657310417882,45.5326726367509,3.));
#12549=CARTESIAN_POINT('',(56.1078659322395,43.761353922751,3.));
#12550=CARTESIAN_POINT('',(56.6581708422376,45.5282064971521,2.79938122200731));
#12551=CARTESIAN_POINT('',(56.7221730577332,45.5660153971851,4.49775521011768));
#12552=CARTESIAN_POINT('',(56.6581708422376,45.5282064971521,2.79938122200731));
#12553=CARTESIAN_POINT('Ctrl Pts',(56.6384156734285,45.4228216382433,4.50409931144768));
#12554=CARTESIAN_POINT('Ctrl Pts',(56.5744134579329,45.3850127382103,2.8057253233373));
#12555=CARTESIAN_POINT('Ctrl Pts',(56.655015525147,45.4428919580121,4.50302695399673));
#12556=CARTESIAN_POINT('Ctrl Pts',(56.5910133096514,45.4050830579791,2.80465296588635));
#12557=CARTESIAN_POINT('Ctrl Pts',(56.6906772828093,45.4860093841156,4.50072318934921));
#12558=CARTESIAN_POINT('Ctrl Pts',(56.6266750673137,45.4482004840826,2.80234920123883));
#12559=CARTESIAN_POINT('Ctrl Pts',(56.7112021274324,45.5381468848163,4.49878904698507));
#12560=CARTESIAN_POINT('Ctrl Pts',(56.6471999119368,45.5003379847833,2.8004150588747));
#12561=CARTESIAN_POINT('Ctrl Pts',(56.7221730577332,45.5660153971851,4.49775521011768));
#12562=CARTESIAN_POINT('Ctrl Pts',(56.6581708422376,45.5282064971521,2.79938122200731));
#12563=CARTESIAN_POINT('',(56.581734583791,45.3893376465522,3.));
#12564=CARTESIAN_POINT('Ctrl Pts',(56.581734583791,45.3893376465522,3.));
#12565=CARTESIAN_POINT('Ctrl Pts',(56.5874761678369,45.396270980201,3.));
#12566=CARTESIAN_POINT('Ctrl Pts',(56.5929000739846,45.402829078794,3.00000011348452));
#12567=CARTESIAN_POINT('Ctrl Pts',(56.5980462224045,45.4092458794355,3.00000037175929));
#12568=CARTESIAN_POINT('Ctrl Pts',(56.6036629641149,45.4162494690852,3.00000065365219));
#12569=CARTESIAN_POINT('Ctrl Pts',(56.6089539566292,45.4230816796085,3.00000098274135));
#12570=CARTESIAN_POINT('Ctrl Pts',(56.6139916421817,45.4300344345586,3.00000089820927));
#12571=CARTESIAN_POINT('Ctrl Pts',(56.6180848929361,45.4356837290903,3.00000082952476));
#12572=CARTESIAN_POINT('Ctrl Pts',(56.6220125069698,45.4414116557213,3.00000044879167));
#12573=CARTESIAN_POINT('Ctrl Pts',(56.6257860164918,45.4473910952388,3.00000017612287));
#12574=CARTESIAN_POINT('Ctrl Pts',(56.6266566774696,45.4487707299335,3.00000011321006));
#12575=CARTESIAN_POINT('Ctrl Pts',(56.6275189529494,45.4501638624137,3.00000006048351));
#12576=CARTESIAN_POINT('Ctrl Pts',(56.6283726093487,45.4515728398077,3.00000003226626));
#12577=CARTESIAN_POINT('Ctrl Pts',(56.6293561176772,45.4531961404736,2.99999999975681));
#12578=CARTESIAN_POINT('Ctrl Pts',(56.6303281763469,45.4548404784668,3.));
#12579=CARTESIAN_POINT('Ctrl Pts',(56.6312906764183,45.4565081034422,3.));
#12580=CARTESIAN_POINT('Ctrl Pts',(56.6451329780266,45.480491237122,3.));
#12581=CARTESIAN_POINT('Ctrl Pts',(56.6554320099074,45.5065819369365,3.));
#12582=CARTESIAN_POINT('Ctrl Pts',(56.6657310417882,45.5326726367509,3.));
#12583=CARTESIAN_POINT('',(56.5744134579329,45.3850127382103,2.8057253233373));
#12584=CARTESIAN_POINT('',(56.6384156734285,45.4228216382433,4.50409931144768));
#12585=CARTESIAN_POINT('Ctrl Pts',(56.5744134579329,45.3850127382103,2.8057253233373));
#12586=CARTESIAN_POINT('Ctrl Pts',(56.5910133096514,45.4050830579791,2.80465296588635));
#12587=CARTESIAN_POINT('Ctrl Pts',(56.6266750673137,45.4482004840826,2.80234920123883));
#12588=CARTESIAN_POINT('Ctrl Pts',(56.6471999119368,45.5003379847833,2.8004150588747));
#12589=CARTESIAN_POINT('Ctrl Pts',(56.6581708422376,45.5282064971521,2.79938122200731));
#12590=CARTESIAN_POINT('Ctrl Pts',(56.392210917548,45.3152717347016,4.51577164836067));
#12591=CARTESIAN_POINT('Ctrl Pts',(56.3282087020523,45.2774628346686,2.81739766025029));
#12592=CARTESIAN_POINT('Ctrl Pts',(56.438928781665,45.3202696858613,4.51389984988475));
#12593=CARTESIAN_POINT('Ctrl Pts',(56.3749265661694,45.2824607858283,2.81552586177438));
#12594=CARTESIAN_POINT('Ctrl Pts',(56.5323049030174,45.330259211342,4.51015864114292));
#12595=CARTESIAN_POINT('Ctrl Pts',(56.4683026875217,45.2924503113091,2.81178465303255));
#12596=CARTESIAN_POINT('Ctrl Pts',(56.60306047229,45.3919806292836,4.50611822827686));
#12597=CARTESIAN_POINT('Ctrl Pts',(56.5390582567944,45.3541717292506,2.80774424016648));
#12598=CARTESIAN_POINT('Ctrl Pts',(56.6384156734285,45.4228216382433,4.50409931144768));
#12599=CARTESIAN_POINT('Ctrl Pts',(56.5744134579329,45.3850127382103,2.8057253233373));
#12600=CARTESIAN_POINT('',(56.3350899628232,45.2815278955196,3.));
#12601=CARTESIAN_POINT('Ctrl Pts',(56.3350899628232,45.2815278955196,3.));
#12602=CARTESIAN_POINT('Ctrl Pts',(56.3818464458969,45.2865640783372,3.));
#12603=CARTESIAN_POINT('Ctrl Pts',(56.4286029289706,45.2916002611547,3.));
#12604=CARTESIAN_POINT('Ctrl Pts',(56.4697114489781,45.3095611138463,3.));
#12605=CARTESIAN_POINT('Ctrl Pts',(56.4697395120383,45.3095733749662,3.));
#12606=CARTESIAN_POINT('Ctrl Pts',(56.4697675724403,45.3095856420978,3.));
#12607=CARTESIAN_POINT('Ctrl Pts',(56.4697956301824,45.3095979152453,2.99999999999995));
#12608=CARTESIAN_POINT('Ctrl Pts',(56.4965944096563,45.3213203614694,2.99999999995478));
#12609=CARTESIAN_POINT('Ctrl Pts',(56.5209689887064,45.3385255365593,2.99999998794142));
#12610=CARTESIAN_POINT('Ctrl Pts',(56.544529436363,45.3576558258799,2.99999999454432));
#12611=CARTESIAN_POINT('Ctrl Pts',(56.5570817225685,45.3678478591656,2.99999999806215));
#12612=CARTESIAN_POINT('Ctrl Pts',(56.5694024041227,45.3785875099421,3.));
#12613=CARTESIAN_POINT('Ctrl Pts',(56.581734583791,45.3893376465522,3.));
#12614=CARTESIAN_POINT('',(56.3282087020523,45.2774628346686,2.81739766025029));
#12615=CARTESIAN_POINT('',(56.392210917548,45.3152717347016,4.51577164836067));
#12616=CARTESIAN_POINT('Ctrl Pts',(56.3282087020523,45.2774628346686,2.81739766025029));
#12617=CARTESIAN_POINT('Ctrl Pts',(56.3749265661694,45.2824607858283,2.81552586177438));
#12618=CARTESIAN_POINT('Ctrl Pts',(56.4683026875217,45.292450311309,2.81178465303255));
#12619=CARTESIAN_POINT('Ctrl Pts',(56.5390582567943,45.3541717292506,2.80774424016648));
#12620=CARTESIAN_POINT('Ctrl Pts',(56.5744134579329,45.3850127382103,2.8057253233373));
#12621=CARTESIAN_POINT('Origin',(56.0365048979445,45.3101233218763,4.52929083159495));
#12622=CARTESIAN_POINT('',(55.9788744808252,45.2760785210386,3.));
#12623=CARTESIAN_POINT('',(58.1012896002926,45.3085471681769,3.));
#12624=CARTESIAN_POINT('',(55.9725026824488,45.2723144218433,2.83091684348457));
#12625=CARTESIAN_POINT('',(56.0365048979445,45.3101233218763,4.52929083159495));
#12626=CARTESIAN_POINT('',(55.9725026824488,45.2723144218433,2.83091684348457));
#12627=CARTESIAN_POINT('Origin',(56.0402362887351,45.066209240792,4.53458018829363));
#12628=CARTESIAN_POINT('',(55.9824065453488,45.032046689235,3.));
#12629=CARTESIAN_POINT('',(56.0156789851465,42.7332397511696,3.));
#12630=CARTESIAN_POINT('',(55.9762340732395,45.028400340759,2.83620620018325));
#12631=CARTESIAN_POINT('',(56.0402362887351,45.066209240792,4.53458018829363));
#12632=CARTESIAN_POINT('',(55.9762340732395,45.028400340759,2.83620620018325));
#12633=CARTESIAN_POINT('Origin',(56.3959423083386,45.0713576536173,4.52106100505935));
#12634=CARTESIAN_POINT('',(56.3386220273468,45.0374960637161,3.));
#12635=CARTESIAN_POINT('',(58.2828735132612,45.0672391685711,3.));
#12636=CARTESIAN_POINT('',(56.331940092843,45.0335487535844,2.82268701694897));
#12637=CARTESIAN_POINT('',(56.3959423083386,45.0713576536173,4.52106100505935));
#12638=CARTESIAN_POINT('',(56.331940092843,45.0335487535843,2.82268701694897));
#12639=CARTESIAN_POINT('Ctrl Pts',(56.8129038616398,45.2533696770648,4.50129613711972));
#12640=CARTESIAN_POINT('Ctrl Pts',(56.7489016461442,45.2155607770318,2.80292214900934));
#12641=CARTESIAN_POINT('Ctrl Pts',(56.7528090643918,45.2011732175427,4.50472276218847));
#12642=CARTESIAN_POINT('Ctrl Pts',(56.6888068488962,45.1633643175097,2.8063487740781));
#12643=CARTESIAN_POINT('Ctrl Pts',(56.632823662673,45.0969576539524,4.51156436918678));
#12644=CARTESIAN_POINT('Ctrl Pts',(56.5688214471774,45.0591487539194,2.81319038107641));
#12645=CARTESIAN_POINT('Ctrl Pts',(56.474813124961,45.0798813001392,4.51789905325213));
#12646=CARTESIAN_POINT('Ctrl Pts',(56.4108109094654,45.0420724001062,2.81952506514175));
#12647=CARTESIAN_POINT('Ctrl Pts',(56.3959423083386,45.0713576536173,4.52106100505935));
#12648=CARTESIAN_POINT('Ctrl Pts',(56.331940092843,45.0335487535844,2.82268701694897));
#12649=CARTESIAN_POINT('',(56.7563284079627,45.2199480891427,3.));
#12650=CARTESIAN_POINT('Ctrl Pts',(56.7563284079627,45.2199480891427,3.));
#12651=CARTESIAN_POINT('Ctrl Pts',(56.696215471257,45.1677716837825,3.));
#12652=CARTESIAN_POINT('Ctrl Pts',(56.6361025345511,45.1155952784222,3.));
#12653=CARTESIAN_POINT('Ctrl Pts',(56.5665083373546,45.0851600672886,3.));
#12654=CARTESIAN_POINT('Ctrl Pts',(56.5663798396729,45.0851038721714,3.));
#12655=CARTESIAN_POINT('Ctrl Pts',(56.5662513105392,45.0850477515537,3.));
#12656=CARTESIAN_POINT('Ctrl Pts',(56.5661227498902,45.0849917055673,2.99999999999843));
#12657=CARTESIAN_POINT('Ctrl Pts',(56.5368092272015,45.0722124818566,2.99999999964081));
#12658=CARTESIAN_POINT('Ctrl Pts',(56.5058595819446,45.0633079422183,2.99999994914122));
#12659=CARTESIAN_POINT('Ctrl Pts',(56.4739265963377,45.0566254135857,2.99999995217446));
#12660=CARTESIAN_POINT('Ctrl Pts',(56.4324077764754,45.0479368836143,2.99999995611824));
#12661=CARTESIAN_POINT('Ctrl Pts',(56.3892227929765,45.0430134332836,2.9999999993271));
#12662=CARTESIAN_POINT('Ctrl Pts',(56.3457831922295,45.0382758196948,2.99999999996426));
#12663=CARTESIAN_POINT('Ctrl Pts',(56.3433968194269,45.0380155568926,2.99999999999926));
#12664=CARTESIAN_POINT('Ctrl Pts',(56.341009685282,45.0377558387315,3.));
#12665=CARTESIAN_POINT('Ctrl Pts',(56.3386220273468,45.0374960637161,3.));
#12666=CARTESIAN_POINT('',(56.7489016461442,45.2155607770318,2.80292214900934));
#12667=CARTESIAN_POINT('',(56.8129038616398,45.2533696770648,4.50129613711972));
#12668=CARTESIAN_POINT('Ctrl Pts',(56.7489016461442,45.2155607770318,2.80292214900934));
#12669=CARTESIAN_POINT('Ctrl Pts',(56.6888068488961,45.1633643175097,2.8063487740781));
#12670=CARTESIAN_POINT('Ctrl Pts',(56.5688214471774,45.0591487539194,2.81319038107641));
#12671=CARTESIAN_POINT('Ctrl Pts',(56.4108109094654,45.0420724001062,2.81952506514175));
#12672=CARTESIAN_POINT('Ctrl Pts',(56.331940092843,45.0335487535843,2.82268701694897));
#12673=CARTESIAN_POINT('Ctrl Pts',(56.9514225192969,45.4753459793882,4.49113454672644));
#12674=CARTESIAN_POINT('Ctrl Pts',(56.8874203038013,45.4375370793552,2.79276055861607));
#12675=CARTESIAN_POINT('Ctrl Pts',(56.9339781135649,45.4337530415097,4.49271786339521));
#12676=CARTESIAN_POINT('Ctrl Pts',(56.8699758980693,45.3959441414767,2.79434387528483));
#12677=CARTESIAN_POINT('Ctrl Pts',(56.8997880575012,45.352233217919,4.49582107519293));
#12678=CARTESIAN_POINT('Ctrl Pts',(56.8357858420055,45.314424317886,2.79744708708256));
#12679=CARTESIAN_POINT('Ctrl Pts',(56.8414679567748,45.2858721081265,4.49949615280501));
#12680=CARTESIAN_POINT('Ctrl Pts',(56.7774657412792,45.2480632080935,2.80112216469463));
#12681=CARTESIAN_POINT('Ctrl Pts',(56.8129038616398,45.2533696770648,4.50129613711972));
#12682=CARTESIAN_POINT('Ctrl Pts',(56.7489016461442,45.2155607770318,2.80292214900934));
#12683=CARTESIAN_POINT('',(56.8952299991213,45.4421506069863,3.));
#12684=CARTESIAN_POINT('Ctrl Pts',(56.8952299991213,45.4421506069863,3.));
#12685=CARTESIAN_POINT('Ctrl Pts',(56.8780770320467,45.4013574195424,3.));
#12686=CARTESIAN_POINT('Ctrl Pts',(56.860924064972,45.3605642320985,3.));
#12687=CARTESIAN_POINT('Ctrl Pts',(56.8378546773839,45.3234813587905,3.));
#12688=CARTESIAN_POINT('Ctrl Pts',(56.8373821034208,45.3227217200557,3.));
#12689=CARTESIAN_POINT('Ctrl Pts',(56.8369074196865,45.3219642376753,2.99999999999902));
#12690=CARTESIAN_POINT('Ctrl Pts',(56.8364305644887,45.3212089003349,3.00000000203851));
#12691=CARTESIAN_POINT('Ctrl Pts',(56.8295930925786,45.3103783633686,3.00000003128206));
#12692=CARTESIAN_POINT('Ctrl Pts',(56.8223131797678,45.2999863243721,3.00000038508238));
#12693=CARTESIAN_POINT('Ctrl Pts',(56.8146869553822,45.2898247874024,3.00000049326888));
#12694=CARTESIAN_POINT('Ctrl Pts',(56.801790920188,45.2726415087891,3.00000067621351));
#12695=CARTESIAN_POINT('Ctrl Pts',(56.7879012435323,45.2561194639808,3.00000023636255));
#12696=CARTESIAN_POINT('Ctrl Pts',(56.77332843189,45.2393498406074,3.00000007407078));
#12697=CARTESIAN_POINT('Ctrl Pts',(56.7677550443495,45.2329362800495,3.00000001200211));
#12698=CARTESIAN_POINT('Ctrl Pts',(56.7620813359378,45.2264867574455,3.));
#12699=CARTESIAN_POINT('Ctrl Pts',(56.7563284079627,45.2199480891427,3.));
#12700=CARTESIAN_POINT('',(56.8874203038013,45.4375370793552,2.79276055861607));
#12701=CARTESIAN_POINT('',(56.9514225192969,45.4753459793882,4.49113454672644));
#12702=CARTESIAN_POINT('Ctrl Pts',(56.8874203038012,45.4375370793552,2.79276055861607));
#12703=CARTESIAN_POINT('Ctrl Pts',(56.8699758980693,45.3959441414767,2.79434387528484));
#12704=CARTESIAN_POINT('Ctrl Pts',(56.8357858420055,45.314424317886,2.79744708708256));
#12705=CARTESIAN_POINT('Ctrl Pts',(56.7774657412792,45.2480632080935,2.80112216469463));
#12706=CARTESIAN_POINT('Ctrl Pts',(56.7489016461442,45.2155607770318,2.80292214900934));
#12707=CARTESIAN_POINT('Origin',(57.2048158468732,46.2889077459345,4.46347420207469));
#12708=CARTESIAN_POINT('',(56.4693791059395,44.0794556591381,3.));
#12709=CARTESIAN_POINT('',(57.1408136313775,46.2510988459015,2.76510021396431));
#12710=CARTESIAN_POINT('Origin',(60.2148172249117,44.8199750240116,2.68111763774167));
#12711=CARTESIAN_POINT('Origin',(55.9097338051247,47.0640591792719,4.49502231647241));
#12712=CARTESIAN_POINT('',(55.8533947766542,47.0307772580306,3.));
#12713=CARTESIAN_POINT('',(55.8569268411778,46.7867454262271,3.));
#12714=CARTESIAN_POINT('',(55.9011485123239,43.731451463363,3.));
#12715=CARTESIAN_POINT('',(55.8457315896291,47.0262502792389,2.79664832836203));
#12716=CARTESIAN_POINT('',(55.9097338051247,47.0640591792719,4.49502231647241));
#12717=CARTESIAN_POINT('',(55.8494629804197,46.7823361981547,2.80193768506071));
#12718=CARTESIAN_POINT('',(55.8457315896291,47.0262502792389,2.79664832836203));
#12719=CARTESIAN_POINT('',(55.9134651959154,46.8201450981877,4.50031167317108));
#12720=CARTESIAN_POINT('Origin',(55.9134651959154,46.8201450981877,4.50031167317108));
#12721=CARTESIAN_POINT('',(54.376031271787,46.764090727224,3.));
#12722=CARTESIAN_POINT('',(58.0281983109122,46.8199614764453,3.));
#12723=CARTESIAN_POINT('',(54.3706854003945,46.7609326878421,2.85814102142648));
#12724=CARTESIAN_POINT('',(55.8494629804197,46.7823361981547,2.80193768506071));
#12725=CARTESIAN_POINT('',(54.4346876158902,46.7987415878751,4.55651500953685));
#12726=CARTESIAN_POINT('Origin',(54.4346876158902,46.7987415878751,4.55651500953685));
#12727=CARTESIAN_POINT('',(54.3724992072634,47.0081225590275,3.));
#12728=CARTESIAN_POINT('',(54.4220004820593,43.5880585470148,3.));
#12729=CARTESIAN_POINT('',(54.3669540096039,47.0048467689263,2.8528516647278));
#12730=CARTESIAN_POINT('',(54.3706854003945,46.7609326878421,2.85814102142648));
#12731=CARTESIAN_POINT('',(54.4309562250995,47.0426556689593,4.55122565283818));
#12732=CARTESIAN_POINT('Origin',(54.4309562250995,47.0426556689593,4.55122565283818));
#12733=CARTESIAN_POINT('',(57.2850856961294,47.0526792256754,3.));
#12734=CARTESIAN_POINT('',(54.3669540096039,47.0048467689263,2.8528516647278));
#12735=CARTESIAN_POINT('Origin',(60.2148172249117,44.8199750240116,2.68111763774166));
#12736=CARTESIAN_POINT('Origin',(55.4846956541728,45.0581684645038,4.55569440964166));
#12737=CARTESIAN_POINT('',(55.4260702338895,45.0235358719019,3.));
#12738=CARTESIAN_POINT('',(55.1819226310964,45.0198009087026,3.));
#12739=CARTESIAN_POINT('',(57.8272559295036,45.0602691435174,3.));
#12740=CARTESIAN_POINT('',(55.4206934386772,45.0203595644708,2.85732042153128));
#12741=CARTESIAN_POINT('',(55.4846956541728,45.0581684645038,4.55569440964166));
#12742=CARTESIAN_POINT('',(55.1768950178501,45.0168308782878,2.86658637527326));
#12743=CARTESIAN_POINT('',(55.4206934386772,45.0203595644708,2.85732042153128));
#12744=CARTESIAN_POINT('',(55.2408972333457,45.0546397783208,4.56496036338364));
#12745=CARTESIAN_POINT('Origin',(55.2408972333457,45.0546397783208,4.56496036338364));
#12746=CARTESIAN_POINT('',(55.1576613959872,46.6960199035894,3.));
#12747=CARTESIAN_POINT('',(55.2151855238482,42.7216535800743,3.));
#12748=CARTESIAN_POINT('',(55.1512646397373,46.6922410606897,2.83025455698739));
#12749=CARTESIAN_POINT('',(55.1768950178501,45.0168308782878,2.86658637527326));
#12750=CARTESIAN_POINT('',(55.2152668552329,46.7300499607227,4.52862854509776));
#12751=CARTESIAN_POINT('Origin',(55.2152668552329,46.7300499607227,4.52862854509776));
#12752=CARTESIAN_POINT('',(55.8580848955089,46.7067349626957,3.));
#12753=CARTESIAN_POINT('',(57.6797158276154,46.734602221748,3.));
#12754=CARTESIAN_POINT('',(55.8506863876473,46.7023643414295,2.80367190095425));
#12755=CARTESIAN_POINT('',(55.1512646397373,46.6922410606897,2.83025455698739));
#12756=CARTESIAN_POINT('',(55.9146886031429,46.7401732414625,4.50204588906463));
#12757=CARTESIAN_POINT('Origin',(55.9146886031429,46.7401732414625,4.50204588906463));
#12758=CARTESIAN_POINT('',(55.8615880081888,46.4647034260125,3.));
#12759=CARTESIAN_POINT('',(55.9034924681637,43.5695065630303,3.));
#12760=CARTESIAN_POINT('',(55.8543871927446,46.4604495902791,2.80891790152879));
#12761=CARTESIAN_POINT('',(55.8506863876473,46.7023643414295,2.80367190095425));
#12762=CARTESIAN_POINT('',(55.9183894082402,46.4982584903121,4.50729188963916));
#12763=CARTESIAN_POINT('Origin',(55.4627660811573,46.4916638957554,4.52460859193032));
#12764=CARTESIAN_POINT('',(55.4053121114602,46.4577233301054,3.));
#12765=CARTESIAN_POINT('',(55.4489618616737,43.4419436263719,3.));
#12766=CARTESIAN_POINT('',(55.3987638656616,46.4538549957224,2.82623460381994));
#12767=CARTESIAN_POINT('',(55.4627660811573,46.4916638957554,4.52460859193032));
#12768=CARTESIAN_POINT('',(55.3987638656616,46.4538549957224,2.82623460381994));
#12769=CARTESIAN_POINT('Origin',(55.9183894082402,46.4982584903121,4.50729188963916));
#12770=CARTESIAN_POINT('',(58.0331248383229,46.4979235357067,3.));
#12771=CARTESIAN_POINT('',(55.8543871927446,46.4604495902791,2.80891790152879));
#12772=CARTESIAN_POINT('Origin',(60.2148172249117,44.8199750240116,2.68111763774166));
#12773=CARTESIAN_POINT('Origin',(120.740196045293,70.9617704548093,0.));
#12774=CARTESIAN_POINT('',(115.740196045293,70.9617704548093,0.));
#12775=CARTESIAN_POINT('',(115.740196045293,70.9617704548093,0.));
#12776=CARTESIAN_POINT('',(4.7401960452929,70.9617704548093,0.));
#12777=CARTESIAN_POINT('',(-0.259803954707096,70.9617704548093,0.));
#12778=CARTESIAN_POINT('',(4.7401960452929,70.9617704548093,0.));
#12779=CARTESIAN_POINT('Origin',(4.7401960452929,65.9617704548093,0.));
#12780=CARTESIAN_POINT('',(-0.259803954707096,65.9617704548093,0.));
#12781=CARTESIAN_POINT('Origin',(4.7401960452929,65.9617704548093,0.));
#12782=CARTESIAN_POINT('',(-0.259803954707096,65.9617704548093,0.));
#12783=CARTESIAN_POINT('Origin',(-0.259803954707096,70.9617704548093,0.));
#12784=CARTESIAN_POINT('',(-0.259803954707096,14.9617704548093,0.));
#12785=CARTESIAN_POINT('',(-0.259803954707096,9.9617704548093,0.));
#12786=CARTESIAN_POINT('',(-0.259803954707096,14.9617704548093,0.));
#12787=CARTESIAN_POINT('Origin',(60.2401960452929,40.4617704548093,0.));
#12788=CARTESIAN_POINT('',(120.740196045293,65.9617704548093,0.));
#12789=CARTESIAN_POINT('Origin',(115.740196045293,65.9617704548093,0.));
#12790=CARTESIAN_POINT('',(120.740196045293,14.9617704548093,0.));
#12791=CARTESIAN_POINT('',(120.740196045293,70.9617704548093,0.));
#12792=CARTESIAN_POINT('',(115.740196045293,9.9617704548093,0.));
#12793=CARTESIAN_POINT('Origin',(115.740196045293,14.9617704548093,0.));
#12794=CARTESIAN_POINT('',(4.74019604529291,9.9617704548093,0.));
#12795=CARTESIAN_POINT('',(120.740196045293,9.9617704548093,0.));
#12796=CARTESIAN_POINT('Origin',(4.7401960452929,14.9617704548093,0.));
#12797=CARTESIAN_POINT('',(112.740196045293,65.9617704548093,0.));
#12798=CARTESIAN_POINT('Origin',(115.740196045293,65.9617704548093,0.));
#12799=CARTESIAN_POINT('',(1.7401960452929,14.9617704548093,0.));
#12800=CARTESIAN_POINT('Origin',(4.7401960452929,14.9617704548093,0.));
#12801=CARTESIAN_POINT('',(1.7401960452929,65.9617704548093,0.));
#12802=CARTESIAN_POINT('Origin',(4.7401960452929,65.9617704548093,0.));
#12803=CARTESIAN_POINT('',(112.740196045293,14.9617704548093,0.));
#12804=CARTESIAN_POINT('Origin',(115.740196045293,14.9617704548093,0.));
#12805=CARTESIAN_POINT('Origin',(4.7401960452929,14.9617704548093,0.));
#12806=CARTESIAN_POINT('',(4.7401960452929,9.9617704548093,0.));
#12807=CARTESIAN_POINT('Origin',(-0.259803954707092,9.9617704548093,0.));
#12808=CARTESIAN_POINT('',(115.740196045293,9.9617704548093,0.));
#12809=CARTESIAN_POINT('Origin',(115.740196045293,65.9617704548093,0.));
#12810=CARTESIAN_POINT('',(120.740196045293,65.9617704548093,0.));
#12811=CARTESIAN_POINT('Origin',(115.740196045293,14.9617704548093,0.));
#12812=CARTESIAN_POINT('',(120.740196045293,14.9617704548093,0.));
#12813=CARTESIAN_POINT('Origin',(60.2401960452929,40.4617704548093,3.));
#12814=CARTESIAN_POINT('',(110.740196045293,14.9617704548093,3.));
#12815=CARTESIAN_POINT('',(9.74019604529291,14.9617704548093,3.));
#12816=CARTESIAN_POINT('',(85.4901960452929,14.9617704548093,3.));
#12817=CARTESIAN_POINT('',(110.740196045293,53.2117704548093,3.));
#12818=CARTESIAN_POINT('',(9.7401960452929,27.7117704548093,3.));
#12819=CARTESIAN_POINT('Origin',(110.740196045293,65.9617704548093,0.));
#12820=CARTESIAN_POINT('',(110.740196045293,14.9617704548093,0.));
#12821=CARTESIAN_POINT('Origin',(4.7401960452929,65.9617704548093,0.));
#12822=CARTESIAN_POINT('',(1.7401960452929,65.9617704548093,3.1));
#12823=CARTESIAN_POINT('Origin',(4.7401960452929,65.9617704548093,3.1));
#12824=CARTESIAN_POINT('',(1.7401960452929,65.9617704548093,0.));
#12825=CARTESIAN_POINT('Origin',(4.7401960452929,14.9617704548093,0.));
#12826=CARTESIAN_POINT('',(1.7401960452929,14.9617704548093,3.1));
#12827=CARTESIAN_POINT('Origin',(4.7401960452929,14.9617704548093,3.1));
#12828=CARTESIAN_POINT('',(1.7401960452929,14.9617704548093,0.));
#12829=CARTESIAN_POINT('Origin',(115.740196045293,65.9617704548093,0.));
#12830=CARTESIAN_POINT('',(112.740196045293,65.9617704548093,3.1));
#12831=CARTESIAN_POINT('Origin',(115.740196045293,65.9617704548093,3.1));
#12832=CARTESIAN_POINT('',(112.740196045293,65.9617704548093,0.));
#12833=CARTESIAN_POINT('Origin',(115.740196045293,14.9617704548093,0.));
#12834=CARTESIAN_POINT('',(112.740196045293,14.9617704548093,3.1));
#12835=CARTESIAN_POINT('Origin',(115.740196045293,14.9617704548093,3.1));
#12836=CARTESIAN_POINT('',(112.740196045293,14.9617704548093,0.));
#12837=CARTESIAN_POINT('Origin',(9.7401960452929,14.9617704548093,0.));
#12838=CARTESIAN_POINT('',(9.7401960452929,14.9617704548093,0.));
#12839=CARTESIAN_POINT('Origin',(110.740196045293,14.9617704548093,0.));
#12840=CARTESIAN_POINT('Origin',(120.740196045293,9.9617704548093,0.));
#12841=CARTESIAN_POINT('Origin',(115.740196045293,14.9617704548093,3.1));
#12842=CARTESIAN_POINT('',(114.040196045293,14.9617704548093,3.1));
#12843=CARTESIAN_POINT('',(114.040196045293,14.9617704548093,3.1));
#12844=CARTESIAN_POINT('Origin',(115.740196045293,14.9617704548093,3.1));
#12845=CARTESIAN_POINT('Origin',(115.740196045293,14.9617704548093,3.1));
#12846=CARTESIAN_POINT('Origin',(115.740196045293,65.9617704548093,3.1));
#12847=CARTESIAN_POINT('',(114.040196045293,65.9617704548093,3.1));
#12848=CARTESIAN_POINT('',(114.040196045293,65.9617704548093,3.1));
#12849=CARTESIAN_POINT('Origin',(115.740196045293,65.9617704548093,3.1));
#12850=CARTESIAN_POINT('Origin',(115.740196045293,65.9617704548093,3.1));
#12851=CARTESIAN_POINT('Origin',(4.7401960452929,14.9617704548093,3.1));
#12852=CARTESIAN_POINT('',(3.0401960452929,14.9617704548093,3.1));
#12853=CARTESIAN_POINT('',(3.0401960452929,14.9617704548093,3.1));
#12854=CARTESIAN_POINT('Origin',(4.7401960452929,14.9617704548093,3.1));
#12855=CARTESIAN_POINT('Origin',(4.7401960452929,14.9617704548093,3.1));
#12856=CARTESIAN_POINT('Origin',(4.7401960452929,65.9617704548093,3.1));
#12857=CARTESIAN_POINT('',(3.0401960452929,65.9617704548093,3.1));
#12858=CARTESIAN_POINT('',(3.0401960452929,65.9617704548093,3.1));
#12859=CARTESIAN_POINT('Origin',(4.7401960452929,65.9617704548093,3.1));
#12860=CARTESIAN_POINT('Origin',(4.7401960452929,65.9617704548093,3.1));
#12861=CARTESIAN_POINT('',(0.,0.,0.));
#12862=UNCERTAINTY_MEASURE_WITH_UNIT(LENGTH_MEASURE(0.01),#12868,
'DISTANCE_ACCURACY_VALUE',
'Maximum model space distance between geometric entities at asserted c
onnectivities');
#12863=UNCERTAINTY_MEASURE_WITH_UNIT(LENGTH_MEASURE(0.01),#12868,
'DISTANCE_ACCURACY_VALUE',
'Maximum model space distance between geometric entities at asserted c
onnectivities');
#12864=UNCERTAINTY_MEASURE_WITH_UNIT(LENGTH_MEASURE(0.01),#12868,
'DISTANCE_ACCURACY_VALUE',
'Maximum model space distance between geometric entities at asserted c
onnectivities');
#12865=(
GEOMETRIC_REPRESENTATION_CONTEXT(3)
GLOBAL_UNCERTAINTY_ASSIGNED_CONTEXT((#12862))
GLOBAL_UNIT_ASSIGNED_CONTEXT((#12868,#12869,#12870))
REPRESENTATION_CONTEXT('','3D')
);
#12866=(
GEOMETRIC_REPRESENTATION_CONTEXT(3)
GLOBAL_UNCERTAINTY_ASSIGNED_CONTEXT((#12863))
GLOBAL_UNIT_ASSIGNED_CONTEXT((#12868,#12869,#12870))
REPRESENTATION_CONTEXT('','3D')
);
#12867=(
GEOMETRIC_REPRESENTATION_CONTEXT(3)
GLOBAL_UNCERTAINTY_ASSIGNED_CONTEXT((#12864))
GLOBAL_UNIT_ASSIGNED_CONTEXT((#12868,#12869,#12870))
REPRESENTATION_CONTEXT('','3D')
);
#12868=(
LENGTH_UNIT()
NAMED_UNIT(*)
SI_UNIT(.MILLI.,.METRE.)
);
#12869=(
NAMED_UNIT(*)
PLANE_ANGLE_UNIT()
SI_UNIT($,.RADIAN.)
);
#12870=(
NAMED_UNIT(*)
SI_UNIT($,.STERADIAN.)
SOLID_ANGLE_UNIT()
);
#12871=SHAPE_DEFINITION_REPRESENTATION(#12873,#12876);
#12872=SHAPE_DEFINITION_REPRESENTATION(#12874,#12877);
#12873=PRODUCT_DEFINITION_SHAPE('',$,#12879);
#12874=PRODUCT_DEFINITION_SHAPE('',$,#12880);
#12875=PRODUCT_DEFINITION_SHAPE($,$,#14);
#12876=SHAPE_REPRESENTATION('',(#6264,#6488),#12865);
#12877=SHAPE_REPRESENTATION('',(#6265),#12866);
#12878=PRODUCT_DEFINITION_CONTEXT('part definition',#12886,'design');
#12879=PRODUCT_DEFINITION('Tamaki','Tamaki v32',#12881,#12878);
#12880=PRODUCT_DEFINITION('Tamaki_1','Tamaki',#12882,#12878);
#12881=PRODUCT_DEFINITION_FORMATION('',$,#12888);
#12882=PRODUCT_DEFINITION_FORMATION('',$,#12889);
#12883=PRODUCT_RELATED_PRODUCT_CATEGORY('Tamaki v32','Tamaki v32',(#12888));
#12884=PRODUCT_RELATED_PRODUCT_CATEGORY('Tamaki','Tamaki',(#12889));
#12885=APPLICATION_PROTOCOL_DEFINITION('international standard',
'automotive_design',2009,#12886);
#12886=APPLICATION_CONTEXT(
'Core Data for Automotive Mechanical Design Process');
#12887=PRODUCT_CONTEXT('part definition',#12886,'mechanical');
#12888=PRODUCT('Tamaki','Tamaki v32',$,(#12887));
#12889=PRODUCT('Tamaki_1','Tamaki',$,(#12887));
#12890=PRESENTATION_STYLE_ASSIGNMENT((#12900));
#12891=PRESENTATION_STYLE_ASSIGNMENT((#12901));
#12892=PRESENTATION_STYLE_ASSIGNMENT((#12902));
#12893=PRESENTATION_STYLE_ASSIGNMENT((#12903));
#12894=PRESENTATION_STYLE_ASSIGNMENT((#12904));
#12895=PRESENTATION_STYLE_ASSIGNMENT((#12905));
#12896=PRESENTATION_STYLE_ASSIGNMENT((#12906));
#12897=PRESENTATION_STYLE_ASSIGNMENT((#12907));
#12898=PRESENTATION_STYLE_ASSIGNMENT((#12908));
#12899=PRESENTATION_STYLE_ASSIGNMENT((#12909));
#12900=SURFACE_STYLE_USAGE(.BOTH.,#12910);
#12901=SURFACE_STYLE_USAGE(.BOTH.,#12911);
#12902=SURFACE_STYLE_USAGE(.BOTH.,#12912);
#12903=SURFACE_STYLE_USAGE(.BOTH.,#12913);
#12904=SURFACE_STYLE_USAGE(.BOTH.,#12914);
#12905=SURFACE_STYLE_USAGE(.BOTH.,#12915);
#12906=SURFACE_STYLE_USAGE(.BOTH.,#12916);
#12907=SURFACE_STYLE_USAGE(.BOTH.,#12917);
#12908=SURFACE_STYLE_USAGE(.BOTH.,#12918);
#12909=SURFACE_STYLE_USAGE(.BOTH.,#12919);
#12910=SURFACE_SIDE_STYLE('',(#12920));
#12911=SURFACE_SIDE_STYLE('',(#12921));
#12912=SURFACE_SIDE_STYLE('',(#12922));
#12913=SURFACE_SIDE_STYLE('',(#12923));
#12914=SURFACE_SIDE_STYLE('',(#12924));
#12915=SURFACE_SIDE_STYLE('',(#12925));
#12916=SURFACE_SIDE_STYLE('',(#12926));
#12917=SURFACE_SIDE_STYLE('',(#12927));
#12918=SURFACE_SIDE_STYLE('',(#12928));
#12919=SURFACE_SIDE_STYLE('',(#12929));
#12920=SURFACE_STYLE_FILL_AREA(#12930);
#12921=SURFACE_STYLE_FILL_AREA(#12931);
#12922=SURFACE_STYLE_FILL_AREA(#12932);
#12923=SURFACE_STYLE_FILL_AREA(#12933);
#12924=SURFACE_STYLE_FILL_AREA(#12934);
#12925=SURFACE_STYLE_FILL_AREA(#12935);
#12926=SURFACE_STYLE_FILL_AREA(#12936);
#12927=SURFACE_STYLE_FILL_AREA(#12937);
#12928=SURFACE_STYLE_FILL_AREA(#12938);
#12929=SURFACE_STYLE_FILL_AREA(#12939);
#12930=FILL_AREA_STYLE('Opaque(245,245,246)',(#12940));
#12931=FILL_AREA_STYLE('Acetal Resin (White)',(#12941));
#12932=FILL_AREA_STYLE('Glass - Heavy Color (Blue)',(#12942));
#12933=FILL_AREA_STYLE('Plastic - Matte (White)',(#12943));
#12934=FILL_AREA_STYLE('ABS Pink',(#12944));
#12935=FILL_AREA_STYLE('ABS (White)',(#12945));
#12936=FILL_AREA_STYLE(
'PA 12 - PA 2200 - 120\X\B5m - Balance (with EOS 3D printers)',(#12946));
#12937=FILL_AREA_STYLE('Plastic - Glossy (Black)',(#12947));
#12938=FILL_AREA_STYLE('Acrylic (Clear)',(#12948));
#12939=FILL_AREA_STYLE('Paint - Enamel Glossy (White)',(#12949));
#12940=FILL_AREA_STYLE_COLOUR('Opaque(245,245,246)',#12950);
#12941=FILL_AREA_STYLE_COLOUR('Acetal Resin (White)',#12951);
#12942=FILL_AREA_STYLE_COLOUR('Glass - Heavy Color (Blue)',#12952);
#12943=FILL_AREA_STYLE_COLOUR('Plastic - Matte (White)',#12953);
#12944=FILL_AREA_STYLE_COLOUR('ABS Pink',#12954);
#12945=FILL_AREA_STYLE_COLOUR('ABS (White)',#12955);
#12946=FILL_AREA_STYLE_COLOUR(
'PA 12 - PA 2200 - 120\X\B5m - Balance (with EOS 3D printers)',#12956);
#12947=FILL_AREA_STYLE_COLOUR('Plastic - Glossy (Black)',#12957);
#12948=FILL_AREA_STYLE_COLOUR('Acrylic (Clear)',#12958);
#12949=FILL_AREA_STYLE_COLOUR('Paint - Enamel Glossy (White)',#12959);
#12950=COLOUR_RGB('Opaque(245,245,246)',0.96078431372549,0.96078431372549,
0.964705882352941);
#12951=COLOUR_RGB('Acetal Resin (White)',0.972549019607843,0.968627450980392,
0.929411764705882);
#12952=COLOUR_RGB('Glass - Heavy Color (Blue)',0.423529411764706,0.768627450980392,
0.854901960784314);
#12953=COLOUR_RGB('Plastic - Matte (White)',0.964705882352941,0.964705882352941,
0.952941176470588);
#12954=COLOUR_RGB('ABS Pink',1.,0.686274509803922,0.8);
#12955=COLOUR_RGB('ABS (White)',0.964705882352941,0.964705882352941,0.952941176470588);
#12956=COLOUR_RGB(
'PA 12 - PA 2200 - 120\X\B5m - Balance (with EOS 3D printers)',0.964705882352941,
0.964705882352941,0.952941176470588);
#12957=COLOUR_RGB('Plastic - Glossy (Black)',0.0980392156862745,0.0980392156862745,
0.0980392156862745);
#12958=COLOUR_RGB('Acrylic (Clear)',0.964705882352941,0.964705882352941,
0.952941176470588);
#12959=COLOUR_RGB('Paint - Enamel Glossy (White)',0.964705882352941,0.964705882352941,
0.952941176470588);
ENDSEC;
END-ISO-10303-21;
